{"type":"FeatureCollection","features":[{"type":"Feature","properties":{"id":"0000100000000C","name":"國道1號(基隆端到基隆)"},"geometry":{"type":"LineString","coordinates":[[121.73528,25.12235],[121.73271,25.11961]]}},{"type":"Feature","properties":{"id":"0000100000040C","name":"國道1號(基隆端到基隆)"},"geometry":{"type":"LineString","coordinates":[[121.73271,25.11961],[121.72996,25.11721]]}},{"type":"Feature","properties":{"id":"0000100000080C","name":"國道1號(基隆到八堵)"},"geometry":{"type":"LineString","coordinates":[[121.72996,25.11721],[121.72827,25.115]]}},{"type":"Feature","properties":{"id":"0000100000110C","name":"國道1號(基隆到八堵)"},"geometry":{"type":"LineString","coordinates":[[121.72827,25.115],[121.72726,25.11291]]}},{"type":"Feature","properties":{"id":"0000100000130C","name":"國道1號(基隆到八堵)"},"geometry":{"type":"LineString","coordinates":[[121.72726,25.11291],[121.72484,25.10697]]}},{"type":"Feature","properties":{"id":"0000100000200C","name":"國道1號(八堵到大華系統)"},"geometry":{"type":"LineString","coordinates":[[121.72484,25.10697],[121.72423,25.10575],[121.72335,25.10476],[121.72233,25.10408],[121.72066,25.10352]]}},{"type":"Feature","properties":{"id":"0000100000260C","name":"國道1號(八堵到大華系統)"},"geometry":{"type":"LineString","coordinates":[[121.72066,25.10352],[121.71675,25.10265]]}},{"type":"Feature","properties":{"id":"0000100000300C","name":"國道1號(八堵到大華系統)"},"geometry":{"type":"LineString","coordinates":[[121.71675,25.10265],[121.71056,25.10114],[121.70914,25.10039],[121.70776,25.09929]]}},{"type":"Feature","properties":{"id":"0000100000400C","name":"國道1號(大華系統到五堵)"},"geometry":{"type":"LineString","coordinates":[[121.70776,25.09929],[121.70658,25.09833],[121.70529,25.09766],[121.70397,25.09742],[121.70068,25.09763],[121.69939,25.09727],[121.6987,25.09688]]}},{"type":"Feature","properties":{"id":"0000100000500C","name":"國道1號(大華系統到五堵)"},"geometry":{"type":"LineString","coordinates":[[121.6987,25.09688],[121.69772,25.09587],[121.69683,25.09382]]}},{"type":"Feature","properties":{"id":"0000100000550C","name":"國道1號(大華系統到五堵)"},"geometry":{"type":"LineString","coordinates":[[121.69683,25.09382],[121.69543,25.09001],[121.69455,25.08889]]}},{"type":"Feature","properties":{"id":"0000100000600C","name":"國道1號(大華系統到五堵)"},"geometry":{"type":"LineString","coordinates":[[121.69455,25.08889],[121.69328,25.08819],[121.69017,25.08747]]}},{"type":"Feature","properties":{"id":"0000100000650C","name":"國道1號(大華系統到五堵)"},"geometry":{"type":"LineString","coordinates":[[121.69017,25.08747],[121.68752,25.08688]]}},{"type":"Feature","properties":{"id":"0000100000680C","name":"國道1號(大華系統到五堵)"},"geometry":{"type":"LineString","coordinates":[[121.68752,25.08688],[121.68512,25.08636]]}},{"type":"Feature","properties":{"id":"0000100000700C","name":"國道1號(五堵到汐止)"},"geometry":{"type":"LineString","coordinates":[[121.68512,25.08636],[121.68172,25.08594]]}},{"type":"Feature","properties":{"id":"0000100000740F","name":"國道1號(五堵到汐止)"},"geometry":{"type":"LineString","coordinates":[[121.68172,25.08594],[121.67713,25.08565]]}},{"type":"Feature","properties":{"id":"0000100000790C","name":"國道1號(五堵到汐止)"},"geometry":{"type":"LineString","coordinates":[[121.67713,25.08565],[121.67532,25.08523]]}},{"type":"Feature","properties":{"id":"0000100000800C","name":"國道1號(五堵到汐止)"},"geometry":{"type":"LineString","coordinates":[[121.67532,25.08523],[121.67218,25.08396]]}},{"type":"Feature","properties":{"id":"0000100000840F","name":"國道1號(五堵到汐止)"},"geometry":{"type":"LineString","coordinates":[[121.67218,25.08396],[121.6668,25.08073]]}},{"type":"Feature","properties":{"id":"0000100000900F","name":"國道1號(五堵到汐止)"},"geometry":{"type":"LineString","coordinates":[[121.6668,25.08073],[121.65986,25.07643]]}},{"type":"Feature","properties":{"id":"0000100000990F","name":"國道1號(五堵到汐止)"},"geometry":{"type":"LineString","coordinates":[[121.65986,25.07643],[121.65856,25.07577]]}},{"type":"Feature","properties":{"id":"0000100001000F","name":"國道1號(汐止到汐止系統)"},"geometry":{"type":"LineString","coordinates":[[121.65856,25.07577],[121.65602,25.07476],[121.65446,25.07435],[121.64907,25.07337]]}},{"type":"Feature","properties":{"id":"0000100001100F","name":"國道1號(汐止系統到高架汐止端)"},"geometry":{"type":"LineString","coordinates":[[121.64907,25.07337],[121.64402,25.07256]]}},{"type":"Feature","properties":{"id":"0000100001160F","name":"國道1號(汐止系統到高架汐止端)"},"geometry":{"type":"LineString","coordinates":[[121.64402,25.07256],[121.64078,25.07199]]}},{"type":"Feature","properties":{"id":"0000100001190F","name":"國道1號(汐止系統到高架汐止端)"},"geometry":{"type":"LineString","coordinates":[[121.64078,25.07199],[121.63938,25.07153]]}},{"type":"Feature","properties":{"id":"0000100001200F","name":"國道1號(汐止系統到高架汐止端)"},"geometry":{"type":"LineString","coordinates":[[121.63938,25.07153],[121.63797,25.07077],[121.63528,25.06884],[121.63354,25.06795]]}},{"type":"Feature","properties":{"id":"0000100001280F","name":"國道1號(汐止系統到高架汐止端)"},"geometry":{"type":"LineString","coordinates":[[121.63354,25.06795],[121.63086,25.06721]]}},{"type":"Feature","properties":{"id":"0000100001300F","name":"國道1號(高架汐止端到東湖)"},"geometry":{"type":"LineString","coordinates":[[121.63086,25.06721],[121.621,25.06638]]}},{"type":"Feature","properties":{"id":"0000100001400F","name":"國道1號(高架汐止端到東湖)"},"geometry":{"type":"LineString","coordinates":[[121.621,25.06638],[121.61794,25.06616]]}},{"type":"Feature","properties":{"id":"0000100001440A","name":"國道1號(高架汐止端到東湖)"},"geometry":{"type":"LineString","coordinates":[[121.61794,25.06616],[121.61122,25.06539]]}},{"type":"Feature","properties":{"id":"0000100001500A","name":"國道1號(東湖到內湖)"},"geometry":{"type":"LineString","coordinates":[[121.61122,25.06539],[121.60854,25.06506]]}},{"type":"Feature","properties":{"id":"0000100001530A","name":"國道1號(東湖到內湖)"},"geometry":{"type":"LineString","coordinates":[[121.60854,25.06506],[121.60129,25.06414]]}},{"type":"Feature","properties":{"id":"0000100001600A","name":"國道1號(東湖到內湖)"},"geometry":{"type":"LineString","coordinates":[[121.60129,25.06414],[121.60003,25.06398]]}},{"type":"Feature","properties":{"id":"0000100001620A","name":"國道1號(內湖到圓山)"},"geometry":{"type":"LineString","coordinates":[[121.60003,25.06398],[121.5968,25.06381],[121.59431,25.06404]]}},{"type":"Feature","properties":{"id":"0000100001680A","name":"國道1號(內湖到圓山)"},"geometry":{"type":"LineString","coordinates":[[121.59431,25.06404],[121.59151,25.06457]]}},{"type":"Feature","properties":{"id":"0000100001700A","name":"國道1號(內湖到圓山)"},"geometry":{"type":"LineString","coordinates":[[121.59151,25.06457],[121.58707,25.06626]]}},{"type":"Feature","properties":{"id":"0000100001760A","name":"國道1號(內湖到圓山)"},"geometry":{"type":"LineString","coordinates":[[121.58707,25.06626],[121.58301,25.06792]]}},{"type":"Feature","properties":{"id":"0000100001800A","name":"國道1號(內湖到圓山)"},"geometry":{"type":"LineString","coordinates":[[121.58301,25.06792],[121.57824,25.06965],[121.57359,25.0707]]}},{"type":"Feature","properties":{"id":"0000100001900A","name":"國道1號(內湖到圓山)"},"geometry":{"type":"LineString","coordinates":[[121.57359,25.0707],[121.56941,25.07114],[121.56333,25.07116]]}},{"type":"Feature","properties":{"id":"0000100002000A","name":"國道1號(內湖到圓山)"},"geometry":{"type":"LineString","coordinates":[[121.56333,25.07116],[121.56128,25.07146],[121.5567,25.07288],[121.55373,25.07308]]}},{"type":"Feature","properties":{"id":"0000100002100A","name":"國道1號(內湖到圓山)"},"geometry":{"type":"LineString","coordinates":[[121.55373,25.07308],[121.54384,25.07327]]}},{"type":"Feature","properties":{"id":"0000100002200A","name":"國道1號(內湖到圓山)"},"geometry":{"type":"LineString","coordinates":[[121.54384,25.07327],[121.53984,25.07337],[121.5339,25.07268]]}},{"type":"Feature","properties":{"id":"0000100002300A","name":"國道1號(圓山到台北)"},"geometry":{"type":"LineString","coordinates":[[121.5339,25.07268],[121.53286,25.07269]]}},{"type":"Feature","properties":{"id":"0000100002320A","name":"國道1號(圓山到台北)"},"geometry":{"type":"LineString","coordinates":[[121.53286,25.07269],[121.53145,25.07294],[121.52858,25.07405]]}},{"type":"Feature","properties":{"id":"0000100002370A","name":"國道1號(圓山到台北)"},"geometry":{"type":"LineString","coordinates":[[121.52858,25.07405],[121.52465,25.07554]]}},{"type":"Feature","properties":{"id":"0000100002400A","name":"國道1號(圓山到台北)"},"geometry":{"type":"LineString","coordinates":[[121.52465,25.07554],[121.52015,25.07692],[121.51685,25.07763]]}},{"type":"Feature","properties":{"id":"0000100002490A","name":"國道1號(台北到三重)"},"geometry":{"type":"LineString","coordinates":[[121.51685,25.07763],[121.51461,25.07795]]}},{"type":"Feature","properties":{"id":"0000100002510A","name":"國道1號(台北到三重)"},"geometry":{"type":"LineString","coordinates":[[121.51461,25.07795],[121.50902,25.07829]]}},{"type":"Feature","properties":{"id":"0000100002560A","name":"國道1號(台北到三重)"},"geometry":{"type":"LineString","coordinates":[[121.50902,25.07829],[121.50472,25.078]]}},{"type":"Feature","properties":{"id":"0000100002610F","name":"國道1號(台北到三重)"},"geometry":{"type":"LineString","coordinates":[[121.50472,25.078],[121.49961,25.07715]]}},{"type":"Feature","properties":{"id":"0000100002660F","name":"國道1號(台北到三重)"},"geometry":{"type":"LineString","coordinates":[[121.49961,25.07715],[121.49546,25.07615]]}},{"type":"Feature","properties":{"id":"0000100002700F","name":"國道1號(三重到五股轉接道)"},"geometry":{"type":"LineString","coordinates":[[121.49546,25.07615],[121.48573,25.07382]]}},{"type":"Feature","properties":{"id":"0000100002800F","name":"國道1號(三重到五股轉接道)"},"geometry":{"type":"LineString","coordinates":[[121.48573,25.07382],[121.48306,25.07341],[121.48078,25.07336],[121.47831,25.07361],[121.47602,25.07412]]}},{"type":"Feature","properties":{"id":"0000100002900F","name":"國道1號(三重到五股轉接道)"},"geometry":{"type":"LineString","coordinates":[[121.47602,25.07412],[121.47025,25.07554],[121.46629,25.07594]]}},{"type":"Feature","properties":{"id":"0000100003000F","name":"國道1號(三重到五股轉接道)"},"geometry":{"type":"LineString","coordinates":[[121.46629,25.07594],[121.46238,25.07569],[121.45952,25.07507],[121.45659,25.07418]]}},{"type":"Feature","properties":{"id":"0000100003100F","name":"國道1號(三重到五股轉接道)"},"geometry":{"type":"LineString","coordinates":[[121.45659,25.07418],[121.45149,25.07264]]}},{"type":"Feature","properties":{"id":"0000100003160F","name":"國道1號(三重到五股轉接道)"},"geometry":{"type":"LineString","coordinates":[[121.45149,25.07264],[121.4472,25.07133]]}},{"type":"Feature","properties":{"id":"0000100003200F","name":"國道1號(五股轉接道到五股)"},"geometry":{"type":"LineString","coordinates":[[121.4472,25.07133],[121.44148,25.06962],[121.43931,25.06915]]}},{"type":"Feature","properties":{"id":"0000100003290F","name":"國道1號(五股轉接道到五股)"},"geometry":{"type":"LineString","coordinates":[[121.43931,25.06915],[121.43769,25.06886]]}},{"type":"Feature","properties":{"id":"0000100003300F","name":"國道1號(五股到高公局)"},"geometry":{"type":"LineString","coordinates":[[121.43769,25.06886],[121.43495,25.06853],[121.42996,25.06829]]}},{"type":"Feature","properties":{"id":"0000100003380F","name":"國道1號(五股到高公局)"},"geometry":{"type":"LineString","coordinates":[[121.42996,25.06829],[121.42793,25.06814]]}},{"type":"Feature","properties":{"id":"0000100003400F","name":"國道1號(高公局到泰山轉接道)"},"geometry":{"type":"LineString","coordinates":[[121.42793,25.06814],[121.42654,25.06788],[121.42475,25.06724],[121.42082,25.06491]]}},{"type":"Feature","properties":{"id":"0000100003480F","name":"國道1號(高公局到泰山轉接道)"},"geometry":{"type":"LineString","coordinates":[[121.42082,25.06491],[121.41983,25.06431]]}},{"type":"Feature","properties":{"id":"0000100003500F","name":"國道1號(高公局到泰山轉接道)"},"geometry":{"type":"LineString","coordinates":[[121.41983,25.06431],[121.41751,25.06291]]}},{"type":"Feature","properties":{"id":"0000100003520F","name":"國道1號(泰山轉接道到林口)"},"geometry":{"type":"LineString","coordinates":[[121.41983,25.06431],[121.41796,25.06344],[121.41408,25.06114],[121.40888,25.05748]]}},{"type":"Feature","properties":{"id":"0000100003528F","name":"國道1號(高公局到泰山轉接道)"},"geometry":{"type":"LineString","coordinates":[[121.41751,25.06291],[121.41101,25.05883]]}},{"type":"Feature","properties":{"id":"0000100003600F","name":"國道1號(高公局到泰山轉接道)"},"geometry":{"type":"LineString","coordinates":[[121.41101,25.05883],[121.40888,25.05748]]}},{"type":"Feature","properties":{"id":"0000100003630F","name":"國道1號(泰山轉接道到林口)"},"geometry":{"type":"LineString","coordinates":[[121.40888,25.05748],[121.40676,25.05627],[121.40539,25.05574],[121.4036,25.05547],[121.40218,25.05557]]}},{"type":"Feature","properties":{"id":"0000100003700F","name":"國道1號(泰山轉接道到林口)"},"geometry":{"type":"LineString","coordinates":[[121.40218,25.05557],[121.40031,25.05614],[121.39864,25.05723],[121.39516,25.06135]]}},{"type":"Feature","properties":{"id":"0000100003800F","name":"國道1號(泰山轉接道到林口)"},"geometry":{"type":"LineString","coordinates":[[121.39516,25.06135],[121.39314,25.0633],[121.39119,25.06447],[121.38872,25.06506],[121.38649,25.06507]]}},{"type":"Feature","properties":{"id":"0000100003900F","name":"國道1號(泰山轉接道到林口)"},"geometry":{"type":"LineString","coordinates":[[121.38649,25.06507],[121.38247,25.06461],[121.37691,25.06608]]}},{"type":"Feature","properties":{"id":"0000100004000F","name":"國道1號(泰山轉接道到林口)"},"geometry":{"type":"LineString","coordinates":[[121.37691,25.06608],[121.37366,25.06591]]}},{"type":"Feature","properties":{"id":"0000100004040F","name":"國道1號(泰山轉接道到林口)"},"geometry":{"type":"LineString","coordinates":[[121.37366,25.06591],[121.36693,25.06517]]}},{"type":"Feature","properties":{"id":"0000100004110F","name":"國道1號(泰山轉接道到林口)"},"geometry":{"type":"LineString","coordinates":[[121.36693,25.06517],[121.36127,25.06496],[121.35667,25.06511]]}},{"type":"Feature","properties":{"id":"0000100004210F","name":"國道1號(林口到桃園)"},"geometry":{"type":"LineString","coordinates":[[121.35667,25.06511],[121.35489,25.06524]]}},{"type":"Feature","properties":{"id":"0000100004230H","name":"國道1號(林口到桃園)"},"geometry":{"type":"LineString","coordinates":[[121.35489,25.06524],[121.34898,25.06571]]}},{"type":"Feature","properties":{"id":"0000100004290H","name":"國道1號(林口到桃園)"},"geometry":{"type":"LineString","coordinates":[[121.34898,25.06571],[121.34721,25.0657]]}},{"type":"Feature","properties":{"id":"0000100004300H","name":"國道1號(林口到桃園)"},"geometry":{"type":"LineString","coordinates":[[121.34721,25.0657],[121.34448,25.06551],[121.34212,25.06512],[121.33933,25.0643],[121.33761,25.06357]]}},{"type":"Feature","properties":{"id":"0000100004400H","name":"國道1號(林口到桃園)"},"geometry":{"type":"LineString","coordinates":[[121.33761,25.06357],[121.33342,25.06104],[121.3299,25.05794]]}},{"type":"Feature","properties":{"id":"0000100004500H","name":"國道1號(林口到桃園)"},"geometry":{"type":"LineString","coordinates":[[121.3299,25.05794],[121.32526,25.05202],[121.32401,25.05068]]}},{"type":"Feature","properties":{"id":"0000100004600H","name":"國道1號(林口到桃園)"},"geometry":{"type":"LineString","coordinates":[[121.32401,25.05068],[121.32269,25.04958],[121.32063,25.04833],[121.31542,25.04631]]}},{"type":"Feature","properties":{"id":"0000100004700H","name":"國道1號(林口到桃園)"},"geometry":{"type":"LineString","coordinates":[[121.31542,25.04631],[121.30636,25.04254]]}},{"type":"Feature","properties":{"id":"0000100004800H","name":"國道1號(林口到桃園)"},"geometry":{"type":"LineString","coordinates":[[121.30636,25.04254],[121.30237,25.04062]]}},{"type":"Feature","properties":{"id":"0000100004850H","name":"國道1號(林口到桃園)"},"geometry":{"type":"LineString","coordinates":[[121.30237,25.04062],[121.29777,25.03796]]}},{"type":"Feature","properties":{"id":"0000100004900H","name":"國道1號(桃園到機場系統)"},"geometry":{"type":"LineString","coordinates":[[121.29777,25.03796],[121.29067,25.03333]]}},{"type":"Feature","properties":{"id":"0000100004990H","name":"國道1號(桃園到機場系統)"},"geometry":{"type":"LineString","coordinates":[[121.29067,25.03333],[121.28973,25.03263]]}},{"type":"Feature","properties":{"id":"0000100005000H","name":"國道1號(桃園到機場系統)"},"geometry":{"type":"LineString","coordinates":[[121.28973,25.03263],[121.28585,25.02963]]}},{"type":"Feature","properties":{"id":"0000100005051H","name":"國道1號(桃園到機場系統)"},"geometry":{"type":"LineString","coordinates":[[121.28585,25.02963],[121.28231,25.0266]]}},{"type":"Feature","properties":{"id":"0000100005100H","name":"國道1號(桃園到機場系統)"},"geometry":{"type":"LineString","coordinates":[[121.28231,25.0266],[121.27774,25.02254]]}},{"type":"Feature","properties":{"id":"0000100005170H","name":"國道1號(桃園到機場系統)"},"geometry":{"type":"LineString","coordinates":[[121.27774,25.02254],[121.2752,25.02032]]}},{"type":"Feature","properties":{"id":"0000100005200H","name":"國道1號(機場系統到中壢服務區)"},"geometry":{"type":"LineString","coordinates":[[121.2752,25.02032],[121.26729,25.01403]]}},{"type":"Feature","properties":{"id":"0000100005310H","name":"國道1號(機場系統到中壢服務區)"},"geometry":{"type":"LineString","coordinates":[[121.26729,25.01403],[121.26017,25.00849]]}},{"type":"Feature","properties":{"id":"0000100005400H","name":"國道1號(機場系統到中壢服務區)"},"geometry":{"type":"LineString","coordinates":[[121.26017,25.00849],[121.25487,25.0044]]}},{"type":"Feature","properties":{"id":"0000100005480H","name":"國道1號(機場系統到中壢服務區)"},"geometry":{"type":"LineString","coordinates":[[121.25487,25.0044],[121.25263,25.00265]]}},{"type":"Feature","properties":{"id":"0000100005500H","name":"國道1號(中壢服務區到內壢)"},"geometry":{"type":"LineString","coordinates":[[121.25263,25.00265],[121.24916,24.99993]]}},{"type":"Feature","properties":{"id":"0000100005550H","name":"國道1號(中壢服務區到內壢)"},"geometry":{"type":"LineString","coordinates":[[121.24916,24.99993],[121.24537,24.99652]]}},{"type":"Feature","properties":{"id":"0000100005600H","name":"國道1號(中壢服務區到內壢)"},"geometry":{"type":"LineString","coordinates":[[121.24537,24.99652],[121.24346,24.99461]]}},{"type":"Feature","properties":{"id":"0000100005630H","name":"國道1號(中壢服務區到內壢)"},"geometry":{"type":"LineString","coordinates":[[121.24346,24.99461],[121.24011,24.99127]]}},{"type":"Feature","properties":{"id":"0000100005680H","name":"國道1號(內壢到中壢轉接一)"},"geometry":{"type":"LineString","coordinates":[[121.24011,24.99127],[121.2387,24.98985]]}},{"type":"Feature","properties":{"id":"0000100005700H","name":"國道1號(內壢到中壢轉接一)"},"geometry":{"type":"LineString","coordinates":[[121.2387,24.98985],[121.23539,24.98652]]}},{"type":"Feature","properties":{"id":"0000100005750H","name":"國道1號(內壢到中壢轉接一)"},"geometry":{"type":"LineString","coordinates":[[121.23539,24.98652],[121.23189,24.9833]]}},{"type":"Feature","properties":{"id":"0000100005800H","name":"國道1號(中壢轉接一到中壢轉接二)"},"geometry":{"type":"LineString","coordinates":[[121.23189,24.9833],[121.22529,24.97764]]}},{"type":"Feature","properties":{"id":"0000100005900H","name":"國道1號(中壢轉接一到中壢轉接二)"},"geometry":{"type":"LineString","coordinates":[[121.22529,24.97764],[121.22511,24.97749]]}},{"type":"Feature","properties":{"id":"0000100006000H","name":"國道1號(中壢轉接一到中壢轉接二)"},"geometry":{"type":"LineString","coordinates":[[121.21746,24.97094],[121.21622,24.96988]]}},{"type":"Feature","properties":{"id":"0000100006020H","name":"國道1號(中壢轉接二到中壢)"},"geometry":{"type":"LineString","coordinates":[[121.21622,24.96988],[121.2129,24.96714],[121.20991,24.96511]]}},{"type":"Feature","properties":{"id":"0000100006100H","name":"國道1號(中壢轉接二到中壢)"},"geometry":{"type":"LineString","coordinates":[[121.20991,24.96511],[121.20475,24.96171],[121.20241,24.95992]]}},{"type":"Feature","properties":{"id":"0000100006200H","name":"國道1號(中壢轉接二到中壢)"},"geometry":{"type":"LineString","coordinates":[[121.20241,24.95992],[121.2004,24.95793],[121.1992,24.95645]]}},{"type":"Feature","properties":{"id":"0000100006250H","name":"國道1號(中壢到平鎮系統)"},"geometry":{"type":"LineString","coordinates":[[121.1992,24.95645],[121.1979,24.95464]]}},{"type":"Feature","properties":{"id":"0000100006270H","name":"國道1號(中壢到平鎮系統)"},"geometry":{"type":"LineString","coordinates":[[121.1979,24.95464],[121.19662,24.95218]]}},{"type":"Feature","properties":{"id":"0000100006300H","name":"國道1號(中壢到平鎮系統)"},"geometry":{"type":"LineString","coordinates":[[121.19662,24.95218],[121.19567,24.9497],[121.1939,24.9434]]}},{"type":"Feature","properties":{"id":"0000100006400H","name":"國道1號(中壢到平鎮系統)"},"geometry":{"type":"LineString","coordinates":[[121.1939,24.9434],[121.19325,24.94139]]}},{"type":"Feature","properties":{"id":"0000100006430H","name":"國道1號(平鎮系統到幼獅)"},"geometry":{"type":"LineString","coordinates":[[121.19325,24.94139],[121.19158,24.9383],[121.18932,24.93565]]}},{"type":"Feature","properties":{"id":"0000100006500H","name":"國道1號(平鎮系統到幼獅)"},"geometry":{"type":"LineString","coordinates":[[121.18932,24.93565],[121.18664,24.9336],[121.18365,24.93209]]}},{"type":"Feature","properties":{"id":"0000100006570H","name":"國道1號(平鎮系統到幼獅)"},"geometry":{"type":"LineString","coordinates":[[121.18365,24.93209],[121.18087,24.93111]]}},{"type":"Feature","properties":{"id":"0000100006600H","name":"國道1號(平鎮系統到幼獅)"},"geometry":{"type":"LineString","coordinates":[[121.18087,24.93111],[121.17686,24.92955],[121.17372,24.92757]]}},{"type":"Feature","properties":{"id":"0000100006690H","name":"國道1號(平鎮系統到幼獅)"},"geometry":{"type":"LineString","coordinates":[[121.17372,24.92757],[121.17246,24.92651]]}},{"type":"Feature","properties":{"id":"0000100006700H","name":"國道1號(幼獅到楊梅)"},"geometry":{"type":"LineString","coordinates":[[121.17246,24.92651],[121.17111,24.92509],[121.16958,24.92292],[121.16801,24.91933]]}},{"type":"Feature","properties":{"id":"0000100006800H","name":"國道1號(幼獅到楊梅)"},"geometry":{"type":"LineString","coordinates":[[121.16801,24.91933],[121.16601,24.91377]]}},{"type":"Feature","properties":{"id":"0000100006860H","name":"國道1號(幼獅到楊梅)"},"geometry":{"type":"LineString","coordinates":[[121.16601,24.91377],[121.16479,24.91012]]}},{"type":"Feature","properties":{"id":"0000100006900H","name":"國道1號(楊梅到高架楊梅端)"},"geometry":{"type":"LineString","coordinates":[[121.16479,24.91012],[121.16354,24.90705],[121.16215,24.90527]]}},{"type":"Feature","properties":{"id":"0000100006970H","name":"國道1號(楊梅到高架楊梅端)"},"geometry":{"type":"LineString","coordinates":[[121.16215,24.90527],[121.16032,24.90374],[121.15911,24.90304]]}},{"type":"Feature","properties":{"id":"0000100007000H","name":"國道1號(楊梅到高架楊梅端)"},"geometry":{"type":"LineString","coordinates":[[121.15911,24.90304],[121.15767,24.90233],[121.15398,24.90117]]}},{"type":"Feature","properties":{"id":"0000100007060H","name":"國道1號汐止五股高架道路(楊梅端到楊梅休息站)"},"geometry":{"type":"LineString","coordinates":[[121.15398,24.90117],[121.15133,24.90046]]}},{"type":"Feature","properties":{"id":"0000100007100H","name":"國道1號(高架楊梅端到湖口)"},"geometry":{"type":"LineString","coordinates":[[121.14981,24.90006],[121.1427,24.89814]]}},{"type":"Feature","properties":{"id":"0000100007200H","name":"國道1號(高架楊梅端到湖口)"},"geometry":{"type":"LineString","coordinates":[[121.14032,24.89749],[121.13081,24.89492]]}},{"type":"Feature","properties":{"id":"0000100007300H","name":"國道1號(高架楊梅端到湖口)"},"geometry":{"type":"LineString","coordinates":[[121.13081,24.89492],[121.12572,24.89365],[121.12119,24.8931]]}},{"type":"Feature","properties":{"id":"0000100007400H","name":"國道1號(高架楊梅端到湖口)"},"geometry":{"type":"LineString","coordinates":[[121.12119,24.8931],[121.11782,24.8931],[121.1107,24.89349]]}},{"type":"Feature","properties":{"id":"0000100007510J","name":"國道1號(高架楊梅端到湖口)"},"geometry":{"type":"LineString","coordinates":[[121.1107,24.89349],[121.10575,24.89295],[121.10182,24.89183]]}},{"type":"Feature","properties":{"id":"0000100007600J","name":"國道1號(高架楊梅端到湖口)"},"geometry":{"type":"LineString","coordinates":[[121.10182,24.89183],[121.09843,24.89029],[121.09333,24.88719]]}},{"type":"Feature","properties":{"id":"0000100007700J","name":"國道1號(高架楊梅端到湖口)"},"geometry":{"type":"LineString","coordinates":[[121.09333,24.88719],[121.09129,24.88615],[121.08908,24.88538],[121.08671,24.88495],[121.084,24.88477]]}},{"type":"Feature","properties":{"id":"0000100007800J","name":"國道1號(高架楊梅端到湖口)"},"geometry":{"type":"LineString","coordinates":[[121.084,24.88477],[121.08183,24.88468],[121.07939,24.88431],[121.0767,24.88358],[121.07441,24.88264]]}},{"type":"Feature","properties":{"id":"0000100007900J","name":"國道1號(高架楊梅端到湖口)"},"geometry":{"type":"LineString","coordinates":[[121.07441,24.88264],[121.07235,24.88151],[121.06867,24.87907],[121.0661,24.87779]]}},{"type":"Feature","properties":{"id":"0000100008000J","name":"國道1號(高架楊梅端到湖口)"},"geometry":{"type":"LineString","coordinates":[[121.0661,24.87779],[121.06377,24.87696],[121.06166,24.87648],[121.05916,24.8762],[121.05653,24.87616]]}},{"type":"Feature","properties":{"id":"0000100008100J","name":"國道1號(高架楊梅端到湖口)"},"geometry":{"type":"LineString","coordinates":[[121.05653,24.87616],[121.04667,24.87677]]}},{"type":"Feature","properties":{"id":"0000100008200J","name":"國道1號(高架楊梅端到湖口)"},"geometry":{"type":"LineString","coordinates":[[121.04667,24.87677],[121.04078,24.87712],[121.03667,24.87702]]}},{"type":"Feature","properties":{"id":"0000100008310J","name":"國道1號(高架楊梅端到湖口)"},"geometry":{"type":"LineString","coordinates":[[121.03667,24.87702],[121.03096,24.87627],[121.027,24.87525]]}},{"type":"Feature","properties":{"id":"0000100008400J","name":"國道1號(湖口到湖口服務區)"},"geometry":{"type":"LineString","coordinates":[[121.027,24.87525],[121.02381,24.87412]]}},{"type":"Feature","properties":{"id":"0000100008440J","name":"國道1號(湖口到湖口服務區)"},"geometry":{"type":"LineString","coordinates":[[121.02381,24.87412],[121.02073,24.87262],[121.01826,24.87098]]}},{"type":"Feature","properties":{"id":"0000100008500J","name":"國道1號(湖口到湖口服務區)"},"geometry":{"type":"LineString","coordinates":[[121.01826,24.87098],[121.01514,24.86817],[121.01403,24.86685],[121.01212,24.86388]]}},{"type":"Feature","properties":{"id":"0000100008600J","name":"國道1號(湖口到湖口服務區)"},"geometry":{"type":"LineString","coordinates":[[121.01212,24.86388],[121.01118,24.86184]]}},{"type":"Feature","properties":{"id":"0000100008630J","name":"國道1號(湖口服務區到竹北)"},"geometry":{"type":"LineString","coordinates":[[121.01118,24.86184],[121.01075,24.86047],[121.01058,24.85849],[121.01092,24.85671],[121.01153,24.85546]]}},{"type":"Feature","properties":{"id":"0000100008700J","name":"國道1號(湖口服務區到竹北)"},"geometry":{"type":"LineString","coordinates":[[121.01153,24.85546],[121.0123,24.85438]]}},{"type":"Feature","properties":{"id":"0000100008720J","name":"國道1號(湖口服務區到竹北)"},"geometry":{"type":"LineString","coordinates":[[121.0123,24.85438],[121.01602,24.85098]]}},{"type":"Feature","properties":{"id":"0000100008770J","name":"國道1號(湖口服務區到竹北)"},"geometry":{"type":"LineString","coordinates":[[121.01602,24.85098],[121.01765,24.84961]]}},{"type":"Feature","properties":{"id":"0000100008790J","name":"國道1號(湖口服務區到竹北)"},"geometry":{"type":"LineString","coordinates":[[121.01765,24.84961],[121.01843,24.84896]]}},{"type":"Feature","properties":{"id":"0000100008800J","name":"國道1號(湖口服務區到竹北)"},"geometry":{"type":"LineString","coordinates":[[121.01843,24.84896],[121.02003,24.84733],[121.02116,24.84544],[121.02177,24.84344],[121.02218,24.84088]]}},{"type":"Feature","properties":{"id":"0000100008900J","name":"國道1號(湖口服務區到竹北)"},"geometry":{"type":"LineString","coordinates":[[121.02218,24.84088],[121.0222,24.83638],[121.02132,24.83191]]}},{"type":"Feature","properties":{"id":"0000100009000J","name":"國道1號(湖口服務區到竹北)"},"geometry":{"type":"LineString","coordinates":[[121.02132,24.83191],[121.02036,24.82932],[121.01935,24.82729]]}},{"type":"Feature","properties":{"id":"0000100009060J","name":"國道1號(竹北到新竹)"},"geometry":{"type":"LineString","coordinates":[[121.01935,24.82729],[121.01718,24.82375]]}},{"type":"Feature","properties":{"id":"0000100009100J","name":"國道1號(竹北到新竹)"},"geometry":{"type":"LineString","coordinates":[[121.01718,24.82375],[121.01518,24.82059]]}},{"type":"Feature","properties":{"id":"0000100009140J","name":"國道1號(竹北到新竹)"},"geometry":{"type":"LineString","coordinates":[[121.01518,24.82059],[121.01259,24.81554]]}},{"type":"Feature","properties":{"id":"0000100009200J","name":"國道1號(竹北到新竹)"},"geometry":{"type":"LineString","coordinates":[[121.01259,24.81554],[121.01144,24.81257]]}},{"type":"Feature","properties":{"id":"0000100009240O","name":"國道1號(竹北到新竹)"},"geometry":{"type":"LineString","coordinates":[[121.01144,24.81257],[121.01006,24.80688]]}},{"type":"Feature","properties":{"id":"0000100009300O","name":"國道1號(竹北到新竹)"},"geometry":{"type":"LineString","coordinates":[[121.01006,24.80688],[121.00956,24.80392]]}},{"type":"Feature","properties":{"id":"0000100009340O","name":"國道1號(竹北到新竹)"},"geometry":{"type":"LineString","coordinates":[[121.00956,24.80392],[121.00841,24.798]]}},{"type":"Feature","properties":{"id":"0000100009400O","name":"國道1號(竹北到新竹)"},"geometry":{"type":"LineString","coordinates":[[121.00841,24.798],[121.00658,24.79284]]}},{"type":"Feature","properties":{"id":"0000100009470O","name":"國道1號(竹北到新竹)"},"geometry":{"type":"LineString","coordinates":[[121.00658,24.79284],[121.00519,24.78947]]}},{"type":"Feature","properties":{"id":"0000100009500O","name":"國道1號(新竹到新竹系統)"},"geometry":{"type":"LineString","coordinates":[[121.00519,24.78947],[121.00392,24.78604]]}},{"type":"Feature","properties":{"id":"0000100009550O","name":"國道1號(新竹到新竹系統)"},"geometry":{"type":"LineString","coordinates":[[121.00392,24.78604],[121.00347,24.78362],[121.00337,24.78075]]}},{"type":"Feature","properties":{"id":"0000100009600O","name":"國道1號(新竹到新竹系統)"},"geometry":{"type":"LineString","coordinates":[[121.00337,24.78075],[121.00356,24.77575]]}},{"type":"Feature","properties":{"id":"0000100009660J","name":"國道1號(新竹到新竹系統)"},"geometry":{"type":"LineString","coordinates":[[121.00356,24.77575],[121.00319,24.77174]]}},{"type":"Feature","properties":{"id":"0000100009710J","name":"國道1號(新竹到新竹系統)"},"geometry":{"type":"LineString","coordinates":[[121.00319,24.77174],[121.00258,24.76947],[121.00146,24.76691],[121.00021,24.76503],[120.99898,24.76371]]}},{"type":"Feature","properties":{"id":"0000100009800J","name":"國道1號(新竹到新竹系統)"},"geometry":{"type":"LineString","coordinates":[[120.99898,24.76371],[120.99744,24.76257],[120.99634,24.76202],[120.99113,24.76035]]}},{"type":"Feature","properties":{"id":"0000100009890J","name":"國道1號(新竹到新竹系統)"},"geometry":{"type":"LineString","coordinates":[[120.99113,24.76035],[120.99016,24.75984]]}},{"type":"Feature","properties":{"id":"0000100009900J","name":"國道1號(新竹系統到頭份)"},"geometry":{"type":"LineString","coordinates":[[120.99016,24.75984],[120.9884,24.75844],[120.98669,24.75628]]}},{"type":"Feature","properties":{"id":"0000100009960J","name":"國道1號(新竹系統到頭份)"},"geometry":{"type":"LineString","coordinates":[[120.98669,24.75628],[120.98374,24.75246]]}},{"type":"Feature","properties":{"id":"0000100010010J","name":"國道1號(新竹系統到頭份)"},"geometry":{"type":"LineString","coordinates":[[120.98374,24.75246],[120.9818,24.75087],[120.97866,24.74909],[120.97733,24.748],[120.97653,24.74708]]}},{"type":"Feature","properties":{"id":"0000100010100J","name":"國道1號(新竹系統到頭份)"},"geometry":{"type":"LineString","coordinates":[[120.97653,24.74708],[120.97559,24.74564],[120.97347,24.74087],[120.97214,24.73907]]}},{"type":"Feature","properties":{"id":"0000100010200J","name":"國道1號(新竹系統到頭份)"},"geometry":{"type":"LineString","coordinates":[[120.97214,24.73907],[120.96991,24.73701],[120.96602,24.73448],[120.96463,24.73326]]}},{"type":"Feature","properties":{"id":"0000100010300J","name":"國道1號(新竹系統到頭份)"},"geometry":{"type":"LineString","coordinates":[[120.96463,24.73326],[120.96298,24.7315],[120.96105,24.72984],[120.95922,24.72873],[120.95696,24.72791]]}},{"type":"Feature","properties":{"id":"0000100010400J","name":"國道1號(新竹系統到頭份)"},"geometry":{"type":"LineString","coordinates":[[120.95696,24.72791],[120.95329,24.72723],[120.94719,24.72704]]}},{"type":"Feature","properties":{"id":"0000100010500J","name":"國道1號(新竹系統到頭份)"},"geometry":{"type":"LineString","coordinates":[[120.94719,24.72704],[120.94309,24.72679],[120.94112,24.72642],[120.93913,24.72579]]}},{"type":"Feature","properties":{"id":"0000100010590O","name":"國道1號(新竹系統到頭份)"},"geometry":{"type":"LineString","coordinates":[[120.93913,24.72579],[120.93756,24.7251]]}},{"type":"Feature","properties":{"id":"0000100010600O","name":"國道1號(新竹系統到頭份)"},"geometry":{"type":"LineString","coordinates":[[120.93756,24.7251],[120.93579,24.72406],[120.93364,24.72232],[120.93231,24.72084],[120.9309,24.71862]]}},{"type":"Feature","properties":{"id":"0000100010700O","name":"國道1號(新竹系統到頭份)"},"geometry":{"type":"LineString","coordinates":[[120.9309,24.71862],[120.93004,24.71654]]}},{"type":"Feature","properties":{"id":"0000100010730K","name":"國道1號(新竹系統到頭份)"},"geometry":{"type":"LineString","coordinates":[[120.93004,24.71654],[120.92948,24.71415],[120.92918,24.70987]]}},{"type":"Feature","properties":{"id":"0000100010800K","name":"國道1號(新竹系統到頭份)"},"geometry":{"type":"LineString","coordinates":[[120.92918,24.70987],[120.92904,24.70772],[120.92838,24.70524],[120.92731,24.70326],[120.92595,24.70156]]}},{"type":"Feature","properties":{"id":"0000100010900K","name":"國道1號(新竹系統到頭份)"},"geometry":{"type":"LineString","coordinates":[[120.92595,24.70156],[120.92268,24.69816],[120.92074,24.69569]]}},{"type":"Feature","properties":{"id":"0000100010990K","name":"國道1號(新竹系統到頭份)"},"geometry":{"type":"LineString","coordinates":[[120.92074,24.69569],[120.91996,24.69444]]}},{"type":"Feature","properties":{"id":"0000100011000K","name":"國道1號(頭份到頭屋)"},"geometry":{"type":"LineString","coordinates":[[120.91996,24.69444],[120.91734,24.68983],[120.91515,24.68708]]}},{"type":"Feature","properties":{"id":"0000100011100K","name":"國道1號(頭份到頭屋)"},"geometry":{"type":"LineString","coordinates":[[120.91515,24.68708],[120.91196,24.68441],[120.90694,24.68142]]}},{"type":"Feature","properties":{"id":"0000100011200K","name":"國道1號(頭份到頭屋)"},"geometry":{"type":"LineString","coordinates":[[120.90694,24.68142],[120.90477,24.67968],[120.90167,24.67655],[120.89994,24.67507]]}},{"type":"Feature","properties":{"id":"0000100011300K","name":"國道1號(頭份到頭屋)"},"geometry":{"type":"LineString","coordinates":[[120.89994,24.67507],[120.89821,24.67399],[120.89619,24.67312],[120.89082,24.67193]]}},{"type":"Feature","properties":{"id":"0000100011400K","name":"國道1號(頭份到頭屋)"},"geometry":{"type":"LineString","coordinates":[[120.89082,24.67193],[120.88874,24.67114],[120.88658,24.66964],[120.88514,24.66799],[120.88402,24.66586]]}},{"type":"Feature","properties":{"id":"0000100011500K","name":"國道1號(頭份到頭屋)"},"geometry":{"type":"LineString","coordinates":[[120.88402,24.66586],[120.88313,24.66289],[120.88209,24.65706]]}},{"type":"Feature","properties":{"id":"0000100011600K","name":"國道1號(頭份到頭屋)"},"geometry":{"type":"LineString","coordinates":[[120.88209,24.65706],[120.88048,24.65243],[120.87949,24.65071],[120.87806,24.64894]]}},{"type":"Feature","properties":{"id":"0000100011700K","name":"國道1號(頭份到頭屋)"},"geometry":{"type":"LineString","coordinates":[[120.87806,24.64894],[120.87282,24.64448],[120.87096,24.64265]]}},{"type":"Feature","properties":{"id":"0000100011800K","name":"國道1號(頭份到頭屋)"},"geometry":{"type":"LineString","coordinates":[[120.87096,24.64265],[120.86823,24.64006],[120.86718,24.63877],[120.8664,24.63733],[120.86588,24.6352]]}},{"type":"Feature","properties":{"id":"0000100011900K","name":"國道1號(頭份到頭屋)"},"geometry":{"type":"LineString","coordinates":[[120.86588,24.6352],[120.86595,24.63314],[120.86708,24.62892],[120.86726,24.62634]]}},{"type":"Feature","properties":{"id":"0000100012000K","name":"國道1號(頭份到頭屋)"},"geometry":{"type":"LineString","coordinates":[[120.86726,24.62634],[120.86695,24.62406],[120.86646,24.62253],[120.86396,24.61794]]}},{"type":"Feature","properties":{"id":"0000100012100K","name":"國道1號(頭份到頭屋)"},"geometry":{"type":"LineString","coordinates":[[120.86396,24.61794],[120.86354,24.61646],[120.8635,24.6146],[120.86508,24.60923]]}},{"type":"Feature","properties":{"id":"0000100012200K","name":"國道1號(頭份到頭屋)"},"geometry":{"type":"LineString","coordinates":[[120.86508,24.60923],[120.86523,24.60702],[120.86486,24.60486],[120.86427,24.60337],[120.8627,24.60069]]}},{"type":"Feature","properties":{"id":"0000100012300K","name":"國道1號(頭份到頭屋)"},"geometry":{"type":"LineString","coordinates":[[120.8627,24.60069],[120.86167,24.59885],[120.86078,24.59638],[120.86038,24.59372],[120.86041,24.59213]]}},{"type":"Feature","properties":{"id":"0000100012400K","name":"國道1號(頭份到頭屋)"},"geometry":{"type":"LineString","coordinates":[[120.86041,24.59213],[120.86097,24.58737],[120.86067,24.58557],[120.85971,24.58332]]}},{"type":"Feature","properties":{"id":"0000100012500K","name":"國道1號(頭份到頭屋)"},"geometry":{"type":"LineString","coordinates":[[120.85971,24.58332],[120.85779,24.58061]]}},{"type":"Feature","properties":{"id":"0000100012540K","name":"國道1號(頭份到頭屋)"},"geometry":{"type":"LineString","coordinates":[[120.85779,24.58061],[120.85559,24.57757],[120.85436,24.57477]]}},{"type":"Feature","properties":{"id":"0000100012610K","name":"國道1號(頭屋到苗栗)"},"geometry":{"type":"LineString","coordinates":[[120.85436,24.57477],[120.85254,24.57044],[120.85125,24.56887],[120.84999,24.56791]]}},{"type":"Feature","properties":{"id":"0000100012700K","name":"國道1號(頭屋到苗栗)"},"geometry":{"type":"LineString","coordinates":[[120.84999,24.56791],[120.84751,24.56624],[120.84651,24.56535],[120.84503,24.56361],[120.84343,24.5613]]}},{"type":"Feature","properties":{"id":"0000100012800K","name":"國道1號(頭屋到苗栗)"},"geometry":{"type":"LineString","coordinates":[[120.84343,24.5613],[120.84135,24.55717],[120.83985,24.55292]]}},{"type":"Feature","properties":{"id":"0000100012900K","name":"國道1號(頭屋到苗栗)"},"geometry":{"type":"LineString","coordinates":[[120.83985,24.55292],[120.83805,24.54875],[120.83675,24.54675],[120.8353,24.54503]]}},{"type":"Feature","properties":{"id":"0000100013000K","name":"國道1號(頭屋到苗栗)"},"geometry":{"type":"LineString","coordinates":[[120.8353,24.54503],[120.83138,24.5406],[120.82956,24.53773]]}},{"type":"Feature","properties":{"id":"0000100013100K","name":"國道1號(頭屋到苗栗)"},"geometry":{"type":"LineString","coordinates":[[120.82956,24.53773],[120.82756,24.53184],[120.82626,24.52927]]}},{"type":"Feature","properties":{"id":"0000100013200K","name":"國道1號(頭屋到苗栗)"},"geometry":{"type":"LineString","coordinates":[[120.82626,24.52927],[120.82406,24.52679]]}},{"type":"Feature","properties":{"id":"0000100013240K","name":"國道1號(頭屋到苗栗)"},"geometry":{"type":"LineString","coordinates":[[120.82406,24.52679],[120.82247,24.52553],[120.81892,24.52341]]}},{"type":"Feature","properties":{"id":"0000100013300K","name":"國道1號(苗栗到銅鑼)"},"geometry":{"type":"LineString","coordinates":[[120.81892,24.52341],[120.81706,24.52223]]}},{"type":"Feature","properties":{"id":"0000100013330K","name":"國道1號(苗栗到銅鑼)"},"geometry":{"type":"LineString","coordinates":[[120.81706,24.52223],[120.81464,24.52022],[120.81204,24.51703]]}},{"type":"Feature","properties":{"id":"0000100013400K","name":"國道1號(苗栗到銅鑼)"},"geometry":{"type":"LineString","coordinates":[[120.81204,24.51703],[120.80913,24.51193],[120.80692,24.5094]]}},{"type":"Feature","properties":{"id":"0000100013500K","name":"國道1號(苗栗到銅鑼)"},"geometry":{"type":"LineString","coordinates":[[120.80692,24.5094],[120.80507,24.50792],[120.80322,24.50681],[120.79847,24.50494]]}},{"type":"Feature","properties":{"id":"0000100013600K","name":"國道1號(苗栗到銅鑼)"},"geometry":{"type":"LineString","coordinates":[[120.79847,24.50494],[120.7918,24.50257],[120.78937,24.50139]]}},{"type":"Feature","properties":{"id":"0000100013700K","name":"國道1號(苗栗到銅鑼)"},"geometry":{"type":"LineString","coordinates":[[120.78937,24.50139],[120.78772,24.5003],[120.78587,24.49864],[120.78456,24.49702],[120.78321,24.49454]]}},{"type":"Feature","properties":{"id":"0000100013800K","name":"國道1號(苗栗到銅鑼)"},"geometry":{"type":"LineString","coordinates":[[120.78321,24.49454],[120.78243,24.4923],[120.78202,24.49026],[120.78182,24.48824],[120.7819,24.48572]]}},{"type":"Feature","properties":{"id":"0000100013900K","name":"國道1號(苗栗到銅鑼)"},"geometry":{"type":"LineString","coordinates":[[120.7819,24.48572],[120.78249,24.48272]]}},{"type":"Feature","properties":{"id":"0000100013940K","name":"國道1號(苗栗到銅鑼)"},"geometry":{"type":"LineString","coordinates":[[120.78249,24.48272],[120.78345,24.47985],[120.78466,24.47715]]}},{"type":"Feature","properties":{"id":"0000100014000K","name":"國道1號(銅鑼到三義)"},"geometry":{"type":"LineString","coordinates":[[120.78466,24.47715],[120.78668,24.47273],[120.78755,24.47031]]}},{"type":"Feature","properties":{"id":"0000100014090K","name":"國道1號(銅鑼到三義)"},"geometry":{"type":"LineString","coordinates":[[120.78755,24.47031],[120.78801,24.46869]]}},{"type":"Feature","properties":{"id":"0000100014100K","name":"國道1號(銅鑼到三義)"},"geometry":{"type":"LineString","coordinates":[[120.78801,24.46869],[120.78832,24.4662],[120.78819,24.46376],[120.78767,24.46158],[120.78692,24.45986]]}},{"type":"Feature","properties":{"id":"0000100014200K","name":"國道1號(銅鑼到三義)"},"geometry":{"type":"LineString","coordinates":[[120.78692,24.45986],[120.78392,24.45533],[120.78323,24.45387],[120.78267,24.45184]]}},{"type":"Feature","properties":{"id":"0000100014300K","name":"國道1號(銅鑼到三義)"},"geometry":{"type":"LineString","coordinates":[[120.78267,24.45184],[120.78181,24.44623],[120.78066,24.44306]]}},{"type":"Feature","properties":{"id":"0000100014400K","name":"國道1號(銅鑼到三義)"},"geometry":{"type":"LineString","coordinates":[[120.78066,24.44306],[120.77902,24.43961],[120.77846,24.43788],[120.77811,24.43448]]}},{"type":"Feature","properties":{"id":"0000100014500K","name":"國道1號(銅鑼到三義)"},"geometry":{"type":"LineString","coordinates":[[120.77811,24.43448],[120.77795,24.4315],[120.77702,24.42801],[120.77666,24.42562]]}},{"type":"Feature","properties":{"id":"0000100014600K","name":"國道1號(銅鑼到三義)"},"geometry":{"type":"LineString","coordinates":[[120.77666,24.42562],[120.77639,24.42293],[120.77539,24.41969],[120.77483,24.41679]]}},{"type":"Feature","properties":{"id":"0000100014700K","name":"國道1號(銅鑼到三義)"},"geometry":{"type":"LineString","coordinates":[[120.77483,24.41679],[120.77433,24.41459],[120.77341,24.41236],[120.77198,24.41],[120.77087,24.40867]]}},{"type":"Feature","properties":{"id":"0000100014800K","name":"國道1號(銅鑼到三義)"},"geometry":{"type":"LineString","coordinates":[[120.77087,24.40867],[120.76657,24.40459],[120.76433,24.40194]]}},{"type":"Feature","properties":{"id":"0000100014900K","name":"國道1號(銅鑼到三義)"},"geometry":{"type":"LineString","coordinates":[[120.76433,24.40194],[120.76067,24.39644]]}},{"type":"Feature","properties":{"id":"0000100014980K","name":"國道1號(銅鑼到三義)"},"geometry":{"type":"LineString","coordinates":[[120.76067,24.39644],[120.75919,24.39427]]}},{"type":"Feature","properties":{"id":"0000100015000K","name":"國道1號(銅鑼到三義)"},"geometry":{"type":"LineString","coordinates":[[120.75919,24.39427],[120.75611,24.38981]]}},{"type":"Feature","properties":{"id":"0000100015060K","name":"國道1號(三義到泰安服務區)"},"geometry":{"type":"LineString","coordinates":[[120.75611,24.38981],[120.7543,24.38645]]}},{"type":"Feature","properties":{"id":"0000100015100K","name":"國道1號(三義到泰安服務區)"},"geometry":{"type":"LineString","coordinates":[[120.7543,24.38645],[120.75047,24.37816]]}},{"type":"Feature","properties":{"id":"0000100015200K","name":"國道1號(三義到泰安服務區)"},"geometry":{"type":"LineString","coordinates":[[120.75047,24.37816],[120.74825,24.37379],[120.74601,24.37014]]}},{"type":"Feature","properties":{"id":"0000100015300K","name":"國道1號(三義到泰安服務區)"},"geometry":{"type":"LineString","coordinates":[[120.74601,24.37014],[120.74325,24.36637],[120.74026,24.36284]]}},{"type":"Feature","properties":{"id":"0000100015400K","name":"國道1號(三義到泰安服務區)"},"geometry":{"type":"LineString","coordinates":[[120.74026,24.36284],[120.73409,24.3558]]}},{"type":"Feature","properties":{"id":"0000100015500K","name":"國道1號(三義到泰安服務區)"},"geometry":{"type":"LineString","coordinates":[[120.73409,24.3558],[120.73053,24.35172]]}},{"type":"Feature","properties":{"id":"0000100015560B","name":"國道1號(三義到泰安服務區)"},"geometry":{"type":"LineString","coordinates":[[120.73053,24.35172],[120.72794,24.34877]]}},{"type":"Feature","properties":{"id":"0000100015600B","name":"國道1號(三義到泰安服務區)"},"geometry":{"type":"LineString","coordinates":[[120.72794,24.34877],[120.72447,24.34469],[120.72218,24.34147]]}},{"type":"Feature","properties":{"id":"0000100015700B","name":"國道1號(三義到泰安服務區)"},"geometry":{"type":"LineString","coordinates":[[120.72218,24.34147],[120.71755,24.33352]]}},{"type":"Feature","properties":{"id":"0000100015800B","name":"國道1號(三義到泰安服務區)"},"geometry":{"type":"LineString","coordinates":[[120.71755,24.33352],[120.71565,24.3308],[120.71311,24.32788]]}},{"type":"Feature","properties":{"id":"0000100015880B","name":"國道1號(三義到泰安服務區)"},"geometry":{"type":"LineString","coordinates":[[120.71311,24.32788],[120.71165,24.32631]]}},{"type":"Feature","properties":{"id":"0000100015900B","name":"國道1號(三義到泰安服務區)"},"geometry":{"type":"LineString","coordinates":[[120.71165,24.32631],[120.71068,24.32533]]}},{"type":"Feature","properties":{"id":"0000100015920B","name":"國道1號(泰安服務區到后里)"},"geometry":{"type":"LineString","coordinates":[[120.71068,24.32533],[120.70845,24.32294],[120.70566,24.31949]]}},{"type":"Feature","properties":{"id":"0000100016000B","name":"國道1號(后里到台中系統)"},"geometry":{"type":"LineString","coordinates":[[120.70566,24.31949],[120.70334,24.31591],[120.70098,24.3113]]}},{"type":"Feature","properties":{"id":"0000100016100B","name":"國道1號(后里到台中系統)"},"geometry":{"type":"LineString","coordinates":[[120.70098,24.3113],[120.70012,24.30935]]}},{"type":"Feature","properties":{"id":"0000100016130B","name":"國道1號(后里到台中系統)"},"geometry":{"type":"LineString","coordinates":[[120.70012,24.30935],[120.69773,24.30281]]}},{"type":"Feature","properties":{"id":"0000100016200B","name":"國道1號(后里到台中系統)"},"geometry":{"type":"LineString","coordinates":[[120.69773,24.30281],[120.69662,24.29877],[120.69566,24.29402]]}},{"type":"Feature","properties":{"id":"0000100016300B","name":"國道1號(后里到台中系統)"},"geometry":{"type":"LineString","coordinates":[[120.69566,24.29402],[120.69451,24.28507]]}},{"type":"Feature","properties":{"id":"0000100016400B","name":"國道1號(后里到台中系統)"},"geometry":{"type":"LineString","coordinates":[[120.69451,24.28507],[120.69346,24.2763]]}},{"type":"Feature","properties":{"id":"0000100016500B","name":"國道1號(台中系統到豐原)"},"geometry":{"type":"LineString","coordinates":[[120.69346,24.2763],[120.69229,24.26669]]}},{"type":"Feature","properties":{"id":"0000100016610B","name":"國道1號(台中系統到豐原)"},"geometry":{"type":"LineString","coordinates":[[120.69229,24.26669],[120.69129,24.25824]]}},{"type":"Feature","properties":{"id":"0000100016700B","name":"國道1號(台中系統到豐原)"},"geometry":{"type":"LineString","coordinates":[[120.69129,24.25824],[120.69042,24.25099]]}},{"type":"Feature","properties":{"id":"0000100016790B","name":"國道1號(台中系統到豐原)"},"geometry":{"type":"LineString","coordinates":[[120.69042,24.25099],[120.69022,24.2493]]}},{"type":"Feature","properties":{"id":"0000100016800B","name":"國道1號(豐原到大雅系統)"},"geometry":{"type":"LineString","coordinates":[[120.69022,24.2493],[120.69007,24.24795]]}},{"type":"Feature","properties":{"id":"0000100016820B","name":"國道1號(豐原到大雅系統)"},"geometry":{"type":"LineString","coordinates":[[120.69007,24.24795],[120.68896,24.24037]]}},{"type":"Feature","properties":{"id":"0000100016900B","name":"國道1號(豐原到大雅系統)"},"geometry":{"type":"LineString","coordinates":[[120.68896,24.24037],[120.68807,24.23635],[120.68661,24.23165]]}},{"type":"Feature","properties":{"id":"0000100017000B","name":"國道1號(豐原到大雅系統)"},"geometry":{"type":"LineString","coordinates":[[120.68661,24.23165],[120.68459,24.22709],[120.68243,24.22351]]}},{"type":"Feature","properties":{"id":"0000100017100B","name":"國道1號(豐原到大雅系統)"},"geometry":{"type":"LineString","coordinates":[[120.68243,24.22351],[120.68004,24.22043],[120.67617,24.21657]]}},{"type":"Feature","properties":{"id":"0000100017200B","name":"國道1號(豐原到大雅系統)"},"geometry":{"type":"LineString","coordinates":[[120.67617,24.21657],[120.6742,24.21496],[120.67047,24.21247]]}},{"type":"Feature","properties":{"id":"0000100017300B","name":"國道1號(大雅系統到大雅)"},"geometry":{"type":"LineString","coordinates":[[120.66827,24.21124],[120.66173,24.20809]]}},{"type":"Feature","properties":{"id":"0000100017380B","name":"國道1號(大雅系統到大雅)"},"geometry":{"type":"LineString","coordinates":[[120.66173,24.20809],[120.65952,24.2071]]}},{"type":"Feature","properties":{"id":"0000100017400B","name":"國道1號(大雅系統到大雅)"},"geometry":{"type":"LineString","coordinates":[[120.65952,24.2071],[120.65531,24.20514],[120.65223,24.20347]]}},{"type":"Feature","properties":{"id":"0000100017490B","name":"國道1號(大雅到台中)"},"geometry":{"type":"LineString","coordinates":[[120.65223,24.20347],[120.65092,24.20271]]}},{"type":"Feature","properties":{"id":"0000100017500B","name":"國道1號(大雅到台中)"},"geometry":{"type":"LineString","coordinates":[[120.65092,24.20271],[120.64625,24.19948],[120.64341,24.19688]]}},{"type":"Feature","properties":{"id":"0000100017600B","name":"國道1號(大雅到台中)"},"geometry":{"type":"LineString","coordinates":[[120.64341,24.19688],[120.63999,24.19289],[120.63783,24.18947]]}},{"type":"Feature","properties":{"id":"0000100017700B","name":"國道1號(大雅到台中)"},"geometry":{"type":"LineString","coordinates":[[120.63783,24.18947],[120.63627,24.1863],[120.6342,24.18111]]}},{"type":"Feature","properties":{"id":"0000100017800B","name":"國道1號(大雅到台中)"},"geometry":{"type":"LineString","coordinates":[[120.6342,24.18111],[120.63335,24.17918]]}},{"type":"Feature","properties":{"id":"0000100017830B","name":"國道1號(台中到南屯)"},"geometry":{"type":"LineString","coordinates":[[120.63335,24.17918],[120.63181,24.17646],[120.6293,24.17336]]}},{"type":"Feature","properties":{"id":"0000100017900B","name":"國道1號(台中到南屯)"},"geometry":{"type":"LineString","coordinates":[[120.6293,24.17336],[120.62861,24.17263]]}},{"type":"Feature","properties":{"id":"0000100017920B","name":"國道1號(台中到南屯)"},"geometry":{"type":"LineString","coordinates":[[120.62861,24.17263],[120.62541,24.16924],[120.62326,24.16628]]}},{"type":"Feature","properties":{"id":"0000100018000B","name":"國道1號(台中到南屯)"},"geometry":{"type":"LineString","coordinates":[[120.62326,24.16628],[120.6213,24.16219],[120.62034,24.15828]]}},{"type":"Feature","properties":{"id":"0000100018100B","name":"國道1號(南屯到王田)"},"geometry":{"type":"LineString","coordinates":[[120.62034,24.15828],[120.61941,24.1488]]}},{"type":"Feature","properties":{"id":"0000100018200B","name":"國道1號(南屯到王田)"},"geometry":{"type":"LineString","coordinates":[[120.61941,24.1488],[120.61889,24.14555]]}},{"type":"Feature","properties":{"id":"0000100018240B","name":"國道1號(南屯到王田)"},"geometry":{"type":"LineString","coordinates":[[120.61889,24.14555],[120.618,24.13989]]}},{"type":"Feature","properties":{"id":"0000100018300B","name":"國道1號(南屯到王田)"},"geometry":{"type":"LineString","coordinates":[[120.618,24.13989],[120.61726,24.13092]]}},{"type":"Feature","properties":{"id":"0000100018400B","name":"國道1號(南屯到王田)"},"geometry":{"type":"LineString","coordinates":[[120.61726,24.13092],[120.6168,24.12549],[120.61604,24.122]]}},{"type":"Feature","properties":{"id":"0000100018500B","name":"國道1號(南屯到王田)"},"geometry":{"type":"LineString","coordinates":[[120.61604,24.122],[120.61511,24.1196],[120.61391,24.11757],[120.61248,24.11588],[120.61087,24.1145]]}},{"type":"Feature","properties":{"id":"0000100018600B","name":"國道1號(南屯到王田)"},"geometry":{"type":"LineString","coordinates":[[120.61087,24.1145],[120.6085,24.11305],[120.60625,24.11217],[120.60364,24.11167],[120.60187,24.11171]]}},{"type":"Feature","properties":{"id":"0000100018700B","name":"國道1號(南屯到王田)"},"geometry":{"type":"LineString","coordinates":[[120.60187,24.11171],[120.6002,24.11201],[120.59855,24.1126],[120.59322,24.11567]]}},{"type":"Feature","properties":{"id":"0000100018800B","name":"國道1號(南屯到王田)"},"geometry":{"type":"LineString","coordinates":[[120.59322,24.11567],[120.59013,24.11722],[120.58732,24.11816]]}},{"type":"Feature","properties":{"id":"0000100018870B","name":"國道1號(南屯到王田)"},"geometry":{"type":"LineString","coordinates":[[120.58732,24.11816],[120.58372,24.11886]]}},{"type":"Feature","properties":{"id":"0000100018910B","name":"國道1號(南屯到王田)"},"geometry":{"type":"LineString","coordinates":[[120.58372,24.11886],[120.58234,24.11898]]}},{"type":"Feature","properties":{"id":"0000100018920B","name":"國道1號(王田到彰化系統)"},"geometry":{"type":"LineString","coordinates":[[120.58234,24.11898],[120.57987,24.119],[120.57751,24.11877],[120.57424,24.11788]]}},{"type":"Feature","properties":{"id":"0000100019000B","name":"國道1號(王田到彰化系統)"},"geometry":{"type":"LineString","coordinates":[[120.57424,24.11788],[120.57186,24.11672],[120.57003,24.11537]]}},{"type":"Feature","properties":{"id":"0000100019060B","name":"國道1號(王田到彰化系統)"},"geometry":{"type":"LineString","coordinates":[[120.57003,24.11537],[120.56687,24.11202]]}},{"type":"Feature","properties":{"id":"0000100019100B","name":"國道1號(王田到彰化系統)"},"geometry":{"type":"LineString","coordinates":[[120.56687,24.11202],[120.56511,24.10998]]}},{"type":"Feature","properties":{"id":"0000100019130N","name":"國道1號(王田到彰化系統)"},"geometry":{"type":"LineString","coordinates":[[120.56511,24.10998],[120.56076,24.10496]]}},{"type":"Feature","properties":{"id":"0000100019200N","name":"國道1號(王田到彰化系統)"},"geometry":{"type":"LineString","coordinates":[[120.56076,24.10496],[120.5579,24.1019]]}},{"type":"Feature","properties":{"id":"0000100019250N","name":"國道1號(彰化系統到彰化)"},"geometry":{"type":"LineString","coordinates":[[120.5579,24.1019],[120.55594,24.10047],[120.55341,24.0992]]}},{"type":"Feature","properties":{"id":"0000100019300N","name":"國道1號(彰化系統到彰化)"},"geometry":{"type":"LineString","coordinates":[[120.55341,24.0992],[120.55012,24.09828],[120.54852,24.09812]]}},{"type":"Feature","properties":{"id":"0000100019360N","name":"國道1號(彰化系統到彰化)"},"geometry":{"type":"LineString","coordinates":[[120.54852,24.09812],[120.54379,24.09765]]}},{"type":"Feature","properties":{"id":"0000100019400N","name":"國道1號(彰化系統到彰化)"},"geometry":{"type":"LineString","coordinates":[[120.54379,24.09765],[120.54169,24.09715],[120.53949,24.09627],[120.53728,24.09501],[120.5351,24.09348]]}},{"type":"Feature","properties":{"id":"0000100019500N","name":"國道1號(彰化系統到彰化)"},"geometry":{"type":"LineString","coordinates":[[120.5351,24.09348],[120.53138,24.09009],[120.52858,24.08673]]}},{"type":"Feature","properties":{"id":"0000100019600N","name":"國道1號(彰化系統到彰化)"},"geometry":{"type":"LineString","coordinates":[[120.52858,24.08673],[120.52584,24.0824],[120.52422,24.07868]]}},{"type":"Feature","properties":{"id":"0000100019700N","name":"國道1號(彰化系統到彰化)"},"geometry":{"type":"LineString","coordinates":[[120.52422,24.07868],[120.52325,24.07544],[120.52267,24.07187]]}},{"type":"Feature","properties":{"id":"0000100019790N","name":"國道1號(彰化系統到彰化)"},"geometry":{"type":"LineString","coordinates":[[120.52267,24.07187],[120.52251,24.06985]]}},{"type":"Feature","properties":{"id":"0000100019800N","name":"國道1號(彰化到埔鹽系統)"},"geometry":{"type":"LineString","coordinates":[[120.52251,24.06985],[120.52258,24.06594],[120.52309,24.06087]]}},{"type":"Feature","properties":{"id":"0000100019900N","name":"國道1號(彰化到埔鹽系統)"},"geometry":{"type":"LineString","coordinates":[[120.52309,24.06087],[120.52327,24.05927]]}},{"type":"Feature","properties":{"id":"0000100019920N","name":"國道1號(彰化到埔鹽系統)"},"geometry":{"type":"LineString","coordinates":[[120.52327,24.05927],[120.52379,24.05196]]}},{"type":"Feature","properties":{"id":"0000100020000N","name":"國道1號(彰化到埔鹽系統)"},"geometry":{"type":"LineString","coordinates":[[120.52379,24.05196],[120.52365,24.047],[120.52317,24.04292]]}},{"type":"Feature","properties":{"id":"0000100020100N","name":"國道1號(彰化到埔鹽系統)"},"geometry":{"type":"LineString","coordinates":[[120.52317,24.04292],[120.52229,24.03849],[120.52104,24.03413]]}},{"type":"Feature","properties":{"id":"0000100020200N","name":"國道1號(彰化到埔鹽系統)"},"geometry":{"type":"LineString","coordinates":[[120.52104,24.03413],[120.51791,24.02559]]}},{"type":"Feature","properties":{"id":"0000100020300N","name":"國道1號(彰化到埔鹽系統)"},"geometry":{"type":"LineString","coordinates":[[120.51791,24.02559],[120.51626,24.02097],[120.51514,24.01696]]}},{"type":"Feature","properties":{"id":"0000100020400N","name":"國道1號(彰化到埔鹽系統)"},"geometry":{"type":"LineString","coordinates":[[120.51514,24.01696],[120.51302,24.00817]]}},{"type":"Feature","properties":{"id":"0000100020500N","name":"國道1號(彰化到埔鹽系統)"},"geometry":{"type":"LineString","coordinates":[[120.51302,24.00817],[120.51097,23.99936]]}},{"type":"Feature","properties":{"id":"0000100020600N","name":"國道1號(彰化到埔鹽系統)"},"geometry":{"type":"LineString","coordinates":[[120.51097,23.99936],[120.50878,23.98987]]}},{"type":"Feature","properties":{"id":"0000100020710N","name":"國道1號(彰化到埔鹽系統)"},"geometry":{"type":"LineString","coordinates":[[120.50878,23.98987],[120.50777,23.9855]]}},{"type":"Feature","properties":{"id":"0000100020760N","name":"國道1號(埔鹽系統到員林)"},"geometry":{"type":"LineString","coordinates":[[120.50777,23.9855],[120.50697,23.98175]]}},{"type":"Feature","properties":{"id":"0000100020800N","name":"國道1號(埔鹽系統到員林)"},"geometry":{"type":"LineString","coordinates":[[120.50697,23.98175],[120.50662,23.97961]]}},{"type":"Feature","properties":{"id":"0000100020830N","name":"國道1號(埔鹽系統到員林)"},"geometry":{"type":"LineString","coordinates":[[120.50662,23.97961],[120.50606,23.9728]]}},{"type":"Feature","properties":{"id":"0000100020900N","name":"國道1號(埔鹽系統到員林)"},"geometry":{"type":"LineString","coordinates":[[120.50606,23.9728],[120.50626,23.96381]]}},{"type":"Feature","properties":{"id":"0000100021000N","name":"國道1號(埔鹽系統到員林)"},"geometry":{"type":"LineString","coordinates":[[120.50626,23.96381],[120.50638,23.96112]]}},{"type":"Feature","properties":{"id":"0000100021030N","name":"國道1號(員林到北斗)"},"geometry":{"type":"LineString","coordinates":[[120.50638,23.96112],[120.50638,23.95481]]}},{"type":"Feature","properties":{"id":"0000100021100N","name":"國道1號(員林到北斗)"},"geometry":{"type":"LineString","coordinates":[[120.50638,23.95481],[120.50589,23.94964]]}},{"type":"Feature","properties":{"id":"0000100021160N","name":"國道1號(員林到北斗)"},"geometry":{"type":"LineString","coordinates":[[120.50589,23.94964],[120.50524,23.94587]]}},{"type":"Feature","properties":{"id":"0000100021200N","name":"國道1號(員林到北斗)"},"geometry":{"type":"LineString","coordinates":[[120.50524,23.94587],[120.50418,23.94164],[120.5027,23.93717]]}},{"type":"Feature","properties":{"id":"0000100021300N","name":"國道1號(員林到北斗)"},"geometry":{"type":"LineString","coordinates":[[120.5027,23.93717],[120.49936,23.92871]]}},{"type":"Feature","properties":{"id":"0000100021400N","name":"國道1號(員林到北斗)"},"geometry":{"type":"LineString","coordinates":[[120.49936,23.92871],[120.49792,23.92386],[120.49739,23.91993]]}},{"type":"Feature","properties":{"id":"0000100021500N","name":"國道1號(員林到北斗)"},"geometry":{"type":"LineString","coordinates":[[120.49739,23.91993],[120.49739,23.91627],[120.49775,23.91095]]}},{"type":"Feature","properties":{"id":"0000100021600N","name":"國道1號(員林到北斗)"},"geometry":{"type":"LineString","coordinates":[[120.49775,23.91095],[120.49791,23.90702],[120.49735,23.90197]]}},{"type":"Feature","properties":{"id":"0000100021700N","name":"國道1號(員林到北斗)"},"geometry":{"type":"LineString","coordinates":[[120.49735,23.90197],[120.49639,23.89835],[120.49461,23.89334]]}},{"type":"Feature","properties":{"id":"0000100021870N","name":"國道1號(員林到北斗)"},"geometry":{"type":"LineString","coordinates":[[120.49461,23.89334],[120.49261,23.88771],[120.49182,23.88472]]}},{"type":"Feature","properties":{"id":"0000100021900N","name":"國道1號(員林到北斗)"},"geometry":{"type":"LineString","coordinates":[[120.49182,23.88472],[120.49084,23.87952]]}},{"type":"Feature","properties":{"id":"0000100021960N","name":"國道1號(員林到北斗)"},"geometry":{"type":"LineString","coordinates":[[120.49084,23.87952],[120.49037,23.87583]]}},{"type":"Feature","properties":{"id":"0000100022000N","name":"國道1號(北斗到西螺服務區)"},"geometry":{"type":"LineString","coordinates":[[120.49037,23.87583],[120.48928,23.86759]]}},{"type":"Feature","properties":{"id":"0000100022100N","name":"國道1號(北斗到西螺服務區)"},"geometry":{"type":"LineString","coordinates":[[120.48928,23.86759],[120.48866,23.86478],[120.48672,23.85818]]}},{"type":"Feature","properties":{"id":"0000100022200N","name":"國道1號(北斗到西螺服務區)"},"geometry":{"type":"LineString","coordinates":[[120.48672,23.85818],[120.48549,23.85371],[120.48466,23.84939]]}},{"type":"Feature","properties":{"id":"0000100022300N","name":"國道1號(北斗到西螺服務區)"},"geometry":{"type":"LineString","coordinates":[[120.48466,23.84939],[120.48421,23.84492],[120.48417,23.8404]]}},{"type":"Feature","properties":{"id":"0000100022400N","name":"國道1號(北斗到西螺服務區)"},"geometry":{"type":"LineString","coordinates":[[120.48417,23.8404],[120.48474,23.83144]]}},{"type":"Feature","properties":{"id":"0000100022500N","name":"國道1號(北斗到西螺服務區)"},"geometry":{"type":"LineString","coordinates":[[120.48474,23.83144],[120.4852,23.82244]]}},{"type":"Feature","properties":{"id":"0000100022600N","name":"國道1號(北斗到西螺服務區)"},"geometry":{"type":"LineString","coordinates":[[120.4852,23.82244],[120.48505,23.81679]]}},{"type":"Feature","properties":{"id":"0000100022670N","name":"國道1號(北斗到西螺服務區)"},"geometry":{"type":"LineString","coordinates":[[120.48505,23.81679],[120.48476,23.81345]]}},{"type":"Feature","properties":{"id":"0000100022700N","name":"國道1號(北斗到西螺服務區)"},"geometry":{"type":"LineString","coordinates":[[120.48476,23.81345],[120.48374,23.80647]]}},{"type":"Feature","properties":{"id":"0000100022780P","name":"國道1號(北斗到西螺服務區)"},"geometry":{"type":"LineString","coordinates":[[120.48374,23.80647],[120.48336,23.80455]]}},{"type":"Feature","properties":{"id":"0000100022800P","name":"國道1號(西螺服務區到西螺)"},"geometry":{"type":"LineString","coordinates":[[120.48336,23.80455],[120.48104,23.79585]]}},{"type":"Feature","properties":{"id":"0000100022900P","name":"國道1號(西螺服務區到西螺)"},"geometry":{"type":"LineString","coordinates":[[120.48104,23.79585],[120.48062,23.79459]]}},{"type":"Feature","properties":{"id":"0000100022920P","name":"國道1號(西螺服務區到西螺)"},"geometry":{"type":"LineString","coordinates":[[120.48062,23.79459],[120.47778,23.78731]]}},{"type":"Feature","properties":{"id":"0000100023000P","name":"國道1號(西螺到虎尾)"},"geometry":{"type":"LineString","coordinates":[[120.47778,23.78731],[120.47407,23.77899]]}},{"type":"Feature","properties":{"id":"0000100023100P","name":"國道1號(西螺到虎尾)"},"geometry":{"type":"LineString","coordinates":[[120.47407,23.77899],[120.47232,23.77503]]}},{"type":"Feature","properties":{"id":"0000100023150P","name":"國道1號(西螺到虎尾)"},"geometry":{"type":"LineString","coordinates":[[120.47232,23.77503],[120.47059,23.77056]]}},{"type":"Feature","properties":{"id":"0000100023200P","name":"國道1號(西螺到虎尾)"},"geometry":{"type":"LineString","coordinates":[[120.47059,23.77056],[120.46917,23.76609],[120.46819,23.76184]]}},{"type":"Feature","properties":{"id":"0000100023300P","name":"國道1號(西螺到虎尾)"},"geometry":{"type":"LineString","coordinates":[[120.46819,23.76184],[120.46754,23.75721],[120.46736,23.75287]]}},{"type":"Feature","properties":{"id":"0000100023400P","name":"國道1號(西螺到虎尾)"},"geometry":{"type":"LineString","coordinates":[[120.46736,23.75287],[120.46741,23.74958],[120.46811,23.74392]]}},{"type":"Feature","properties":{"id":"0000100023500P","name":"國道1號(西螺到虎尾)"},"geometry":{"type":"LineString","coordinates":[[120.46811,23.74392],[120.46872,23.74071]]}},{"type":"Feature","properties":{"id":"0000100023540P","name":"國道1號(虎尾到斗南)"},"geometry":{"type":"LineString","coordinates":[[120.46872,23.74071],[120.47048,23.73521]]}},{"type":"Feature","properties":{"id":"0000100023600P","name":"國道1號(虎尾到斗南)"},"geometry":{"type":"LineString","coordinates":[[120.47048,23.73521],[120.47191,23.73131]]}},{"type":"Feature","properties":{"id":"0000100023650P","name":"國道1號(虎尾到斗南)"},"geometry":{"type":"LineString","coordinates":[[120.47191,23.73131],[120.47367,23.72669]]}},{"type":"Feature","properties":{"id":"0000100023700P","name":"國道1號(虎尾到斗南)"},"geometry":{"type":"LineString","coordinates":[[120.47367,23.72669],[120.47512,23.72159],[120.47576,23.7179]]}},{"type":"Feature","properties":{"id":"0000100023800P","name":"國道1號(虎尾到斗南)"},"geometry":{"type":"LineString","coordinates":[[120.47576,23.7179],[120.47606,23.71425],[120.47588,23.70891]]}},{"type":"Feature","properties":{"id":"0000100023900P","name":"國道1號(虎尾到斗南)"},"geometry":{"type":"LineString","coordinates":[[120.47588,23.70891],[120.47525,23.70448],[120.47409,23.70009]]}},{"type":"Feature","properties":{"id":"0000100024000P","name":"國道1號(虎尾到斗南)"},"geometry":{"type":"LineString","coordinates":[[120.47409,23.70009],[120.47296,23.69683]]}},{"type":"Feature","properties":{"id":"0000100024040P","name":"國道1號(虎尾到斗南)"},"geometry":{"type":"LineString","coordinates":[[120.47296,23.69683],[120.47074,23.69164]]}},{"type":"Feature","properties":{"id":"0000100024100P","name":"國道1號(斗南到雲林系統)"},"geometry":{"type":"LineString","coordinates":[[120.47074,23.69164],[120.46927,23.68888]]}},{"type":"Feature","properties":{"id":"0000100024140P","name":"國道1號(斗南到雲林系統)"},"geometry":{"type":"LineString","coordinates":[[120.46927,23.68888],[120.46613,23.6837]]}},{"type":"Feature","properties":{"id":"0000100024200P","name":"國道1號(斗南到雲林系統)"},"geometry":{"type":"LineString","coordinates":[[120.46613,23.6837],[120.46122,23.6759]]}},{"type":"Feature","properties":{"id":"0000100024300P","name":"國道1號(斗南到雲林系統)"},"geometry":{"type":"LineString","coordinates":[[120.46122,23.6759],[120.4591,23.67257]]}},{"type":"Feature","properties":{"id":"0000100024350P","name":"國道1號(雲林系統到大林)"},"geometry":{"type":"LineString","coordinates":[[120.4591,23.67257],[120.45632,23.6681]]}},{"type":"Feature","properties":{"id":"0000100024400P","name":"國道1號(雲林系統到大林)"},"geometry":{"type":"LineString","coordinates":[[120.45632,23.6681],[120.45252,23.66162]]}},{"type":"Feature","properties":{"id":"0000100024490P","name":"國道1號(雲林系統到大林)"},"geometry":{"type":"LineString","coordinates":[[120.45252,23.66162],[120.45173,23.66014]]}},{"type":"Feature","properties":{"id":"0000100024500P","name":"國道1號(雲林系統到大林)"},"geometry":{"type":"LineString","coordinates":[[120.45173,23.66014],[120.44774,23.65192]]}},{"type":"Feature","properties":{"id":"0000100024600P","name":"國道1號(雲林系統到大林)"},"geometry":{"type":"LineString","coordinates":[[120.44774,23.65192],[120.44417,23.64351]]}},{"type":"Feature","properties":{"id":"0000100024700P","name":"國道1號(雲林系統到大林)"},"geometry":{"type":"LineString","coordinates":[[120.44417,23.64351],[120.44164,23.63481]]}},{"type":"Feature","properties":{"id":"0000100024800P","name":"國道1號(雲林系統到大林)"},"geometry":{"type":"LineString","coordinates":[[120.44164,23.63481],[120.43955,23.6262]]}},{"type":"Feature","properties":{"id":"0000100024900Q","name":"國道1號(雲林系統到大林)"},"geometry":{"type":"LineString","coordinates":[[120.43955,23.6262],[120.43785,23.61695]]}},{"type":"Feature","properties":{"id":"0000100025020Q","name":"國道1號(大林到民雄)"},"geometry":{"type":"LineString","coordinates":[[120.43785,23.61695],[120.43633,23.60798]]}},{"type":"Feature","properties":{"id":"0000100025110Q","name":"國道1號(大林到民雄)"},"geometry":{"type":"LineString","coordinates":[[120.43633,23.60798],[120.4348,23.59937]]}},{"type":"Feature","properties":{"id":"0000100025200Q","name":"國道1號(大林到民雄)"},"geometry":{"type":"LineString","coordinates":[[120.4348,23.59937],[120.43381,23.59516],[120.43247,23.59064]]}},{"type":"Feature","properties":{"id":"0000100025300Q","name":"國道1號(大林到民雄)"},"geometry":{"type":"LineString","coordinates":[[120.43247,23.59064],[120.43081,23.5863],[120.42892,23.58225]]}},{"type":"Feature","properties":{"id":"0000100025400Q","name":"國道1號(大林到民雄)"},"geometry":{"type":"LineString","coordinates":[[120.42892,23.58225],[120.42456,23.57419]]}},{"type":"Feature","properties":{"id":"0000100025500Q","name":"國道1號(大林到民雄)"},"geometry":{"type":"LineString","coordinates":[[120.42456,23.57419],[120.42048,23.566]]}},{"type":"Feature","properties":{"id":"0000100025600Q","name":"國道1號(大林到民雄)"},"geometry":{"type":"LineString","coordinates":[[120.42048,23.566],[120.41761,23.55861]]}},{"type":"Feature","properties":{"id":"0000100025690Q","name":"國道1號(大林到民雄)"},"geometry":{"type":"LineString","coordinates":[[120.41761,23.55861],[120.41719,23.55752]]}},{"type":"Feature","properties":{"id":"0000100025700Q","name":"國道1號(民雄到嘉義)"},"geometry":{"type":"LineString","coordinates":[[120.41719,23.55752],[120.41395,23.54902]]}},{"type":"Feature","properties":{"id":"0000100025800Q","name":"國道1號(民雄到嘉義)"},"geometry":{"type":"LineString","coordinates":[[120.41395,23.54902],[120.41351,23.54787]]}},{"type":"Feature","properties":{"id":"0000100025820Q","name":"國道1號(民雄到嘉義)"},"geometry":{"type":"LineString","coordinates":[[120.41351,23.54787],[120.41071,23.54052]]}},{"type":"Feature","properties":{"id":"0000100025900Q","name":"國道1號(民雄到嘉義)"},"geometry":{"type":"LineString","coordinates":[[120.41071,23.54052],[120.40747,23.53204]]}},{"type":"Feature","properties":{"id":"0000100026000Q","name":"國道1號(民雄到嘉義)"},"geometry":{"type":"LineString","coordinates":[[120.40747,23.53204],[120.40529,23.52614],[120.40464,23.52344]]}},{"type":"Feature","properties":{"id":"0000100026100Q","name":"國道1號(民雄到嘉義)"},"geometry":{"type":"LineString","coordinates":[[120.40464,23.52344],[120.4036,23.51449]]}},{"type":"Feature","properties":{"id":"0000100026200Q","name":"國道1號(民雄到嘉義)"},"geometry":{"type":"LineString","coordinates":[[120.4036,23.51449],[120.40239,23.50972],[120.40066,23.50594]]}},{"type":"Feature","properties":{"id":"0000100026300Q","name":"國道1號(民雄到嘉義)"},"geometry":{"type":"LineString","coordinates":[[120.40066,23.50594],[120.39889,23.50317],[120.39639,23.50016]]}},{"type":"Feature","properties":{"id":"0000100026380I","name":"國道1號(民雄到嘉義)"},"geometry":{"type":"LineString","coordinates":[[120.39639,23.50016],[120.39608,23.49982]]}},{"type":"Feature","properties":{"id":"0000100026390I","name":"國道1號(民雄到嘉義)"},"geometry":{"type":"LineString","coordinates":[[120.39608,23.49982],[120.395,23.49866]]}},{"type":"Feature","properties":{"id":"0000100026400I","name":"國道1號(民雄到嘉義)"},"geometry":{"type":"LineString","coordinates":[[120.395,23.49866],[120.3895,23.49276]]}},{"type":"Feature","properties":{"id":"0000100026490Q","name":"國道1號(嘉義到水上)"},"geometry":{"type":"LineString","coordinates":[[120.3895,23.49276],[120.38871,23.49175]]}},{"type":"Feature","properties":{"id":"0000100026500Q","name":"國道1號(嘉義到水上)"},"geometry":{"type":"LineString","coordinates":[[120.38871,23.49175],[120.38723,23.48985]]}},{"type":"Feature","properties":{"id":"0000100026530Q","name":"國道1號(嘉義到水上)"},"geometry":{"type":"LineString","coordinates":[[120.38723,23.48985],[120.38349,23.48413]]}},{"type":"Feature","properties":{"id":"0000100026600Q","name":"國道1號(嘉義到水上)"},"geometry":{"type":"LineString","coordinates":[[120.38349,23.48413],[120.38147,23.48027],[120.3796,23.47586]]}},{"type":"Feature","properties":{"id":"0000100026700Q","name":"國道1號(嘉義到水上)"},"geometry":{"type":"LineString","coordinates":[[120.3796,23.47586],[120.37839,23.47225],[120.37711,23.46716]]}},{"type":"Feature","properties":{"id":"0000100026800Q","name":"國道1號(嘉義到水上)"},"geometry":{"type":"LineString","coordinates":[[120.37711,23.46716],[120.37581,23.46142],[120.37488,23.4584]]}},{"type":"Feature","properties":{"id":"0000100026900Q","name":"國道1號(嘉義到水上)"},"geometry":{"type":"LineString","coordinates":[[120.37488,23.4584],[120.37312,23.45432],[120.3708,23.45026]]}},{"type":"Feature","properties":{"id":"0000100027000Q","name":"國道1號(水上到嘉義系統)"},"geometry":{"type":"LineString","coordinates":[[120.3708,23.45026],[120.36897,23.44749]]}},{"type":"Feature","properties":{"id":"0000100027040Q","name":"國道1號(水上到嘉義系統)"},"geometry":{"type":"LineString","coordinates":[[120.36897,23.44749],[120.36522,23.44215]]}},{"type":"Feature","properties":{"id":"0000100027110Q","name":"國道1號(水上到嘉義系統)"},"geometry":{"type":"LineString","coordinates":[[120.36522,23.44215],[120.36263,23.43828],[120.36066,23.43485]]}},{"type":"Feature","properties":{"id":"0000100027200Q","name":"國道1號(水上到嘉義系統)"},"geometry":{"type":"LineString","coordinates":[[120.36066,23.43485],[120.35795,23.42888]]}},{"type":"Feature","properties":{"id":"0000100027280Q","name":"國道1號(嘉義系統到新營服務區)"},"geometry":{"type":"LineString","coordinates":[[120.35795,23.42888],[120.3571,23.42648]]}},{"type":"Feature","properties":{"id":"0000100027300Q","name":"國道1號(嘉義系統到新營服務區)"},"geometry":{"type":"LineString","coordinates":[[120.3571,23.42648],[120.35619,23.42333],[120.3554,23.41961]]}},{"type":"Feature","properties":{"id":"0000100027380Q","name":"國道1號(嘉義系統到新營服務區)"},"geometry":{"type":"LineString","coordinates":[[120.3554,23.41961],[120.3551,23.41767]]}},{"type":"Feature","properties":{"id":"0000100027400Q","name":"國道1號(嘉義系統到新營服務區)"},"geometry":{"type":"LineString","coordinates":[[120.3551,23.41767],[120.35468,23.41288],[120.35469,23.4087]]}},{"type":"Feature","properties":{"id":"0000100027500Q","name":"國道1號(嘉義系統到新營服務區)"},"geometry":{"type":"LineString","coordinates":[[120.35469,23.4087],[120.35504,23.40152]]}},{"type":"Feature","properties":{"id":"0000100027580D","name":"國道1號(嘉義系統到新營服務區)"},"geometry":{"type":"LineString","coordinates":[[120.35504,23.40152],[120.35514,23.3997]]}},{"type":"Feature","properties":{"id":"0000100027600D","name":"國道1號(嘉義系統到新營服務區)"},"geometry":{"type":"LineString","coordinates":[[120.35514,23.3997],[120.35536,23.39071]]}},{"type":"Feature","properties":{"id":"0000100027700D","name":"國道1號(嘉義系統到新營服務區)"},"geometry":{"type":"LineString","coordinates":[[120.35536,23.39071],[120.35494,23.38633],[120.35401,23.38181]]}},{"type":"Feature","properties":{"id":"0000100027800D","name":"國道1號(嘉義系統到新營服務區)"},"geometry":{"type":"LineString","coordinates":[[120.35401,23.38181],[120.35266,23.37759],[120.35078,23.37333]]}},{"type":"Feature","properties":{"id":"0000100027900D","name":"國道1號(嘉義系統到新營服務區)"},"geometry":{"type":"LineString","coordinates":[[120.35078,23.37333],[120.34826,23.36899],[120.3458,23.36561]]}},{"type":"Feature","properties":{"id":"0000100028000D","name":"國道1號(嘉義系統到新營服務區)"},"geometry":{"type":"LineString","coordinates":[[120.3458,23.36561],[120.34248,23.36192],[120.33922,23.35897]]}},{"type":"Feature","properties":{"id":"0000100028140D","name":"國道1號(嘉義系統到新營服務區)"},"geometry":{"type":"LineString","coordinates":[[120.33922,23.35897],[120.33517,23.35586],[120.33153,23.35343]]}},{"type":"Feature","properties":{"id":"0000100028200D","name":"國道1號(嘉義系統到新營服務區)"},"geometry":{"type":"LineString","coordinates":[[120.33153,23.35343],[120.32341,23.34838]]}},{"type":"Feature","properties":{"id":"0000100028300D","name":"國道1號(嘉義系統到新營服務區)"},"geometry":{"type":"LineString","coordinates":[[120.32341,23.34838],[120.31919,23.34561],[120.31586,23.34316]]}},{"type":"Feature","properties":{"id":"0000100028400D","name":"國道1號(新營服務區到新營)"},"geometry":{"type":"LineString","coordinates":[[120.31586,23.34316],[120.31358,23.34129],[120.31,23.33789]]}},{"type":"Feature","properties":{"id":"0000100028490D","name":"國道1號(新營服務區到新營)"},"geometry":{"type":"LineString","coordinates":[[120.31,23.33789],[120.30873,23.33652]]}},{"type":"Feature","properties":{"id":"0000100028500D","name":"國道1號(新營服務區到新營)"},"geometry":{"type":"LineString","coordinates":[[120.30873,23.33652],[120.30558,23.33269],[120.30313,23.32915]]}},{"type":"Feature","properties":{"id":"0000100028600D","name":"國道1號(新營服務區到新營)"},"geometry":{"type":"LineString","coordinates":[[120.30313,23.32915],[120.29873,23.32109]]}},{"type":"Feature","properties":{"id":"0000100028700D","name":"國道1號(新營服務區到新營)"},"geometry":{"type":"LineString","coordinates":[[120.29873,23.32109],[120.294,23.3123]]}},{"type":"Feature","properties":{"id":"0000100028810D","name":"國道1號(新營到下營系統)"},"geometry":{"type":"LineString","coordinates":[[120.294,23.3123],[120.28931,23.30535]]}},{"type":"Feature","properties":{"id":"0000100028900D","name":"國道1號(新營到下營系統)"},"geometry":{"type":"LineString","coordinates":[[120.28931,23.30535],[120.28666,23.30185]]}},{"type":"Feature","properties":{"id":"0000100028950D","name":"國道1號(新營到下營系統)"},"geometry":{"type":"LineString","coordinates":[[120.28666,23.30185],[120.28393,23.29781]]}},{"type":"Feature","properties":{"id":"0000100029000D","name":"國道1號(新營到下營系統)"},"geometry":{"type":"LineString","coordinates":[[120.28393,23.29781],[120.27986,23.28962]]}},{"type":"Feature","properties":{"id":"0000100029100D","name":"國道1號(新營到下營系統)"},"geometry":{"type":"LineString","coordinates":[[120.27986,23.28962],[120.27699,23.28496],[120.27463,23.28206]]}},{"type":"Feature","properties":{"id":"0000100029200D","name":"國道1號(新營到下營系統)"},"geometry":{"type":"LineString","coordinates":[[120.27463,23.28206],[120.26801,23.27542]]}},{"type":"Feature","properties":{"id":"0000100029300D","name":"國道1號(新營到下營系統)"},"geometry":{"type":"LineString","coordinates":[[120.26801,23.27542],[120.2652,23.27183],[120.26286,23.26778]]}},{"type":"Feature","properties":{"id":"0000100029400D","name":"國道1號(新營到下營系統)"},"geometry":{"type":"LineString","coordinates":[[120.26286,23.26778],[120.25893,23.25953]]}},{"type":"Feature","properties":{"id":"0000100029500D","name":"國道1號(新營到下營系統)"},"geometry":{"type":"LineString","coordinates":[[120.25893,23.25953],[120.25486,23.25135]]}},{"type":"Feature","properties":{"id":"0000100029600D","name":"國道1號(新營到下營系統)"},"geometry":{"type":"LineString","coordinates":[[120.25486,23.25135],[120.25048,23.24329]]}},{"type":"Feature","properties":{"id":"0000100029700D","name":"國道1號(新營到下營系統)"},"geometry":{"type":"LineString","coordinates":[[120.25048,23.24329],[120.24612,23.23525]]}},{"type":"Feature","properties":{"id":"0000100029800D","name":"國道1號(新營到下營系統)"},"geometry":{"type":"LineString","coordinates":[[120.24612,23.23525],[120.24193,23.22711]]}},{"type":"Feature","properties":{"id":"0000100029900D","name":"國道1號(新營到下營系統)"},"geometry":{"type":"LineString","coordinates":[[120.24193,23.22711],[120.24055,23.22374]]}},{"type":"Feature","properties":{"id":"0000100029940D","name":"國道1號(下營系統到麻豆)"},"geometry":{"type":"LineString","coordinates":[[120.24055,23.22374],[120.23885,23.21858]]}},{"type":"Feature","properties":{"id":"0000100030000D","name":"國道1號(下營系統到麻豆)"},"geometry":{"type":"LineString","coordinates":[[120.23885,23.21858],[120.23775,23.21412]]}},{"type":"Feature","properties":{"id":"0000100030060D","name":"國道1號(下營系統到麻豆)"},"geometry":{"type":"LineString","coordinates":[[120.23775,23.21412],[120.23701,23.20974]]}},{"type":"Feature","properties":{"id":"0000100030100D","name":"國道1號(下營系統到麻豆)"},"geometry":{"type":"LineString","coordinates":[[120.23701,23.20974],[120.23659,23.20558],[120.23639,23.20075]]}},{"type":"Feature","properties":{"id":"0000100030200D","name":"國道1號(下營系統到麻豆)"},"geometry":{"type":"LineString","coordinates":[[120.23639,23.20075],[120.23626,23.19175]]}},{"type":"Feature","properties":{"id":"0000100030300D","name":"國道1號(下營系統到麻豆)"},"geometry":{"type":"LineString","coordinates":[[120.23626,23.19175],[120.23601,23.18719]]}},{"type":"Feature","properties":{"id":"0000100030350D","name":"國道1號(下營系統到麻豆)"},"geometry":{"type":"LineString","coordinates":[[120.23601,23.18719],[120.23559,23.18276]]}},{"type":"Feature","properties":{"id":"0000100030400D","name":"國道1號(麻豆到安定)"},"geometry":{"type":"LineString","coordinates":[[120.23559,23.18276],[120.23436,23.17562]]}},{"type":"Feature","properties":{"id":"0000100030490D","name":"國道1號(麻豆到安定)"},"geometry":{"type":"LineString","coordinates":[[120.23436,23.17562],[120.23399,23.17391]]}},{"type":"Feature","properties":{"id":"0000100030500D","name":"國道1號(麻豆到安定)"},"geometry":{"type":"LineString","coordinates":[[120.23399,23.17391],[120.23173,23.16516]]}},{"type":"Feature","properties":{"id":"0000100030600D","name":"國道1號(麻豆到安定)"},"geometry":{"type":"LineString","coordinates":[[120.23173,23.16516],[120.23093,23.16087],[120.23057,23.15623]]}},{"type":"Feature","properties":{"id":"0000100030700D","name":"國道1號(麻豆到安定)"},"geometry":{"type":"LineString","coordinates":[[120.23057,23.15623],[120.23065,23.15246],[120.23134,23.14729]]}},{"type":"Feature","properties":{"id":"0000100030800D","name":"國道1號(麻豆到安定)"},"geometry":{"type":"LineString","coordinates":[[120.23134,23.14729],[120.23238,23.14314],[120.23401,23.13865]]}},{"type":"Feature","properties":{"id":"0000100030900D","name":"國道1號(麻豆到安定)"},"geometry":{"type":"LineString","coordinates":[[120.23401,23.13865],[120.23612,23.13396]]}},{"type":"Feature","properties":{"id":"0000100030960D","name":"國道1號(麻豆到安定)"},"geometry":{"type":"LineString","coordinates":[[120.23612,23.13396],[120.2378,23.13034]]}},{"type":"Feature","properties":{"id":"0000100031000D","name":"國道1號(麻豆到安定)"},"geometry":{"type":"LineString","coordinates":[[120.2378,23.13034],[120.24034,23.12499]]}},{"type":"Feature","properties":{"id":"0000100031070D","name":"國道1號(麻豆到安定)"},"geometry":{"type":"LineString","coordinates":[[120.24034,23.12499],[120.24087,23.12383]]}},{"type":"Feature","properties":{"id":"0000100031080D","name":"國道1號(麻豆到安定)"},"geometry":{"type":"LineString","coordinates":[[120.24087,23.12383],[120.24165,23.12208]]}},{"type":"Feature","properties":{"id":"0000100031100D","name":"國道1號(安定到台南系統)"},"geometry":{"type":"LineString","coordinates":[[120.24165,23.12208],[120.24497,23.11361]]}},{"type":"Feature","properties":{"id":"0000100031200D","name":"國道1號(安定到台南系統)"},"geometry":{"type":"LineString","coordinates":[[120.24497,23.11361],[120.24536,23.11245]]}},{"type":"Feature","properties":{"id":"0000100031220D","name":"國道1號(安定到台南系統)"},"geometry":{"type":"LineString","coordinates":[[120.24536,23.11245],[120.24763,23.10495]]}},{"type":"Feature","properties":{"id":"0000100031300D","name":"國道1號(安定到台南系統)"},"geometry":{"type":"LineString","coordinates":[[120.24763,23.10495],[120.24954,23.09609]]}},{"type":"Feature","properties":{"id":"0000100031460D","name":"國道1號(安定到台南系統)"},"geometry":{"type":"LineString","coordinates":[[120.24954,23.09609],[120.25112,23.08726]]}},{"type":"Feature","properties":{"id":"0000100031500D","name":"國道1號(安定到台南系統)"},"geometry":{"type":"LineString","coordinates":[[120.25112,23.08726],[120.25134,23.08565]]}},{"type":"Feature","properties":{"id":"0000100031520D","name":"國道1號(台南系統到永康)"},"geometry":{"type":"LineString","coordinates":[[120.25134,23.08565],[120.25224,23.07831]]}},{"type":"Feature","properties":{"id":"0000100031600D","name":"國道1號(台南系統到永康)"},"geometry":{"type":"LineString","coordinates":[[120.25224,23.07831],[120.2527,23.07309]]}},{"type":"Feature","properties":{"id":"0000100031660D","name":"國道1號(台南系統到永康)"},"geometry":{"type":"LineString","coordinates":[[120.2527,23.07309],[120.25295,23.06932]]}},{"type":"Feature","properties":{"id":"0000100031700D","name":"國道1號(台南系統到永康)"},"geometry":{"type":"LineString","coordinates":[[120.25295,23.06932],[120.25324,23.05973]]}},{"type":"Feature","properties":{"id":"0000100031810D","name":"國道1號(台南系統到永康)"},"geometry":{"type":"LineString","coordinates":[[120.25324,23.05973],[120.25324,23.05689]]}},{"type":"Feature","properties":{"id":"0000100031840D","name":"國道1號(台南系統到永康)"},"geometry":{"type":"LineString","coordinates":[[120.25324,23.05689],[120.25293,23.05134]]}},{"type":"Feature","properties":{"id":"0000100031900D","name":"國道1號(永康到大灣)"},"geometry":{"type":"LineString","coordinates":[[120.25293,23.05134],[120.25211,23.04594]]}},{"type":"Feature","properties":{"id":"0000100031970D","name":"國道1號(永康到大灣)"},"geometry":{"type":"LineString","coordinates":[[120.25211,23.04594],[120.25146,23.04245]]}},{"type":"Feature","properties":{"id":"0000100032000D","name":"國道1號(永康到大灣)"},"geometry":{"type":"LineString","coordinates":[[120.25146,23.04245],[120.25064,23.03839]]}},{"type":"Feature","properties":{"id":"0000100032050D","name":"國道1號(永康到大灣)"},"geometry":{"type":"LineString","coordinates":[[120.25064,23.03839],[120.24973,23.03359]]}},{"type":"Feature","properties":{"id":"0000100032100D","name":"國道1號(永康到大灣)"},"geometry":{"type":"LineString","coordinates":[[120.24973,23.03359],[120.24926,23.02947],[120.24924,23.02661],[120.24943,23.02463]]}},{"type":"Feature","properties":{"id":"0000100032200D","name":"國道1號(永康到大灣)"},"geometry":{"type":"LineString","coordinates":[[120.24943,23.02463],[120.25056,23.01926],[120.25061,23.0175],[120.25033,23.01576]]}},{"type":"Feature","properties":{"id":"0000100032300D","name":"國道1號(永康到大灣)"},"geometry":{"type":"LineString","coordinates":[[120.25033,23.01576],[120.24874,23.01022],[120.24817,23.00698]]}},{"type":"Feature","properties":{"id":"0000100032400D","name":"國道1號(永康到大灣)"},"geometry":{"type":"LineString","coordinates":[[120.24817,23.00698],[120.24801,23.00434]]}},{"type":"Feature","properties":{"id":"0000100032430D","name":"國道1號(大灣到仁德)"},"geometry":{"type":"LineString","coordinates":[[120.24801,23.00434],[120.24808,22.99797]]}},{"type":"Feature","properties":{"id":"0000100032500D","name":"國道1號(大灣到仁德)"},"geometry":{"type":"LineString","coordinates":[[120.24808,22.99797],[120.24818,22.98899]]}},{"type":"Feature","properties":{"id":"0000100032600D","name":"國道1號(大灣到仁德)"},"geometry":{"type":"LineString","coordinates":[[120.24818,22.98899],[120.24825,22.98258]]}},{"type":"Feature","properties":{"id":"0000100032680D","name":"國道1號(大灣到仁德)"},"geometry":{"type":"LineString","coordinates":[[120.24825,22.98258],[120.24833,22.97998]]}},{"type":"Feature","properties":{"id":"0000100032700D","name":"國道1號(大灣到仁德)"},"geometry":{"type":"LineString","coordinates":[[120.24833,22.97998],[120.24864,22.97668],[120.24951,22.97105]]}},{"type":"Feature","properties":{"id":"0000100032800D","name":"國道1號(仁德到仁德系統)"},"geometry":{"type":"LineString","coordinates":[[120.24951,22.97105],[120.24998,22.96686]]}},{"type":"Feature","properties":{"id":"0000100032850D","name":"國道1號(仁德到仁德系統)"},"geometry":{"type":"LineString","coordinates":[[120.24998,22.96686],[120.24983,22.96209]]}},{"type":"Feature","properties":{"id":"0000100032900D","name":"國道1號(仁德到仁德系統)"},"geometry":{"type":"LineString","coordinates":[[120.24983,22.96209],[120.24903,22.95308]]}},{"type":"Feature","properties":{"id":"0000100033000D","name":"國道1號(仁德到仁德系統)"},"geometry":{"type":"LineString","coordinates":[[120.24903,22.95308],[120.24877,22.94865]]}},{"type":"Feature","properties":{"id":"0000100033050D","name":"國道1號(仁德系統到仁德服務區)"},"geometry":{"type":"LineString","coordinates":[[120.24877,22.94865],[120.24923,22.94416]]}},{"type":"Feature","properties":{"id":"0000100033100D","name":"國道1號(仁德系統到仁德服務區)"},"geometry":{"type":"LineString","coordinates":[[120.24923,22.94416],[120.24995,22.9413],[120.25134,22.9378]]}},{"type":"Feature","properties":{"id":"0000100033180D","name":"國道1號(仁德系統到仁德服務區)"},"geometry":{"type":"LineString","coordinates":[[120.25134,22.9378],[120.25231,22.93565]]}},{"type":"Feature","properties":{"id":"0000100033200D","name":"國道1號(仁德系統到仁德服務區)"},"geometry":{"type":"LineString","coordinates":[[120.25231,22.93565],[120.25605,22.92733]]}},{"type":"Feature","properties":{"id":"0000100033300D","name":"國道1號(仁德系統到仁德服務區)"},"geometry":{"type":"LineString","coordinates":[[120.25605,22.92733],[120.25978,22.919]]}},{"type":"Feature","properties":{"id":"0000100033400D","name":"國道1號(仁德系統到仁德服務區)"},"geometry":{"type":"LineString","coordinates":[[120.25978,22.919],[120.26352,22.9107]]}},{"type":"Feature","properties":{"id":"0000100033500D","name":"國道1號(仁德服務區到路竹)"},"geometry":{"type":"LineString","coordinates":[[120.26352,22.9107],[120.2641,22.90942]]}},{"type":"Feature","properties":{"id":"0000100033520D","name":"國道1號(仁德服務區到路竹)"},"geometry":{"type":"LineString","coordinates":[[120.2641,22.90942],[120.26736,22.90224]]}},{"type":"Feature","properties":{"id":"0000100033610D","name":"國道1號(仁德服務區到路竹)"},"geometry":{"type":"LineString","coordinates":[[120.26736,22.90224],[120.26923,22.89831]]}},{"type":"Feature","properties":{"id":"0000100033650D","name":"國道1號(仁德服務區到路竹)"},"geometry":{"type":"LineString","coordinates":[[120.26923,22.89831],[120.27007,22.89661]]}},{"type":"Feature","properties":{"id":"0000100033680E","name":"國道1號(仁德服務區到路竹)"},"geometry":{"type":"LineString","coordinates":[[120.27007,22.89661],[120.27061,22.89553]]}},{"type":"Feature","properties":{"id":"0000100033690E","name":"國道1號(仁德服務區到路竹)"},"geometry":{"type":"LineString","coordinates":[[120.27061,22.89553],[120.27129,22.89419]]}},{"type":"Feature","properties":{"id":"0000100033700E","name":"國道1號(仁德服務區到路竹)"},"geometry":{"type":"LineString","coordinates":[[120.27129,22.89419],[120.27561,22.88609]]}},{"type":"Feature","properties":{"id":"0000100033800E","name":"國道1號(路竹到高科)"},"geometry":{"type":"LineString","coordinates":[[120.27561,22.88609],[120.27721,22.88309]]}},{"type":"Feature","properties":{"id":"0000100033840E","name":"國道1號(路竹到高科)"},"geometry":{"type":"LineString","coordinates":[[120.27721,22.88309],[120.2801,22.87771]]}},{"type":"Feature","properties":{"id":"0000100033910E","name":"國道1號(路竹到高科)"},"geometry":{"type":"LineString","coordinates":[[120.2801,22.87771],[120.28392,22.86982]]}},{"type":"Feature","properties":{"id":"0000100034000E","name":"國道1號(路竹到高科)"},"geometry":{"type":"LineString","coordinates":[[120.28392,22.86982],[120.28732,22.8614]]}},{"type":"Feature","properties":{"id":"0000100034100E","name":"國道1號(路竹到高科)"},"geometry":{"type":"LineString","coordinates":[[120.28732,22.8614],[120.29112,22.85231]]}},{"type":"Feature","properties":{"id":"0000100034210E","name":"國道1號(高科到岡山)"},"geometry":{"type":"LineString","coordinates":[[120.29112,22.85231],[120.29352,22.84833],[120.29568,22.8452]]}},{"type":"Feature","properties":{"id":"0000100034300E","name":"國道1號(高科到岡山)"},"geometry":{"type":"LineString","coordinates":[[120.29568,22.8452],[120.29895,22.84039]]}},{"type":"Feature","properties":{"id":"0000100034370E","name":"國道1號(高科到岡山)"},"geometry":{"type":"LineString","coordinates":[[120.29895,22.84039],[120.30088,22.83759]]}},{"type":"Feature","properties":{"id":"0000100034400E","name":"國道1號(高科到岡山)"},"geometry":{"type":"LineString","coordinates":[[120.30088,22.83759],[120.30605,22.82995]]}},{"type":"Feature","properties":{"id":"0000100034500E","name":"國道1號(高科到岡山)"},"geometry":{"type":"LineString","coordinates":[[120.30605,22.82995],[120.30937,22.82512],[120.31097,22.82219]]}},{"type":"Feature","properties":{"id":"0000100034600E","name":"國道1號(高科到岡山)"},"geometry":{"type":"LineString","coordinates":[[120.31097,22.82219],[120.31246,22.81857],[120.3138,22.81363]]}},{"type":"Feature","properties":{"id":"0000100034700E","name":"國道1號(高科到岡山)"},"geometry":{"type":"LineString","coordinates":[[120.3138,22.81363],[120.31607,22.80484]]}},{"type":"Feature","properties":{"id":"0000100034800E","name":"國道1號(高科到岡山)"},"geometry":{"type":"LineString","coordinates":[[120.31607,22.80484],[120.31831,22.79607]]}},{"type":"Feature","properties":{"id":"0000100034900E","name":"國道1號(高科到岡山)"},"geometry":{"type":"LineString","coordinates":[[120.31831,22.79607],[120.31944,22.79176]]}},{"type":"Feature","properties":{"id":"0000100034950E","name":"國道1號(岡山到楠梓)"},"geometry":{"type":"LineString","coordinates":[[120.31944,22.79176],[120.3207,22.78737]]}},{"type":"Feature","properties":{"id":"0000100035000E","name":"國道1號(岡山到楠梓)"},"geometry":{"type":"LineString","coordinates":[[120.3207,22.78737],[120.32188,22.78391]]}},{"type":"Feature","properties":{"id":"0000100035050E","name":"國道1號(岡山到楠梓)"},"geometry":{"type":"LineString","coordinates":[[120.32188,22.78391],[120.32377,22.77882]]}},{"type":"Feature","properties":{"id":"0000100035100E","name":"國道1號(岡山到楠梓)"},"geometry":{"type":"LineString","coordinates":[[120.32377,22.77882],[120.32692,22.77029]]}},{"type":"Feature","properties":{"id":"0000100035200E","name":"國道1號(岡山到楠梓)"},"geometry":{"type":"LineString","coordinates":[[120.32692,22.77029],[120.32868,22.76598],[120.33059,22.76196]]}},{"type":"Feature","properties":{"id":"0000100035300E","name":"國道1號(岡山到楠梓)"},"geometry":{"type":"LineString","coordinates":[[120.33059,22.76196],[120.33233,22.75817],[120.33381,22.75349]]}},{"type":"Feature","properties":{"id":"0000100035400E","name":"國道1號(岡山到楠梓)"},"geometry":{"type":"LineString","coordinates":[[120.33381,22.75349],[120.33453,22.74896],[120.33459,22.74454]]}},{"type":"Feature","properties":{"id":"0000100035500E","name":"國道1號(岡山到楠梓)"},"geometry":{"type":"LineString","coordinates":[[120.33459,22.74454],[120.3345,22.74138]]}},{"type":"Feature","properties":{"id":"0000100035540E","name":"國道1號(岡山到楠梓)"},"geometry":{"type":"LineString","coordinates":[[120.3345,22.74138],[120.3343,22.73554]]}},{"type":"Feature","properties":{"id":"0000100035600E","name":"國道1號(楠梓到鼎金系統)"},"geometry":{"type":"LineString","coordinates":[[120.3343,22.73554],[120.3341,22.73023],[120.33363,22.72658]]}},{"type":"Feature","properties":{"id":"0000100035700E","name":"國道1號(楠梓到鼎金系統)"},"geometry":{"type":"LineString","coordinates":[[120.33363,22.72658],[120.33155,22.71778]]}},{"type":"Feature","properties":{"id":"0000100035800E","name":"國道1號(楠梓到鼎金系統)"},"geometry":{"type":"LineString","coordinates":[[120.33155,22.71778],[120.33092,22.71511]]}},{"type":"Feature","properties":{"id":"0000100035840E","name":"國道1號(楠梓到鼎金系統)"},"geometry":{"type":"LineString","coordinates":[[120.33092,22.71511],[120.3294,22.70901]]}},{"type":"Feature","properties":{"id":"0000100035900E","name":"國道1號(楠梓到鼎金系統)"},"geometry":{"type":"LineString","coordinates":[[120.3294,22.70901],[120.32811,22.70365],[120.32755,22.70018]]}},{"type":"Feature","properties":{"id":"0000100036000E","name":"國道1號(楠梓到鼎金系統)"},"geometry":{"type":"LineString","coordinates":[[120.32755,22.70018],[120.32736,22.69594],[120.32767,22.69117]]}},{"type":"Feature","properties":{"id":"0000100036100E","name":"國道1號(楠梓到鼎金系統)"},"geometry":{"type":"LineString","coordinates":[[120.32767,22.69117],[120.32837,22.68216]]}},{"type":"Feature","properties":{"id":"0000100036200E","name":"國道1號(楠梓到鼎金系統)"},"geometry":{"type":"LineString","coordinates":[[120.32837,22.68216],[120.32851,22.68002]]}},{"type":"Feature","properties":{"id":"0000100036230E","name":"國道1號(鼎金系統到高雄)"},"geometry":{"type":"LineString","coordinates":[[120.32851,22.68002],[120.32905,22.67322]]}},{"type":"Feature","properties":{"id":"0000100036300E","name":"國道1號(鼎金系統到高雄)"},"geometry":{"type":"LineString","coordinates":[[120.32905,22.67322],[120.32955,22.66653]]}},{"type":"Feature","properties":{"id":"0000100036380E","name":"國道1號(鼎金系統到高雄)"},"geometry":{"type":"LineString","coordinates":[[120.32955,22.66653],[120.32988,22.66426]]}},{"type":"Feature","properties":{"id":"0000100036400E","name":"國道1號(鼎金系統到高雄)"},"geometry":{"type":"LineString","coordinates":[[120.32988,22.66426],[120.33093,22.66095],[120.33344,22.65591]]}},{"type":"Feature","properties":{"id":"0000100036500E","name":"國道1號(鼎金系統到高雄)"},"geometry":{"type":"LineString","coordinates":[[120.33344,22.65591],[120.33498,22.65209],[120.33628,22.64733]]}},{"type":"Feature","properties":{"id":"0000100036600E","name":"國道1號(鼎金系統到高雄)"},"geometry":{"type":"LineString","coordinates":[[120.33628,22.64733],[120.33687,22.64385]]}},{"type":"Feature","properties":{"id":"0000100036640E","name":"國道1號(鼎金系統到高雄)"},"geometry":{"type":"LineString","coordinates":[[120.33687,22.64385],[120.3371,22.63839]]}},{"type":"Feature","properties":{"id":"0000100036700E","name":"國道1號(高雄到瑞隆路)"},"geometry":{"type":"LineString","coordinates":[[120.3371,22.63839],[120.33636,22.63103]]}},{"type":"Feature","properties":{"id":"0000100036790E","name":"國道1號(高雄到瑞隆路)"},"geometry":{"type":"LineString","coordinates":[[120.33636,22.63103],[120.33623,22.62943]]}},{"type":"Feature","properties":{"id":"0000100036800E","name":"國道1號(高雄到瑞隆路)"},"geometry":{"type":"LineString","coordinates":[[120.33623,22.62943],[120.33608,22.62673],[120.33623,22.62279]]}},{"type":"Feature","properties":{"id":"0000100036880E","name":"國道1號(高雄到瑞隆路)"},"geometry":{"type":"LineString","coordinates":[[120.33623,22.62279],[120.33647,22.62044]]}},{"type":"Feature","properties":{"id":"0000100036900E","name":"國道1號(瑞隆路到五甲系統)"},"geometry":{"type":"LineString","coordinates":[[120.33647,22.62044],[120.33732,22.61568],[120.33849,22.61165]]}},{"type":"Feature","properties":{"id":"0000100037000E","name":"國道1號(瑞隆路到五甲系統)"},"geometry":{"type":"LineString","coordinates":[[120.33849,22.61165],[120.33886,22.61069]]}},{"type":"Feature","properties":{"id":"0000100037020E","name":"國道1號(五甲系統到五甲)"},"geometry":{"type":"LineString","coordinates":[[120.33886,22.61069],[120.33968,22.60875],[120.3418,22.60485],[120.34217,22.60371]]}},{"type":"Feature","properties":{"id":"0000100037100E","name":"國道1號(五甲到中山四路)"},"geometry":{"type":"LineString","coordinates":[[120.34217,22.60371],[120.34226,22.6014],[120.34189,22.60013],[120.34112,22.59864],[120.33876,22.5953]]}},{"type":"Feature","properties":{"id":"0000100037200E","name":"國道1號(五甲到中山四路)"},"geometry":{"type":"LineString","coordinates":[[120.33876,22.5953],[120.33691,22.59309]]}},{"type":"Feature","properties":{"id":"0000100037230E","name":"國道1號(漁港路到高雄端)"},"geometry":{"type":"LineString","coordinates":[[120.33691,22.59309],[120.33459,22.59071],[120.33224,22.58865]]}},{"type":"Feature","properties":{"id":"0000100037300E","name":"國道1號(漁港路到高雄端)"},"geometry":{"type":"LineString","coordinates":[[120.33224,22.58865],[120.33014,22.58704]]}},{"type":"Feature","properties":{"id":"0000100037330E","name":"國道1號(漁港路到高雄端)"},"geometry":{"type":"LineString","coordinates":[[120.33014,22.58704],[120.32811,22.58563]]}},{"type":"Feature","properties":{"id":"0000100100000C","name":"國道1號(基隆到基隆端)"},"geometry":{"type":"LineString","coordinates":[[121.73195,25.1185],[121.73554,25.12221]]}},{"type":"Feature","properties":{"id":"0000100100050C","name":"國道1號(基隆到基隆端)"},"geometry":{"type":"LineString","coordinates":[[121.73047,25.11746],[121.73195,25.1185]]}},{"type":"Feature","properties":{"id":"0000100100070C","name":"國道1號(基隆到基隆端)"},"geometry":{"type":"LineString","coordinates":[[121.72858,25.11528],[121.72981,25.1169],[121.73047,25.11746]]}},{"type":"Feature","properties":{"id":"0000100100100C","name":"國道1號(八堵到基隆)"},"geometry":{"type":"LineString","coordinates":[[121.72652,25.11076],[121.72788,25.11404],[121.72858,25.11528]]}},{"type":"Feature","properties":{"id":"0000100100160C","name":"國道1號(八堵到基隆)"},"geometry":{"type":"LineString","coordinates":[[121.72497,25.10694],[121.72652,25.11076]]}},{"type":"Feature","properties":{"id":"0000100100200C","name":"國道1號(大華系統到八堵)"},"geometry":{"type":"LineString","coordinates":[[121.72073,25.10343],[121.7224,25.104],[121.72346,25.10468],[121.72442,25.10582],[121.72497,25.10694]]}},{"type":"Feature","properties":{"id":"0000100100270C","name":"國道1號(大華系統到八堵)"},"geometry":{"type":"LineString","coordinates":[[121.71696,25.10259],[121.72073,25.10343]]}},{"type":"Feature","properties":{"id":"0000100100300C","name":"國道1號(大華系統到八堵)"},"geometry":{"type":"LineString","coordinates":[[121.70792,25.09926],[121.7093,25.10036],[121.71111,25.10124],[121.71696,25.10259]]}},{"type":"Feature","properties":{"id":"0000100100400C","name":"國道1號(五堵到大華系統)"},"geometry":{"type":"LineString","coordinates":[[121.69887,25.09685],[121.70079,25.09753],[121.7036,25.09731],[121.70511,25.09747],[121.70627,25.09798],[121.70792,25.09926]]}},{"type":"Feature","properties":{"id":"0000100100500C","name":"國道1號(五堵到大華系統)"},"geometry":{"type":"LineString","coordinates":[[121.69526,25.08943],[121.69574,25.09031],[121.69748,25.09516],[121.69815,25.09623],[121.69887,25.09685]]}},{"type":"Feature","properties":{"id":"0000100100600C","name":"國道1號(五堵到大華系統)"},"geometry":{"type":"LineString","coordinates":[[121.69215,25.08775],[121.69408,25.08839],[121.69526,25.08943]]}},{"type":"Feature","properties":{"id":"0000100100630C","name":"國道1號(五堵到大華系統)"},"geometry":{"type":"LineString","coordinates":[[121.68533,25.08627],[121.69215,25.08775]]}},{"type":"Feature","properties":{"id":"0000100100700C","name":"國道1號(汐止到五堵)"},"geometry":{"type":"LineString","coordinates":[[121.6826,25.08587],[121.68533,25.08627]]}},{"type":"Feature","properties":{"id":"0000100100730C","name":"國道1號(汐止到五堵)"},"geometry":{"type":"LineString","coordinates":[[121.68172,25.08583],[121.6826,25.08587]]}},{"type":"Feature","properties":{"id":"0000100100740F","name":"國道1號(汐止到五堵)"},"geometry":{"type":"LineString","coordinates":[[121.67704,25.08553],[121.68172,25.08583]]}},{"type":"Feature","properties":{"id":"0000100100790C","name":"國道1號(汐止到五堵)"},"geometry":{"type":"LineString","coordinates":[[121.67553,25.08517],[121.67704,25.08553]]}},{"type":"Feature","properties":{"id":"0000100100800C","name":"國道1號(汐止到五堵)"},"geometry":{"type":"LineString","coordinates":[[121.67232,25.0839],[121.67553,25.08517]]}},{"type":"Feature","properties":{"id":"0000100100840F","name":"國道1號(汐止到五堵)"},"geometry":{"type":"LineString","coordinates":[[121.66698,25.0807],[121.67232,25.0839]]}},{"type":"Feature","properties":{"id":"0000100100900F","name":"國道1號(汐止到五堵)"},"geometry":{"type":"LineString","coordinates":[[121.65877,25.0757],[121.66698,25.0807]]}},{"type":"Feature","properties":{"id":"0000100101000F","name":"國道1號(汐止到五堵)"},"geometry":{"type":"LineString","coordinates":[[121.65766,25.07521],[121.65877,25.0757]]}},{"type":"Feature","properties":{"id":"0000100101020F","name":"國道1號(汐止系統到汐止)"},"geometry":{"type":"LineString","coordinates":[[121.65456,25.07421],[121.65766,25.07521]]}},{"type":"Feature","properties":{"id":"0000100101050F","name":"國道1號(汐止系統到汐止)"},"geometry":{"type":"LineString","coordinates":[[121.64963,25.07333],[121.65456,25.07421]]}},{"type":"Feature","properties":{"id":"0000100101100F","name":"國道1號(高架汐止端到汐止系統)"},"geometry":{"type":"LineString","coordinates":[[121.64233,25.07217],[121.64963,25.07333]]}},{"type":"Feature","properties":{"id":"0000100101180F","name":"國道1號(高架汐止端到汐止系統)"},"geometry":{"type":"LineString","coordinates":[[121.63958,25.07148],[121.64233,25.07217]]}},{"type":"Feature","properties":{"id":"0000100101200F","name":"國道1號(高架汐止端到汐止系統)"},"geometry":{"type":"LineString","coordinates":[[121.63684,25.06972],[121.63802,25.07065],[121.63958,25.07148]]}},{"type":"Feature","properties":{"id":"0000100101240F","name":"國道1號(高架汐止端到汐止系統)"},"geometry":{"type":"LineString","coordinates":[[121.63107,25.06713],[121.63367,25.06783],[121.63498,25.06847],[121.63684,25.06972]]}},{"type":"Feature","properties":{"id":"0000100101300F","name":"國道1號(東湖到高架汐止端)"},"geometry":{"type":"LineString","coordinates":[[121.62176,25.06631],[121.63107,25.06713]]}},{"type":"Feature","properties":{"id":"0000100101400F","name":"國道1號(東湖到高架汐止端)"},"geometry":{"type":"LineString","coordinates":[[121.61792,25.06605],[121.62176,25.06631]]}},{"type":"Feature","properties":{"id":"0000100101440A","name":"國道1號(東湖到高架汐止端)"},"geometry":{"type":"LineString","coordinates":[[121.61123,25.06531],[121.61792,25.06605]]}},{"type":"Feature","properties":{"id":"0000100101500A","name":"國道1號(內湖到東湖)"},"geometry":{"type":"LineString","coordinates":[[121.60704,25.06475],[121.61123,25.06531]]}},{"type":"Feature","properties":{"id":"0000100101550A","name":"國道1號(內湖到東湖)"},"geometry":{"type":"LineString","coordinates":[[121.60131,25.06401],[121.60704,25.06475]]}},{"type":"Feature","properties":{"id":"0000100101600A","name":"國道1號(內湖到東湖)"},"geometry":{"type":"LineString","coordinates":[[121.59952,25.0638],[121.60131,25.06401]]}},{"type":"Feature","properties":{"id":"0000100101620A","name":"國道1號(內湖到東湖)"},"geometry":{"type":"LineString","coordinates":[[121.59474,25.06381],[121.59665,25.06368],[121.59952,25.0638]]}},{"type":"Feature","properties":{"id":"0000100101680A","name":"國道1號(圓山到內湖)"},"geometry":{"type":"LineString","coordinates":[[121.5915,25.06445],[121.59474,25.06381]]}},{"type":"Feature","properties":{"id":"0000100101700A","name":"國道1號(圓山到內湖)"},"geometry":{"type":"LineString","coordinates":[[121.5869,25.06613],[121.5915,25.06445]]}},{"type":"Feature","properties":{"id":"0000100101760A","name":"國道1號(圓山到內湖)"},"geometry":{"type":"LineString","coordinates":[[121.58292,25.06777],[121.5869,25.06613]]}},{"type":"Feature","properties":{"id":"0000100101800A","name":"國道1號(圓山到內湖)"},"geometry":{"type":"LineString","coordinates":[[121.5736,25.07059],[121.57931,25.0692],[121.58292,25.06777]]}},{"type":"Feature","properties":{"id":"0000100101900A","name":"國道1號(圓山到內湖)"},"geometry":{"type":"LineString","coordinates":[[121.56334,25.07105],[121.56897,25.07104],[121.5736,25.07059]]}},{"type":"Feature","properties":{"id":"0000100102000A","name":"國道1號(圓山到內湖)"},"geometry":{"type":"LineString","coordinates":[[121.55375,25.07298],[121.55674,25.07276],[121.56157,25.07127],[121.56334,25.07105]]}},{"type":"Feature","properties":{"id":"0000100102100A","name":"國道1號(圓山到內湖)"},"geometry":{"type":"LineString","coordinates":[[121.54383,25.07318],[121.55375,25.07298]]}},{"type":"Feature","properties":{"id":"0000100102200A","name":"國道1號(圓山到內湖)"},"geometry":{"type":"LineString","coordinates":[[121.53726,25.07298],[121.54008,25.07324],[121.54383,25.07318]]}},{"type":"Feature","properties":{"id":"0000100102270A","name":"國道1號(圓山到內湖)"},"geometry":{"type":"LineString","coordinates":[[121.53669,25.07292],[121.53726,25.07298]]}},{"type":"Feature","properties":{"id":"0000100102280A","name":"國道1號(圓山到內湖)"},"geometry":{"type":"LineString","coordinates":[[121.53388,25.07257],[121.53669,25.07292]]}},{"type":"Feature","properties":{"id":"0000100102300A","name":"國道1號(台北到圓山)"},"geometry":{"type":"LineString","coordinates":[[121.53019,25.07324],[121.53223,25.07263],[121.53388,25.07257]]}},{"type":"Feature","properties":{"id":"0000100102350A","name":"國道1號(台北到圓山)"},"geometry":{"type":"LineString","coordinates":[[121.5246,25.07539],[121.53019,25.07324]]}},{"type":"Feature","properties":{"id":"0000100102400A","name":"國道1號(台北到圓山)"},"geometry":{"type":"LineString","coordinates":[[121.51936,25.07694],[121.5246,25.07539]]}},{"type":"Feature","properties":{"id":"0000100102470A","name":"國道1號(台北到圓山)"},"geometry":{"type":"LineString","coordinates":[[121.51517,25.07767],[121.51936,25.07694]]}},{"type":"Feature","properties":{"id":"0000100102500A","name":"國道1號(三重到台北)"},"geometry":{"type":"LineString","coordinates":[[121.51388,25.07783],[121.51517,25.07767]]}},{"type":"Feature","properties":{"id":"0000100102510A","name":"國道1號(三重到台北)"},"geometry":{"type":"LineString","coordinates":[[121.51371,25.07785],[121.51388,25.07783]]}},{"type":"Feature","properties":{"id":"0000100102520A","name":"國道1號(三重到台北)"},"geometry":{"type":"LineString","coordinates":[[121.509,25.07805],[121.51371,25.07785]]}},{"type":"Feature","properties":{"id":"0000100102560A","name":"國道1號(三重到台北)"},"geometry":{"type":"LineString","coordinates":[[121.5048,25.07782],[121.509,25.07805]]}},{"type":"Feature","properties":{"id":"0000100102610F","name":"國道1號(三重到台北)"},"geometry":{"type":"LineString","coordinates":[[121.49776,25.07645],[121.50116,25.07727],[121.5048,25.07782]]}},{"type":"Feature","properties":{"id":"0000100102680F","name":"國道1號(三重到台北)"},"geometry":{"type":"LineString","coordinates":[[121.49552,25.07595],[121.49776,25.07645]]}},{"type":"Feature","properties":{"id":"0000100102700F","name":"國道1號(五股轉接道到三重)"},"geometry":{"type":"LineString","coordinates":[[121.49106,25.07489],[121.49552,25.07595]]}},{"type":"Feature","properties":{"id":"0000100102750F","name":"國道1號(五股轉接道到三重)"},"geometry":{"type":"LineString","coordinates":[[121.48593,25.07369],[121.49106,25.07489]]}},{"type":"Feature","properties":{"id":"0000100102800F","name":"國道1號(五股轉接道到三重)"},"geometry":{"type":"LineString","coordinates":[[121.47621,25.07388],[121.47827,25.07343],[121.4812,25.07319],[121.48365,25.0733],[121.48593,25.07369]]}},{"type":"Feature","properties":{"id":"0000100102900F","name":"國道1號(五股轉接道到三重)"},"geometry":{"type":"LineString","coordinates":[[121.4665,25.07575],[121.46985,25.07543],[121.47621,25.07388]]}},{"type":"Feature","properties":{"id":"0000100103000F","name":"國道1號(五股轉接道到三重)"},"geometry":{"type":"LineString","coordinates":[[121.45679,25.07405],[121.46156,25.07536],[121.46452,25.07572],[121.4665,25.07575]]}},{"type":"Feature","properties":{"id":"0000100103100F","name":"國道1號(五股轉接道到三重)"},"geometry":{"type":"LineString","coordinates":[[121.45152,25.07248],[121.45679,25.07405]]}},{"type":"Feature","properties":{"id":"0000100103160F","name":"國道1號(五股轉接道到三重)"},"geometry":{"type":"LineString","coordinates":[[121.44738,25.07123],[121.45152,25.07248]]}},{"type":"Feature","properties":{"id":"0000100103200F","name":"國道1號(高公局到五股)"},"geometry":{"type":"LineString","coordinates":[[121.43758,25.06866],[121.44123,25.06941],[121.44738,25.07123]]}},{"type":"Feature","properties":{"id":"0000100103310F","name":"國道1號(高公局到五股)"},"geometry":{"type":"LineString","coordinates":[[121.43,25.06813],[121.43517,25.06837],[121.43758,25.06866]]}},{"type":"Feature","properties":{"id":"0000100103380F","name":"國道1號(高公局到五股)"},"geometry":{"type":"LineString","coordinates":[[121.42803,25.06797],[121.43,25.06813]]}},{"type":"Feature","properties":{"id":"0000100103400F","name":"國道1號(泰山轉接道到高公局)"},"geometry":{"type":"LineString","coordinates":[[121.42102,25.06482],[121.42493,25.06712],[121.42664,25.06772],[121.42803,25.06797]]}},{"type":"Feature","properties":{"id":"0000100103480F","name":"國道1號(泰山轉接道到高公局)"},"geometry":{"type":"LineString","coordinates":[[121.41945,25.06382],[121.42102,25.06482]]}},{"type":"Feature","properties":{"id":"0000100103490F","name":""},"geometry":{"type":"LineString","coordinates":[[121.40824,25.05689],[121.41497,25.06068],[121.41945,25.06382]]}},{"type":"Feature","properties":{"id":"0000100103500F","name":"國道1號(林口到泰山轉接道)"},"geometry":{"type":"LineString","coordinates":[[121.41115,25.05876],[121.41945,25.06382]]}},{"type":"Feature","properties":{"id":"0000100103600F","name":"國道1號(林口到泰山轉接道)"},"geometry":{"type":"LineString","coordinates":[[121.40824,25.05689],[121.41115,25.05876]]}},{"type":"Feature","properties":{"id":"0000100103640F","name":"國道1號(林口到泰山轉接道)"},"geometry":{"type":"LineString","coordinates":[[121.40238,25.05536],[121.40375,25.05529],[121.40514,25.05547],[121.40668,25.05601],[121.40824,25.05689]]}},{"type":"Feature","properties":{"id":"0000100103700F","name":"國道1號(林口到泰山轉接道)"},"geometry":{"type":"LineString","coordinates":[[121.39528,25.06095],[121.39777,25.05782],[121.39902,25.0567],[121.40058,25.05584],[121.40238,25.05536]]}},{"type":"Feature","properties":{"id":"0000100103800F","name":"國道1號(林口到泰山轉接道)"},"geometry":{"type":"LineString","coordinates":[[121.38671,25.06491],[121.38909,25.06483],[121.39128,25.06422],[121.39324,25.06298],[121.39528,25.06095]]}},{"type":"Feature","properties":{"id":"0000100103900F","name":"國道1號(林口到泰山轉接道)"},"geometry":{"type":"LineString","coordinates":[[121.38016,25.06498],[121.38174,25.06454],[121.38306,25.06441],[121.38671,25.06491]]}},{"type":"Feature","properties":{"id":"0000100103970H","name":"國道1號(林口到泰山轉接道)"},"geometry":{"type":"LineString","coordinates":[[121.37714,25.06587],[121.38016,25.06498]]}},{"type":"Feature","properties":{"id":"0000100104000H","name":"國道1號(林口到泰山轉接道)"},"geometry":{"type":"LineString","coordinates":[[121.37578,25.06593],[121.37714,25.06587]]}},{"type":"Feature","properties":{"id":"0000100104020H","name":"國道1號(林口到泰山轉接道)"},"geometry":{"type":"LineString","coordinates":[[121.36708,25.065],[121.37578,25.06593]]}},{"type":"Feature","properties":{"id":"0000100104100H","name":"國道1號(林口到泰山轉接道)"},"geometry":{"type":"LineString","coordinates":[[121.35685,25.06491],[121.36127,25.06478],[121.36708,25.065]]}},{"type":"Feature","properties":{"id":"0000100104210H","name":"國道1號(桃園到林口)"},"geometry":{"type":"LineString","coordinates":[[121.34769,25.06552],[121.35028,25.06547],[121.35685,25.06491]]}},{"type":"Feature","properties":{"id":"0000100104300H","name":"國道1號(桃園到林口)"},"geometry":{"type":"LineString","coordinates":[[121.33779,25.06334],[121.33997,25.06425],[121.34229,25.06492],[121.34437,25.06528],[121.34769,25.06552]]}},{"type":"Feature","properties":{"id":"0000100104400H","name":"國道1號(桃園到林口)"},"geometry":{"type":"LineString","coordinates":[[121.33011,25.05768],[121.33344,25.06066],[121.33535,25.06199],[121.33779,25.06334]]}},{"type":"Feature","properties":{"id":"0000100104500H","name":"國道1號(桃園到林口)"},"geometry":{"type":"LineString","coordinates":[[121.3242,25.05045],[121.32558,25.05187],[121.33011,25.05768]]}},{"type":"Feature","properties":{"id":"0000100104600H","name":"國道1號(桃園到林口)"},"geometry":{"type":"LineString","coordinates":[[121.3155,25.04615],[121.32125,25.0484],[121.32295,25.04943],[121.3242,25.05045]]}},{"type":"Feature","properties":{"id":"0000100104700H","name":"國道1號(桃園到林口)"},"geometry":{"type":"LineString","coordinates":[[121.30649,25.0424],[121.3155,25.04615]]}},{"type":"Feature","properties":{"id":"0000100104800H","name":"國道1號(桃園到林口)"},"geometry":{"type":"LineString","coordinates":[[121.30346,25.04085],[121.30649,25.0424]]}},{"type":"Feature","properties":{"id":"0000100104840H","name":"國道1號(桃園到林口)"},"geometry":{"type":"LineString","coordinates":[[121.2981,25.03794],[121.30346,25.04085]]}},{"type":"Feature","properties":{"id":"0000100104900H","name":"國道1號(機場系統到桃園)"},"geometry":{"type":"LineString","coordinates":[[121.29238,25.03429],[121.2981,25.03794]]}},{"type":"Feature","properties":{"id":"0000100104970H","name":"國道1號(機場系統到桃園)"},"geometry":{"type":"LineString","coordinates":[[121.28985,25.03249],[121.29238,25.03429]]}},{"type":"Feature","properties":{"id":"0000100105000H","name":"國道1號(機場系統到桃園)"},"geometry":{"type":"LineString","coordinates":[[121.28638,25.02982],[121.28985,25.03249]]}},{"type":"Feature","properties":{"id":"0000100105046H","name":"國道1號(機場系統到桃園)"},"geometry":{"type":"LineString","coordinates":[[121.28242,25.02647],[121.28638,25.02982]]}},{"type":"Feature","properties":{"id":"0000100105100H","name":"國道1號(機場系統到桃園)"},"geometry":{"type":"LineString","coordinates":[[121.27932,25.02371],[121.28242,25.02647]]}},{"type":"Feature","properties":{"id":"0000100105150H","name":"國道1號(機場系統到桃園)"},"geometry":{"type":"LineString","coordinates":[[121.27532,25.0202],[121.27932,25.02371]]}},{"type":"Feature","properties":{"id":"0000100105200H","name":"國道1號(中壢服務區到機場系統)"},"geometry":{"type":"LineString","coordinates":[[121.2682,25.01453],[121.27532,25.0202]]}},{"type":"Feature","properties":{"id":"0000100105300H","name":"國道1號(中壢服務區到機場系統)"},"geometry":{"type":"LineString","coordinates":[[121.26028,25.00836],[121.2682,25.01453]]}},{"type":"Feature","properties":{"id":"0000100105400H","name":"國道1號(中壢服務區到機場系統)"},"geometry":{"type":"LineString","coordinates":[[121.25498,25.00428],[121.26028,25.00836]]}},{"type":"Feature","properties":{"id":"0000100105480H","name":"國道1號(中壢服務區到機場系統)"},"geometry":{"type":"LineString","coordinates":[[121.25274,25.00251],[121.25498,25.00428]]}},{"type":"Feature","properties":{"id":"0000100105500H","name":"國道1號(內壢到中壢服務區)"},"geometry":{"type":"LineString","coordinates":[[121.24975,25.00018],[121.25274,25.00251]]}},{"type":"Feature","properties":{"id":"0000100105540H","name":"國道1號(內壢到中壢服務區)"},"geometry":{"type":"LineString","coordinates":[[121.24548,24.99638],[121.24975,25.00018]]}},{"type":"Feature","properties":{"id":"0000100105600H","name":"國道1號(內壢到中壢服務區)"},"geometry":{"type":"LineString","coordinates":[[121.2428,24.99369],[121.24548,24.99638]]}},{"type":"Feature","properties":{"id":"0000100105650H","name":"國道1號(中壢轉接一到內壢)"},"geometry":{"type":"LineString","coordinates":[[121.2388,24.98972],[121.2428,24.99369]]}},{"type":"Feature","properties":{"id":"0000100105700H","name":"國道1號(中壢轉接一到內壢)"},"geometry":{"type":"LineString","coordinates":[[121.2371,24.98802],[121.2388,24.98972]]}},{"type":"Feature","properties":{"id":"0000100105730H","name":"國道1號(中壢轉接一到內壢)"},"geometry":{"type":"LineString","coordinates":[[121.2334,24.98434],[121.2371,24.98802]]}},{"type":"Feature","properties":{"id":"0000100105790H","name":"國道1號(中壢轉接一到內壢)"},"geometry":{"type":"LineString","coordinates":[[121.23201,24.98315],[121.2334,24.98434]]}},{"type":"Feature","properties":{"id":"0000100105800H","name":"國道1號(中壢轉接二到中壢轉接一)"},"geometry":{"type":"LineString","coordinates":[[121.2254,24.97749],[121.23201,24.98315]]}},{"type":"Feature","properties":{"id":"0000100105900H","name":"國道1號(中壢轉接二到中壢轉接一)"},"geometry":{"type":"LineString","coordinates":[[121.22252,24.97502],[121.2254,24.97749]]}},{"type":"Feature","properties":{"id":"0000100105932H","name":""},"geometry":{"type":"LineString","coordinates":[[121.21758,24.97079],[121.22252,24.97502]]}},{"type":"Feature","properties":{"id":"0000100106000H","name":"國道1號(中壢轉接二到中壢轉接一)"},"geometry":{"type":"LineString","coordinates":[[121.21641,24.96979],[121.21758,24.97079]]}},{"type":"Feature","properties":{"id":"0000100106020H","name":"國道1號(中壢到中壢轉接二)"},"geometry":{"type":"LineString","coordinates":[[121.21003,24.96497],[121.21307,24.96704],[121.21641,24.96979]]}},{"type":"Feature","properties":{"id":"0000100106100H","name":"國道1號(中壢到中壢轉接二)"},"geometry":{"type":"LineString","coordinates":[[121.2023,24.95961],[121.20407,24.96104],[121.21003,24.96497]]}},{"type":"Feature","properties":{"id":"0000100106200H","name":"國道1號(中壢到中壢轉接二)"},"geometry":{"type":"LineString","coordinates":[[121.19807,24.95455],[121.19955,24.95672],[121.2023,24.95961]]}},{"type":"Feature","properties":{"id":"0000100106270H","name":"國道1號(平鎮系統到中壢)"},"geometry":{"type":"LineString","coordinates":[[121.19674,24.95202],[121.19807,24.95455]]}},{"type":"Feature","properties":{"id":"0000100106300H","name":"國道1號(平鎮系統到中壢)"},"geometry":{"type":"LineString","coordinates":[[121.19407,24.94336],[121.19583,24.94963],[121.19674,24.95202]]}},{"type":"Feature","properties":{"id":"0000100106400H","name":"國道1號(平鎮系統到中壢)"},"geometry":{"type":"LineString","coordinates":[[121.19342,24.94134],[121.19407,24.94336]]}},{"type":"Feature","properties":{"id":"0000100106430H","name":"國道1號(幼獅到平鎮系統)"},"geometry":{"type":"LineString","coordinates":[[121.18937,24.93554],[121.19173,24.93823],[121.19342,24.94134]]}},{"type":"Feature","properties":{"id":"0000100106500H","name":"國道1號(幼獅到平鎮系統)"},"geometry":{"type":"LineString","coordinates":[[121.18368,24.93194],[121.18666,24.93345],[121.18937,24.93554]]}},{"type":"Feature","properties":{"id":"0000100106580H","name":"國道1號(幼獅到平鎮系統)"},"geometry":{"type":"LineString","coordinates":[[121.18093,24.93097],[121.18368,24.93194]]}},{"type":"Feature","properties":{"id":"0000100106600H","name":"國道1號(幼獅到平鎮系統)"},"geometry":{"type":"LineString","coordinates":[[121.17382,24.92746],[121.17703,24.92947],[121.18093,24.93097]]}},{"type":"Feature","properties":{"id":"0000100106690H","name":"國道1號(幼獅到平鎮系統)"},"geometry":{"type":"LineString","coordinates":[[121.17253,24.92636],[121.17382,24.92746]]}},{"type":"Feature","properties":{"id":"0000100106700H","name":"國道1號(楊梅到幼獅)"},"geometry":{"type":"LineString","coordinates":[[121.16817,24.91929],[121.16973,24.92292],[121.17128,24.92506],[121.17253,24.92636]]}},{"type":"Feature","properties":{"id":"0000100106800H","name":"國道1號(楊梅到幼獅)"},"geometry":{"type":"LineString","coordinates":[[121.1662,24.91372],[121.16817,24.91929]]}},{"type":"Feature","properties":{"id":"0000100106860H","name":"國道1號(楊梅到幼獅)"},"geometry":{"type":"LineString","coordinates":[[121.16488,24.90995],[121.1662,24.91372]]}},{"type":"Feature","properties":{"id":"0000100106900H","name":"國道1號(高架楊梅端到楊梅)"},"geometry":{"type":"LineString","coordinates":[[121.16233,24.90518],[121.16366,24.90697],[121.16488,24.90995]]}},{"type":"Feature","properties":{"id":"0000100106960H","name":"國道1號(高架楊梅端到楊梅)"},"geometry":{"type":"LineString","coordinates":[[121.1592,24.90289],[121.16081,24.9039],[121.16233,24.90518]]}},{"type":"Feature","properties":{"id":"0000100107000H","name":"國道1號(高架楊梅端到楊梅)"},"geometry":{"type":"LineString","coordinates":[[121.154,24.90105],[121.15692,24.90189],[121.1592,24.90289]]}},{"type":"Feature","properties":{"id":"0000100107060H","name":"國道1號(湖口到高架楊梅端)"},"geometry":{"type":"LineString","coordinates":[[121.14989,24.89993],[121.154,24.90105]]}},{"type":"Feature","properties":{"id":"0000100107100H","name":"國道1號(湖口到高架楊梅端)"},"geometry":{"type":"LineString","coordinates":[[121.14038,24.89738],[121.14989,24.89993]]}},{"type":"Feature","properties":{"id":"0000100107200H","name":"國道1號(湖口到高架楊梅端)"},"geometry":{"type":"LineString","coordinates":[[121.13087,24.89481],[121.14038,24.89738]]}},{"type":"Feature","properties":{"id":"0000100107300H","name":"國道1號(湖口到高架楊梅端)"},"geometry":{"type":"LineString","coordinates":[[121.12125,24.89296],[121.1256,24.89348],[121.13087,24.89481]]}},{"type":"Feature","properties":{"id":"0000100107400H","name":"國道1號(湖口到高架楊梅端)"},"geometry":{"type":"LineString","coordinates":[[121.1107,24.89337],[121.11886,24.89291],[121.12125,24.89296]]}},{"type":"Feature","properties":{"id":"0000100107510J","name":"國道1號(湖口到高架楊梅端)"},"geometry":{"type":"LineString","coordinates":[[121.10188,24.8917],[121.10624,24.8929],[121.1107,24.89337]]}},{"type":"Feature","properties":{"id":"0000100107600J","name":"國道1號(湖口到高架楊梅端)"},"geometry":{"type":"LineString","coordinates":[[121.0934,24.88707],[121.09851,24.89017],[121.10188,24.8917]]}},{"type":"Feature","properties":{"id":"0000100107700J","name":"國道1號(湖口到高架楊梅端)"},"geometry":{"type":"LineString","coordinates":[[121.08406,24.88466],[121.08732,24.88489],[121.08912,24.88525],[121.09129,24.886],[121.0934,24.88707]]}},{"type":"Feature","properties":{"id":"0000100107800J","name":"國道1號(湖口到高架楊梅端)"},"geometry":{"type":"LineString","coordinates":[[121.07446,24.88254],[121.07697,24.88355],[121.07934,24.88418],[121.08406,24.88466]]}},{"type":"Feature","properties":{"id":"0000100107900J","name":"國道1號(湖口到高架楊梅端)"},"geometry":{"type":"LineString","coordinates":[[121.06617,24.87768],[121.06854,24.87886],[121.07446,24.88254]]}},{"type":"Feature","properties":{"id":"0000100108000J","name":"國道1號(湖口到高架楊梅端)"},"geometry":{"type":"LineString","coordinates":[[121.05659,24.87599],[121.05927,24.87605],[121.06162,24.87635],[121.06364,24.87681],[121.06617,24.87768]]}},{"type":"Feature","properties":{"id":"0000100108100J","name":"國道1號(湖口到高架楊梅端)"},"geometry":{"type":"LineString","coordinates":[[121.04673,24.87659],[121.05659,24.87599]]}},{"type":"Feature","properties":{"id":"0000100108200J","name":"國道1號(湖口到高架楊梅端)"},"geometry":{"type":"LineString","coordinates":[[121.03669,24.87685],[121.04149,24.87693],[121.04673,24.87659]]}},{"type":"Feature","properties":{"id":"0000100108310J","name":"國道1號(湖口到高架楊梅端)"},"geometry":{"type":"LineString","coordinates":[[121.02706,24.8751],[121.03166,24.87622],[121.03669,24.87685]]}},{"type":"Feature","properties":{"id":"0000100108400J","name":"國道1號(湖口服務區到湖口)"},"geometry":{"type":"LineString","coordinates":[[121.02392,24.87396],[121.02706,24.8751]]}},{"type":"Feature","properties":{"id":"0000100108440J","name":"國道1號(湖口服務區到湖口)"},"geometry":{"type":"LineString","coordinates":[[121.01837,24.87082],[121.02158,24.8729],[121.02392,24.87396]]}},{"type":"Feature","properties":{"id":"0000100108500J","name":"國道1號(湖口服務區到湖口)"},"geometry":{"type":"LineString","coordinates":[[121.01406,24.86652],[121.01646,24.86916],[121.01837,24.87082]]}},{"type":"Feature","properties":{"id":"0000100108570J","name":"國道1號(湖口服務區到湖口)"},"geometry":{"type":"LineString","coordinates":[[121.01227,24.8638],[121.01406,24.86652]]}},{"type":"Feature","properties":{"id":"0000100108600J","name":"國道1號(竹北到湖口服務區)"},"geometry":{"type":"LineString","coordinates":[[121.01099,24.85723],[121.01074,24.85885],[121.01088,24.86034],[121.01227,24.8638]]}},{"type":"Feature","properties":{"id":"0000100108680J","name":"國道1號(竹北到湖口服務區)"},"geometry":{"type":"LineString","coordinates":[[121.01182,24.85533],[121.01099,24.85723]]}},{"type":"Feature","properties":{"id":"0000100108700J","name":"國道1號(竹北到湖口服務區)"},"geometry":{"type":"LineString","coordinates":[[121.01616,24.85108],[121.01329,24.85358],[121.01182,24.85533]]}},{"type":"Feature","properties":{"id":"0000100108770J","name":"國道1號(竹北到湖口服務區)"},"geometry":{"type":"LineString","coordinates":[[121.01781,24.84969],[121.01616,24.85108]]}},{"type":"Feature","properties":{"id":"0000100108790J","name":"國道1號(竹北到湖口服務區)"},"geometry":{"type":"LineString","coordinates":[[121.01867,24.84894],[121.01781,24.84969]]}},{"type":"Feature","properties":{"id":"0000100108800J","name":"國道1號(竹北到湖口服務區)"},"geometry":{"type":"LineString","coordinates":[[121.02238,24.8407],[121.02182,24.84413],[121.02133,24.84552],[121.02026,24.84735],[121.01867,24.84894]]}},{"type":"Feature","properties":{"id":"0000100108900J","name":"國道1號(竹北到湖口服務區)"},"geometry":{"type":"LineString","coordinates":[[121.02145,24.83173],[121.022,24.83385],[121.02237,24.83631],[121.02238,24.8407]]}},{"type":"Feature","properties":{"id":"0000100109000J","name":"國道1號(竹北到湖口服務區)"},"geometry":{"type":"LineString","coordinates":[[121.01926,24.82673],[121.02054,24.82924],[121.02145,24.83173]]}},{"type":"Feature","properties":{"id":"0000100109060J","name":"國道1號(新竹到竹北)"},"geometry":{"type":"LineString","coordinates":[[121.01727,24.82357],[121.01926,24.82673]]}},{"type":"Feature","properties":{"id":"0000100109100J","name":"國道1號(新竹到竹北)"},"geometry":{"type":"LineString","coordinates":[[121.0152,24.82029],[121.01727,24.82357]]}},{"type":"Feature","properties":{"id":"0000100109150J","name":"國道1號(新竹到竹北)"},"geometry":{"type":"LineString","coordinates":[[121.01269,24.81534],[121.0152,24.82029]]}},{"type":"Feature","properties":{"id":"0000100109200J","name":"國道1號(新竹到竹北)"},"geometry":{"type":"LineString","coordinates":[[121.01157,24.81241],[121.01269,24.81534]]}},{"type":"Feature","properties":{"id":"0000100109240O","name":"國道1號(新竹到竹北)"},"geometry":{"type":"LineString","coordinates":[[121.01018,24.80667],[121.01157,24.81241]]}},{"type":"Feature","properties":{"id":"0000100109300O","name":"國道1號(新竹到竹北)"},"geometry":{"type":"LineString","coordinates":[[121.00975,24.80407],[121.01018,24.80667]]}},{"type":"Feature","properties":{"id":"0000100109330O","name":"國道1號(新竹到竹北)"},"geometry":{"type":"LineString","coordinates":[[121.0085,24.7978],[121.00975,24.80407]]}},{"type":"Feature","properties":{"id":"0000100109400O","name":"國道1號(新竹到竹北)"},"geometry":{"type":"LineString","coordinates":[[121.00526,24.7893],[121.00736,24.79434],[121.0085,24.7978]]}},{"type":"Feature","properties":{"id":"0000100109500O","name":"國道1號(新竹系統到新竹)"},"geometry":{"type":"LineString","coordinates":[[121.00401,24.78572],[121.00526,24.7893]]}},{"type":"Feature","properties":{"id":"0000100109550O","name":"國道1號(新竹系統到新竹)"},"geometry":{"type":"LineString","coordinates":[[121.00352,24.78055],[121.0036,24.78331],[121.00401,24.78572]]}},{"type":"Feature","properties":{"id":"0000100109600O","name":"國道1號(新竹系統到新竹)"},"geometry":{"type":"LineString","coordinates":[[121.00359,24.77867],[121.00352,24.78055]]}},{"type":"Feature","properties":{"id":"0000100109630O","name":"國道1號(新竹系統到新竹)"},"geometry":{"type":"LineString","coordinates":[[121.00371,24.77565],[121.00359,24.77867]]}},{"type":"Feature","properties":{"id":"0000100109660J","name":"國道1號(新竹系統到新竹)"},"geometry":{"type":"LineString","coordinates":[[121.00331,24.77154],[121.00365,24.77374],[121.00371,24.77565]]}},{"type":"Feature","properties":{"id":"0000100109700J","name":"國道1號(新竹系統到新竹)"},"geometry":{"type":"LineString","coordinates":[[121.00243,24.76855],[121.00331,24.77154]]}},{"type":"Feature","properties":{"id":"0000100109740J","name":"國道1號(新竹系統到新竹)"},"geometry":{"type":"LineString","coordinates":[[120.99901,24.76356],[121.00106,24.76596],[121.00243,24.76855]]}},{"type":"Feature","properties":{"id":"0000100109800J","name":"國道1號(新竹系統到新竹)"},"geometry":{"type":"LineString","coordinates":[[120.99443,24.7612],[120.99743,24.76238],[120.99901,24.76356]]}},{"type":"Feature","properties":{"id":"0000100109860J","name":"國道1號(新竹系統到新竹)"},"geometry":{"type":"LineString","coordinates":[[120.99016,24.75968],[120.99262,24.76072],[120.99443,24.7612]]}},{"type":"Feature","properties":{"id":"0000100109900J","name":"國道1號(新竹系統到新竹)"},"geometry":{"type":"LineString","coordinates":[[120.98916,24.75893],[120.99016,24.75968]]}},{"type":"Feature","properties":{"id":"0000100109920J","name":"國道1號(頭份到新竹系統)"},"geometry":{"type":"LineString","coordinates":[[120.98534,24.75412],[120.98836,24.75819],[120.98916,24.75893]]}},{"type":"Feature","properties":{"id":"0000100109980J","name":"國道1號(頭份到新竹系統)"},"geometry":{"type":"LineString","coordinates":[[120.98414,24.75258],[120.98534,24.75412]]}},{"type":"Feature","properties":{"id":"0000100110000J","name":"國道1號(頭份到新竹系統)"},"geometry":{"type":"LineString","coordinates":[[120.97656,24.74689],[120.97846,24.74873],[120.98234,24.751],[120.98414,24.75258]]}},{"type":"Feature","properties":{"id":"0000100110100J","name":"國道1號(頭份到新竹系統)"},"geometry":{"type":"LineString","coordinates":[[120.97217,24.73889],[120.97397,24.74144],[120.97557,24.74519],[120.97656,24.74689]]}},{"type":"Feature","properties":{"id":"0000100110200J","name":"國道1號(頭份到新竹系統)"},"geometry":{"type":"LineString","coordinates":[[120.96464,24.73308],[120.96633,24.73453],[120.97033,24.73716],[120.97217,24.73889]]}},{"type":"Feature","properties":{"id":"0000100110300J","name":"國道1號(頭份到新竹系統)"},"geometry":{"type":"LineString","coordinates":[[120.95695,24.72776],[120.95911,24.72857],[120.96091,24.72959],[120.96242,24.73078],[120.96464,24.73308]]}},{"type":"Feature","properties":{"id":"0000100110400J","name":"國道1號(頭份到新竹系統)"},"geometry":{"type":"LineString","coordinates":[[120.94718,24.72693],[120.95343,24.72712],[120.95695,24.72776]]}},{"type":"Feature","properties":{"id":"0000100110500J","name":"國道1號(頭份到新竹系統)"},"geometry":{"type":"LineString","coordinates":[[120.93918,24.72565],[120.94292,24.72663],[120.94718,24.72693]]}},{"type":"Feature","properties":{"id":"0000100110590O","name":"國道1號(頭份到新竹系統)"},"geometry":{"type":"LineString","coordinates":[[120.93756,24.72493],[120.93918,24.72565]]}},{"type":"Feature","properties":{"id":"0000100110600O","name":"國道1號(頭份到新竹系統)"},"geometry":{"type":"LineString","coordinates":[[120.93096,24.7184],[120.93228,24.72056],[120.93376,24.72222],[120.9359,24.72396],[120.93756,24.72493]]}},{"type":"Feature","properties":{"id":"0000100110700O","name":"國道1號(頭份到新竹系統)"},"geometry":{"type":"LineString","coordinates":[[120.93023,24.71663],[120.93096,24.7184]]}},{"type":"Feature","properties":{"id":"0000100110730K","name":"國道1號(頭份到新竹系統)"},"geometry":{"type":"LineString","coordinates":[[120.92932,24.70963],[120.92963,24.71415],[120.93023,24.71663]]}},{"type":"Feature","properties":{"id":"0000100110800K","name":"國道1號(頭份到新竹系統)"},"geometry":{"type":"LineString","coordinates":[[120.92596,24.70136],[120.92743,24.70319],[120.92852,24.70519],[120.92915,24.70747],[120.92932,24.70963]]}},{"type":"Feature","properties":{"id":"0000100110900K","name":"國道1號(頭份到新竹系統)"},"geometry":{"type":"LineString","coordinates":[[120.92096,24.69571],[120.9228,24.69808],[120.92596,24.70136]]}},{"type":"Feature","properties":{"id":"0000100110990K","name":"國道1號(頭份到新竹系統)"},"geometry":{"type":"LineString","coordinates":[[120.92002,24.69421],[120.92096,24.69571]]}},{"type":"Feature","properties":{"id":"0000100111000K","name":"國道1號(頭屋到頭份)"},"geometry":{"type":"LineString","coordinates":[[120.91532,24.68702],[120.91748,24.68975],[120.92002,24.69421]]}},{"type":"Feature","properties":{"id":"0000100111100K","name":"國道1號(頭屋到頭份)"},"geometry":{"type":"LineString","coordinates":[[120.90694,24.68123],[120.91228,24.68445],[120.91532,24.68702]]}},{"type":"Feature","properties":{"id":"0000100111200K","name":"國道1號(頭屋到頭份)"},"geometry":{"type":"LineString","coordinates":[[120.89994,24.67489],[120.90157,24.67625],[120.90528,24.67994],[120.90694,24.68123]]}},{"type":"Feature","properties":{"id":"0000100111300K","name":"國道1號(頭屋到頭份)"},"geometry":{"type":"LineString","coordinates":[[120.8908,24.67178],[120.89605,24.67292],[120.89803,24.67373],[120.89994,24.67489]]}},{"type":"Feature","properties":{"id":"0000100111400K","name":"國道1號(頭屋到頭份)"},"geometry":{"type":"LineString","coordinates":[[120.8841,24.66564],[120.88517,24.66775],[120.88669,24.66954],[120.88848,24.67083],[120.8908,24.67178]]}},{"type":"Feature","properties":{"id":"0000100111500K","name":"國道1號(頭屋到頭份)"},"geometry":{"type":"LineString","coordinates":[[120.88219,24.65682],[120.88333,24.66307],[120.8841,24.66564]]}},{"type":"Feature","properties":{"id":"0000100111600K","name":"國道1號(頭屋到頭份)"},"geometry":{"type":"LineString","coordinates":[[120.87808,24.64874],[120.87963,24.65063],[120.88051,24.65214],[120.88126,24.65387],[120.88219,24.65682]]}},{"type":"Feature","properties":{"id":"0000100111700K","name":"國道1號(頭屋到頭份)"},"geometry":{"type":"LineString","coordinates":[[120.87102,24.64243],[120.87808,24.64874]]}},{"type":"Feature","properties":{"id":"0000100111800K","name":"國道1號(頭屋到頭份)"},"geometry":{"type":"LineString","coordinates":[[120.86604,24.63497],[120.86647,24.63702],[120.8674,24.6388],[120.8689,24.6405],[120.87102,24.64243]]}},{"type":"Feature","properties":{"id":"0000100111900K","name":"國道1號(頭屋到頭份)"},"geometry":{"type":"LineString","coordinates":[[120.86743,24.62611],[120.86733,24.62851],[120.8662,24.63282],[120.86604,24.63497]]}},{"type":"Feature","properties":{"id":"0000100112000K","name":"國道1號(頭屋到頭份)"},"geometry":{"type":"LineString","coordinates":[[120.86409,24.61771],[120.86667,24.62255],[120.86713,24.6241],[120.86743,24.62611]]}},{"type":"Feature","properties":{"id":"0000100112100K","name":"國道1號(頭屋到頭份)"},"geometry":{"type":"LineString","coordinates":[[120.86533,24.60901],[120.86372,24.6146],[120.86375,24.61646],[120.86409,24.61771]]}},{"type":"Feature","properties":{"id":"0000100112200K","name":"國道1號(頭屋到頭份)"},"geometry":{"type":"LineString","coordinates":[[120.86277,24.60046],[120.8643,24.60299],[120.86507,24.60486],[120.86541,24.60652],[120.86533,24.60901]]}},{"type":"Feature","properties":{"id":"0000100112300K","name":"國道1號(頭屋到頭份)"},"geometry":{"type":"LineString","coordinates":[[120.86064,24.5919],[120.86064,24.59445],[120.86099,24.59638],[120.86186,24.59881],[120.86277,24.60046]]}},{"type":"Feature","properties":{"id":"0000100112400K","name":"國道1號(頭屋到頭份)"},"geometry":{"type":"LineString","coordinates":[[120.85978,24.5831],[120.86065,24.58486],[120.86113,24.58682],[120.8611,24.58865],[120.86064,24.5919]]}},{"type":"Feature","properties":{"id":"0000100112500K","name":"國道1號(頭屋到頭份)"},"geometry":{"type":"LineString","coordinates":[[120.85833,24.58103],[120.85978,24.5831]]}},{"type":"Feature","properties":{"id":"0000100112530K","name":"國道1號(苗栗到頭屋)"},"geometry":{"type":"LineString","coordinates":[[120.85457,24.57477],[120.85603,24.57796],[120.85833,24.58103]]}},{"type":"Feature","properties":{"id":"0000100112610K","name":"國道1號(苗栗到頭屋)"},"geometry":{"type":"LineString","coordinates":[[120.85002,24.56771],[120.85199,24.56936],[120.85286,24.57059],[120.85457,24.57477]]}},{"type":"Feature","properties":{"id":"0000100112700K","name":"國道1號(苗栗到頭屋)"},"geometry":{"type":"LineString","coordinates":[[120.84351,24.56107],[120.84521,24.56355],[120.84664,24.56521],[120.84794,24.56634],[120.85002,24.56771]]}},{"type":"Feature","properties":{"id":"0000100112800K","name":"國道1號(苗栗到頭屋)"},"geometry":{"type":"LineString","coordinates":[[120.83997,24.5527],[120.84189,24.55799],[120.84351,24.56107]]}},{"type":"Feature","properties":{"id":"0000100112900K","name":"國道1號(苗栗到頭屋)"},"geometry":{"type":"LineString","coordinates":[[120.83534,24.54482],[120.837,24.54678],[120.83833,24.54883],[120.83997,24.5527]]}},{"type":"Feature","properties":{"id":"0000100113000K","name":"國道1號(苗栗到頭屋)"},"geometry":{"type":"LineString","coordinates":[[120.82965,24.53751],[120.83147,24.54044],[120.83534,24.54482]]}},{"type":"Feature","properties":{"id":"0000100113100K","name":"國道1號(苗栗到頭屋)"},"geometry":{"type":"LineString","coordinates":[[120.82631,24.52906],[120.82768,24.53163],[120.82965,24.53751]]}},{"type":"Feature","properties":{"id":"0000100113200K","name":"國道1號(苗栗到頭屋)"},"geometry":{"type":"LineString","coordinates":[[120.82364,24.52618],[120.82526,24.52771],[120.82631,24.52906]]}},{"type":"Feature","properties":{"id":"0000100113250K","name":"國道1號(苗栗到頭屋)"},"geometry":{"type":"LineString","coordinates":[[120.81987,24.52372],[120.82364,24.52618]]}},{"type":"Feature","properties":{"id":"0000100113290K","name":"國道1號(銅鑼到苗栗)"},"geometry":{"type":"LineString","coordinates":[[120.81895,24.52322],[120.81987,24.52372]]}},{"type":"Feature","properties":{"id":"0000100113300K","name":"國道1號(銅鑼到苗栗)"},"geometry":{"type":"LineString","coordinates":[[120.81679,24.52178],[120.81895,24.52322]]}},{"type":"Feature","properties":{"id":"0000100113330K","name":"國道1號(銅鑼到苗栗)"},"geometry":{"type":"LineString","coordinates":[[120.81211,24.51683],[120.81441,24.51975],[120.81679,24.52178]]}},{"type":"Feature","properties":{"id":"0000100113400K","name":"國道1號(銅鑼到苗栗)"},"geometry":{"type":"LineString","coordinates":[[120.80694,24.50921],[120.80929,24.51189],[120.81211,24.51683]]}},{"type":"Feature","properties":{"id":"0000100113500K","name":"國道1號(銅鑼到苗栗)"},"geometry":{"type":"LineString","coordinates":[[120.79847,24.50476],[120.80301,24.50649],[120.80465,24.50742],[120.80694,24.50921]]}},{"type":"Feature","properties":{"id":"0000100113600K","name":"國道1號(銅鑼到苗栗)"},"geometry":{"type":"LineString","coordinates":[[120.78939,24.50119],[120.79197,24.50246],[120.79847,24.50476]]}},{"type":"Feature","properties":{"id":"0000100113700K","name":"國道1號(銅鑼到苗栗)"},"geometry":{"type":"LineString","coordinates":[[120.78331,24.49432],[120.78409,24.4959],[120.78564,24.49806],[120.78762,24.49998],[120.78939,24.50119]]}},{"type":"Feature","properties":{"id":"0000100113800K","name":"國道1號(銅鑼到苗栗)"},"geometry":{"type":"LineString","coordinates":[[120.78213,24.4855],[120.782,24.48781],[120.78215,24.49002],[120.78273,24.49268],[120.78331,24.49432]]}},{"type":"Feature","properties":{"id":"0000100113900K","name":"國道1號(銅鑼到苗栗)"},"geometry":{"type":"LineString","coordinates":[[120.7825,24.48342],[120.78213,24.4855]]}},{"type":"Feature","properties":{"id":"0000100113930K","name":"國道1號(銅鑼到苗栗)"},"geometry":{"type":"LineString","coordinates":[[120.78495,24.47696],[120.78326,24.48088],[120.7825,24.48342]]}},{"type":"Feature","properties":{"id":"0000100114000K","name":"國道1號(三義到銅鑼)"},"geometry":{"type":"LineString","coordinates":[[120.78773,24.47046],[120.78666,24.47328],[120.78495,24.47696]]}},{"type":"Feature","properties":{"id":"0000100114080K","name":"國道1號(三義到銅鑼)"},"geometry":{"type":"LineString","coordinates":[[120.78825,24.46847],[120.78773,24.47046]]}},{"type":"Feature","properties":{"id":"0000100114100K","name":"國道1號(三義到銅鑼)"},"geometry":{"type":"LineString","coordinates":[[120.78703,24.45967],[120.78792,24.4617],[120.78848,24.46436],[120.78851,24.46664],[120.78825,24.46847]]}},{"type":"Feature","properties":{"id":"0000100114200K","name":"國道1號(三義到銅鑼)"},"geometry":{"type":"LineString","coordinates":[[120.78291,24.4516],[120.78335,24.45349],[120.78395,24.45482],[120.78703,24.45967]]}},{"type":"Feature","properties":{"id":"0000100114300K","name":"國道1號(三義到銅鑼)"},"geometry":{"type":"LineString","coordinates":[[120.78085,24.44282],[120.7821,24.44623],[120.78291,24.4516]]}},{"type":"Feature","properties":{"id":"0000100114400K","name":"國道1號(三義到銅鑼)"},"geometry":{"type":"LineString","coordinates":[[120.77839,24.43423],[120.77874,24.43787],[120.7793,24.43959],[120.78085,24.44282]]}},{"type":"Feature","properties":{"id":"0000100114500K","name":"國道1號(三義到銅鑼)"},"geometry":{"type":"LineString","coordinates":[[120.77689,24.42537],[120.77714,24.42734],[120.77822,24.43148],[120.77839,24.43423]]}},{"type":"Feature","properties":{"id":"0000100114600K","name":"國道1號(三義到銅鑼)"},"geometry":{"type":"LineString","coordinates":[[120.77498,24.41655],[120.77559,24.41969],[120.77657,24.42262],[120.77689,24.42537]]}},{"type":"Feature","properties":{"id":"0000100114700K","name":"國道1號(三義到銅鑼)"},"geometry":{"type":"LineString","coordinates":[[120.77088,24.40848],[120.77218,24.41],[120.77361,24.41236],[120.77449,24.41459],[120.77498,24.41655]]}},{"type":"Feature","properties":{"id":"0000100114800K","name":"國道1號(三義到銅鑼)"},"geometry":{"type":"LineString","coordinates":[[120.76437,24.40173],[120.76677,24.40459],[120.77088,24.40848]]}},{"type":"Feature","properties":{"id":"0000100114900K","name":"國道1號(三義到銅鑼)"},"geometry":{"type":"LineString","coordinates":[[120.76021,24.39543],[120.76437,24.40173]]}},{"type":"Feature","properties":{"id":"0000100114990K","name":"國道1號(三義到銅鑼)"},"geometry":{"type":"LineString","coordinates":[[120.75923,24.39405],[120.76021,24.39543]]}},{"type":"Feature","properties":{"id":"0000100115000K","name":"國道1號(三義到銅鑼)"},"geometry":{"type":"LineString","coordinates":[[120.75829,24.39272],[120.75923,24.39405]]}},{"type":"Feature","properties":{"id":"0000100115020K","name":"國道1號(三義到銅鑼)"},"geometry":{"type":"LineString","coordinates":[[120.75442,24.38621],[120.75588,24.38899],[120.75829,24.39272]]}},{"type":"Feature","properties":{"id":"0000100115100K","name":"國道1號(泰安服務區到三義)"},"geometry":{"type":"LineString","coordinates":[[120.75058,24.3779],[120.75442,24.38621]]}},{"type":"Feature","properties":{"id":"0000100115200K","name":"國道1號(泰安服務區到三義)"},"geometry":{"type":"LineString","coordinates":[[120.74608,24.36991],[120.74823,24.37333],[120.75058,24.3779]]}},{"type":"Feature","properties":{"id":"0000100115300K","name":"國道1號(泰安服務區到三義)"},"geometry":{"type":"LineString","coordinates":[[120.74032,24.3626],[120.74351,24.36638],[120.74608,24.36991]]}},{"type":"Feature","properties":{"id":"0000100115400K","name":"國道1號(泰安服務區到三義)"},"geometry":{"type":"LineString","coordinates":[[120.73415,24.35558],[120.74032,24.3626]]}},{"type":"Feature","properties":{"id":"0000100115500K","name":"國道1號(泰安服務區到三義)"},"geometry":{"type":"LineString","coordinates":[[120.73068,24.35161],[120.73415,24.35558]]}},{"type":"Feature","properties":{"id":"0000100115560B","name":"國道1號(泰安服務區到三義)"},"geometry":{"type":"LineString","coordinates":[[120.72799,24.34854],[120.73068,24.35161]]}},{"type":"Feature","properties":{"id":"0000100115600B","name":"國道1號(泰安服務區到三義)"},"geometry":{"type":"LineString","coordinates":[[120.72225,24.34123],[120.72422,24.34407],[120.72799,24.34854]]}},{"type":"Feature","properties":{"id":"0000100115700B","name":"國道1號(泰安服務區到三義)"},"geometry":{"type":"LineString","coordinates":[[120.7176,24.33329],[120.72225,24.34123]]}},{"type":"Feature","properties":{"id":"0000100115800B","name":"國道1號(泰安服務區到三義)"},"geometry":{"type":"LineString","coordinates":[[120.71682,24.33213],[120.7176,24.33329]]}},{"type":"Feature","properties":{"id":"0000100115820B","name":"國道1號(泰安服務區到三義)"},"geometry":{"type":"LineString","coordinates":[[120.71167,24.32612],[120.71472,24.32943],[120.71682,24.33213]]}},{"type":"Feature","properties":{"id":"0000100115900B","name":"國道1號(后里到泰安服務區)"},"geometry":{"type":"LineString","coordinates":[[120.70734,24.32141],[120.71167,24.32612]]}},{"type":"Feature","properties":{"id":"0000100115970B","name":"國道1號(后里到泰安服務區)"},"geometry":{"type":"LineString","coordinates":[[120.70555,24.31907],[120.70734,24.32141]]}},{"type":"Feature","properties":{"id":"0000100116000B","name":"國道1號(后里到泰安服務區)"},"geometry":{"type":"LineString","coordinates":[[120.70392,24.3166],[120.70555,24.31907]]}},{"type":"Feature","properties":{"id":"0000100116040B","name":"國道1號(台中系統到后里)"},"geometry":{"type":"LineString","coordinates":[[120.70105,24.31107],[120.70392,24.3166]]}},{"type":"Feature","properties":{"id":"0000100116100B","name":"國道1號(台中系統到后里)"},"geometry":{"type":"LineString","coordinates":[[120.69993,24.3085],[120.70105,24.31107]]}},{"type":"Feature","properties":{"id":"0000100116140B","name":"國道1號(台中系統到后里)"},"geometry":{"type":"LineString","coordinates":[[120.69781,24.30258],[120.69993,24.3085]]}},{"type":"Feature","properties":{"id":"0000100116200B","name":"國道1號(台中系統到后里)"},"geometry":{"type":"LineString","coordinates":[[120.69578,24.29378],[120.69667,24.29833],[120.69781,24.30258]]}},{"type":"Feature","properties":{"id":"0000100116300B","name":"國道1號(台中系統到后里)"},"geometry":{"type":"LineString","coordinates":[[120.69464,24.28484],[120.69578,24.29378]]}},{"type":"Feature","properties":{"id":"0000100116400B","name":"國道1號(台中系統到后里)"},"geometry":{"type":"LineString","coordinates":[[120.69358,24.27588],[120.69464,24.28484]]}},{"type":"Feature","properties":{"id":"0000100116500B","name":"國道1號(台中系統到后里)"},"geometry":{"type":"LineString","coordinates":[[120.6934,24.27432],[120.69358,24.27588]]}},{"type":"Feature","properties":{"id":"0000100116520B","name":"國道1號(豐原到台中系統)"},"geometry":{"type":"LineString","coordinates":[[120.69252,24.26694],[120.6934,24.27432]]}},{"type":"Feature","properties":{"id":"0000100116600B","name":"國道1號(豐原到台中系統)"},"geometry":{"type":"LineString","coordinates":[[120.69239,24.26585],[120.69252,24.26694]]}},{"type":"Feature","properties":{"id":"0000100116620B","name":"國道1號(豐原到台中系統)"},"geometry":{"type":"LineString","coordinates":[[120.69145,24.25801],[120.69239,24.26585]]}},{"type":"Feature","properties":{"id":"0000100116700B","name":"國道1號(豐原到台中系統)"},"geometry":{"type":"LineString","coordinates":[[120.69099,24.25415],[120.69145,24.25801]]}},{"type":"Feature","properties":{"id":"0000100116750B","name":"國道1號(豐原到台中系統)"},"geometry":{"type":"LineString","coordinates":[[120.69038,24.24907],[120.69099,24.25415]]}},{"type":"Feature","properties":{"id":"0000100116800B","name":"國道1號(大雅系統到豐原)"},"geometry":{"type":"LineString","coordinates":[[120.68962,24.24335],[120.69038,24.24907]]}},{"type":"Feature","properties":{"id":"0000100116870B","name":"國道1號(大雅系統到豐原)"},"geometry":{"type":"LineString","coordinates":[[120.68905,24.24014],[120.68962,24.24335]]}},{"type":"Feature","properties":{"id":"0000100116900B","name":"國道1號(大雅系統到豐原)"},"geometry":{"type":"LineString","coordinates":[[120.68668,24.23141],[120.68797,24.23538],[120.68905,24.24014]]}},{"type":"Feature","properties":{"id":"0000100117000B","name":"國道1號(大雅系統到豐原)"},"geometry":{"type":"LineString","coordinates":[[120.68245,24.22329],[120.68486,24.22728],[120.68668,24.23141]]}},{"type":"Feature","properties":{"id":"0000100117100B","name":"國道1號(大雅系統到豐原)"},"geometry":{"type":"LineString","coordinates":[[120.67616,24.21639],[120.68015,24.22035],[120.68245,24.22329]]}},{"type":"Feature","properties":{"id":"0000100117200B","name":"國道1號(大雅系統到豐原)"},"geometry":{"type":"LineString","coordinates":[[120.66824,24.21108],[120.67224,24.21342],[120.67616,24.21639]]}},{"type":"Feature","properties":{"id":"0000100117300B","name":"國道1號(大雅到大雅系統)"},"geometry":{"type":"LineString","coordinates":[[120.66043,24.20736],[120.66824,24.21108]]}},{"type":"Feature","properties":{"id":"0000100117390B","name":"國道1號(大雅到大雅系統)"},"geometry":{"type":"LineString","coordinates":[[120.65949,24.20694],[120.66043,24.20736]]}},{"type":"Feature","properties":{"id":"0000100117400B","name":"國道1號(大雅到大雅系統)"},"geometry":{"type":"LineString","coordinates":[[120.65165,24.20292],[120.65949,24.20694]]}},{"type":"Feature","properties":{"id":"0000100117500B","name":"國道1號(台中到大雅)"},"geometry":{"type":"LineString","coordinates":[[120.64344,24.19664],[120.64632,24.1993],[120.65165,24.20292]]}},{"type":"Feature","properties":{"id":"0000100117600B","name":"國道1號(台中到大雅)"},"geometry":{"type":"LineString","coordinates":[[120.63792,24.18922],[120.64016,24.19279],[120.64344,24.19664]]}},{"type":"Feature","properties":{"id":"0000100117700B","name":"國道1號(台中到大雅)"},"geometry":{"type":"LineString","coordinates":[[120.63431,24.18086],[120.63647,24.18627],[120.63792,24.18922]]}},{"type":"Feature","properties":{"id":"0000100117800B","name":"國道1號(台中到大雅)"},"geometry":{"type":"LineString","coordinates":[[120.63319,24.17846],[120.63431,24.18086]]}},{"type":"Feature","properties":{"id":"0000100117830B","name":"國道1號(南屯到台中)"},"geometry":{"type":"LineString","coordinates":[[120.62934,24.17314],[120.6314,24.17554],[120.63319,24.17846]]}},{"type":"Feature","properties":{"id":"0000100117900B","name":"國道1號(南屯到台中)"},"geometry":{"type":"LineString","coordinates":[[120.62755,24.1713],[120.62934,24.17314]]}},{"type":"Feature","properties":{"id":"0000100117930B","name":"國道1號(南屯到台中)"},"geometry":{"type":"LineString","coordinates":[[120.62331,24.16607],[120.62494,24.1684],[120.62755,24.1713]]}},{"type":"Feature","properties":{"id":"0000100118000B","name":"國道1號(南屯到台中)"},"geometry":{"type":"LineString","coordinates":[[120.62064,24.1591],[120.6217,24.16282],[120.62331,24.16607]]}},{"type":"Feature","properties":{"id":"0000100118090B","name":"國道1號(南屯到台中)"},"geometry":{"type":"LineString","coordinates":[[120.6204,24.15755],[120.62064,24.1591]]}},{"type":"Feature","properties":{"id":"0000100118100B","name":"國道1號(王田到南屯)"},"geometry":{"type":"LineString","coordinates":[[120.61953,24.14857],[120.6204,24.15755]]}},{"type":"Feature","properties":{"id":"0000100118200B","name":"國道1號(王田到南屯)"},"geometry":{"type":"LineString","coordinates":[[120.61903,24.14554],[120.61953,24.14857]]}},{"type":"Feature","properties":{"id":"0000100118240B","name":"國道1號(王田到南屯)"},"geometry":{"type":"LineString","coordinates":[[120.61811,24.13968],[120.61903,24.14554]]}},{"type":"Feature","properties":{"id":"0000100118300B","name":"國道1號(王田到南屯)"},"geometry":{"type":"LineString","coordinates":[[120.61739,24.1307],[120.61811,24.13968]]}},{"type":"Feature","properties":{"id":"0000100118400B","name":"國道1號(王田到南屯)"},"geometry":{"type":"LineString","coordinates":[[120.61611,24.1218],[120.61694,24.12547],[120.61739,24.1307]]}},{"type":"Feature","properties":{"id":"0000100118500B","name":"國道1號(王田到南屯)"},"geometry":{"type":"LineString","coordinates":[[120.61086,24.11433],[120.61258,24.1158],[120.61402,24.11751],[120.61523,24.11955],[120.61611,24.1218]]}},{"type":"Feature","properties":{"id":"0000100118600B","name":"國道1號(王田到南屯)"},"geometry":{"type":"LineString","coordinates":[[120.60184,24.11157],[120.6044,24.1116],[120.6063,24.11203],[120.60809,24.1127],[120.61086,24.11433]]}},{"type":"Feature","properties":{"id":"0000100118700B","name":"國道1號(王田到南屯)"},"geometry":{"type":"LineString","coordinates":[[120.59319,24.11552],[120.59847,24.11247],[120.60016,24.11187],[120.60184,24.11157]]}},{"type":"Feature","properties":{"id":"0000100118800B","name":"國道1號(王田到南屯)"},"geometry":{"type":"LineString","coordinates":[[120.58923,24.11741],[120.59319,24.11552]]}},{"type":"Feature","properties":{"id":"0000100118850B","name":"國道1號(王田到南屯)"},"geometry":{"type":"LineString","coordinates":[[120.58396,24.11868],[120.58634,24.11827],[120.58923,24.11741]]}},{"type":"Feature","properties":{"id":"0000100118900B","name":"國道1號(王田到南屯)"},"geometry":{"type":"LineString","coordinates":[[120.58197,24.11886],[120.58396,24.11868]]}},{"type":"Feature","properties":{"id":"0000100118930B","name":"國道1號(彰化系統到王田)"},"geometry":{"type":"LineString","coordinates":[[120.57422,24.11772],[120.57753,24.11863],[120.58197,24.11886]]}},{"type":"Feature","properties":{"id":"0000100119000B","name":"國道1號(彰化系統到王田)"},"geometry":{"type":"LineString","coordinates":[[120.57083,24.11582],[120.57195,24.1166],[120.57422,24.11772]]}},{"type":"Feature","properties":{"id":"0000100119050B","name":"國道1號(彰化系統到王田)"},"geometry":{"type":"LineString","coordinates":[[120.56689,24.11181],[120.56905,24.11425],[120.57083,24.11582]]}},{"type":"Feature","properties":{"id":"0000100119100B","name":"國道1號(彰化系統到王田)"},"geometry":{"type":"LineString","coordinates":[[120.56524,24.10993],[120.56689,24.11181]]}},{"type":"Feature","properties":{"id":"0000100119130N","name":"國道1號(彰化系統到王田)"},"geometry":{"type":"LineString","coordinates":[[120.56078,24.10475],[120.56524,24.10993]]}},{"type":"Feature","properties":{"id":"0000100119200N","name":"國道1號(彰化系統到王田)"},"geometry":{"type":"LineString","coordinates":[[120.55976,24.10359],[120.56078,24.10475]]}},{"type":"Feature","properties":{"id":"0000100119220N","name":"國道1號(彰化到彰化系統)"},"geometry":{"type":"LineString","coordinates":[[120.55342,24.09897],[120.55498,24.09966],[120.5571,24.10098],[120.55823,24.10191],[120.55976,24.10359]]}},{"type":"Feature","properties":{"id":"0000100119300N","name":"國道1號(彰化到彰化系統)"},"geometry":{"type":"LineString","coordinates":[[120.54915,24.09801],[120.55215,24.09854],[120.55342,24.09897]]}},{"type":"Feature","properties":{"id":"0000100119350N","name":"國道1號(彰化到彰化系統)"},"geometry":{"type":"LineString","coordinates":[[120.54376,24.09745],[120.54915,24.09801]]}},{"type":"Feature","properties":{"id":"0000100119400N","name":"國道1號(彰化到彰化系統)"},"geometry":{"type":"LineString","coordinates":[[120.53514,24.09326],[120.5374,24.09485],[120.54004,24.09632],[120.54175,24.09697],[120.54376,24.09745]]}},{"type":"Feature","properties":{"id":"0000100119500N","name":"國道1號(彰化到彰化系統)"},"geometry":{"type":"LineString","coordinates":[[120.52865,24.0865],[120.53191,24.09035],[120.53514,24.09326]]}},{"type":"Feature","properties":{"id":"0000100119600N","name":"國道1號(彰化到彰化系統)"},"geometry":{"type":"LineString","coordinates":[[120.52435,24.07843],[120.526,24.08226],[120.52865,24.0865]]}},{"type":"Feature","properties":{"id":"0000100119700N","name":"國道1號(彰化到彰化系統)"},"geometry":{"type":"LineString","coordinates":[[120.52286,24.07186],[120.52331,24.07476],[120.52435,24.07843]]}},{"type":"Feature","properties":{"id":"0000100119790N","name":"國道1號(彰化到彰化系統)"},"geometry":{"type":"LineString","coordinates":[[120.52268,24.06961],[120.52286,24.07186]]}},{"type":"Feature","properties":{"id":"0000100119800N","name":"國道1號(埔鹽系統到彰化)"},"geometry":{"type":"LineString","coordinates":[[120.52329,24.06063],[120.52276,24.06586],[120.52268,24.06961]]}},{"type":"Feature","properties":{"id":"0000100119900N","name":"國道1號(埔鹽系統到彰化)"},"geometry":{"type":"LineString","coordinates":[[120.52345,24.05925],[120.52329,24.06063]]}},{"type":"Feature","properties":{"id":"0000100119920N","name":"國道1號(埔鹽系統到彰化)"},"geometry":{"type":"LineString","coordinates":[[120.52397,24.05177],[120.52345,24.05925]]}},{"type":"Feature","properties":{"id":"0000100120000N","name":"國道1號(埔鹽系統到彰化)"},"geometry":{"type":"LineString","coordinates":[[120.52327,24.04269],[120.52379,24.04699],[120.52397,24.05177]]}},{"type":"Feature","properties":{"id":"0000100120100N","name":"國道1號(埔鹽系統到彰化)"},"geometry":{"type":"LineString","coordinates":[[120.52111,24.03391],[120.52239,24.03832],[120.52327,24.04269]]}},{"type":"Feature","properties":{"id":"0000100120200N","name":"國道1號(埔鹽系統到彰化)"},"geometry":{"type":"LineString","coordinates":[[120.51797,24.02536],[120.52111,24.03391]]}},{"type":"Feature","properties":{"id":"0000100120300N","name":"國道1號(埔鹽系統到彰化)"},"geometry":{"type":"LineString","coordinates":[[120.51522,24.01672],[120.5164,24.02093],[120.51797,24.02536]]}},{"type":"Feature","properties":{"id":"0000100120400N","name":"國道1號(埔鹽系統到彰化)"},"geometry":{"type":"LineString","coordinates":[[120.51317,24.00792],[120.51522,24.01672]]}},{"type":"Feature","properties":{"id":"0000100120500N","name":"國道1號(埔鹽系統到彰化)"},"geometry":{"type":"LineString","coordinates":[[120.51112,23.99912],[120.51317,24.00792]]}},{"type":"Feature","properties":{"id":"0000100120600N","name":"國道1號(埔鹽系統到彰化)"},"geometry":{"type":"LineString","coordinates":[[120.50933,23.9914],[120.51112,23.99912]]}},{"type":"Feature","properties":{"id":"0000100120690N","name":"國道1號(埔鹽系統到彰化)"},"geometry":{"type":"LineString","coordinates":[[120.50908,23.99033],[120.50933,23.9914]]}},{"type":"Feature","properties":{"id":"0000100120700N","name":"國道1號(員林到埔鹽系統)"},"geometry":{"type":"LineString","coordinates":[[120.50711,23.98151],[120.50908,23.99033]]}},{"type":"Feature","properties":{"id":"0000100120800N","name":"國道1號(員林到埔鹽系統)"},"geometry":{"type":"LineString","coordinates":[[120.50652,23.9773],[120.50711,23.98151]]}},{"type":"Feature","properties":{"id":"0000100120850N","name":"國道1號(員林到埔鹽系統)"},"geometry":{"type":"LineString","coordinates":[[120.50623,23.97256],[120.50652,23.9773]]}},{"type":"Feature","properties":{"id":"0000100120900N","name":"國道1號(員林到埔鹽系統)"},"geometry":{"type":"LineString","coordinates":[[120.50645,23.96358],[120.50623,23.97256]]}},{"type":"Feature","properties":{"id":"0000100121000N","name":"國道1號(員林到埔鹽系統)"},"geometry":{"type":"LineString","coordinates":[[120.50658,23.96036],[120.50645,23.96358]]}},{"type":"Feature","properties":{"id":"0000100121040N","name":"國道1號(北斗到員林)"},"geometry":{"type":"LineString","coordinates":[[120.50655,23.95457],[120.50658,23.96036]]}},{"type":"Feature","properties":{"id":"0000100121100N","name":"國道1號(北斗到員林)"},"geometry":{"type":"LineString","coordinates":[[120.50601,23.94929],[120.50655,23.95457]]}},{"type":"Feature","properties":{"id":"0000100121160N","name":"國道1號(北斗到員林)"},"geometry":{"type":"LineString","coordinates":[[120.50537,23.94563],[120.50601,23.94929]]}},{"type":"Feature","properties":{"id":"0000100121200N","name":"國道1號(北斗到員林)"},"geometry":{"type":"LineString","coordinates":[[120.5028,23.93694],[120.50401,23.94044],[120.50537,23.94563]]}},{"type":"Feature","properties":{"id":"0000100121300N","name":"國道1號(北斗到員林)"},"geometry":{"type":"LineString","coordinates":[[120.49946,23.92848],[120.5028,23.93694]]}},{"type":"Feature","properties":{"id":"0000100121400N","name":"國道1號(北斗到員林)"},"geometry":{"type":"LineString","coordinates":[[120.49753,23.9197],[120.49823,23.92443],[120.49946,23.92848]]}},{"type":"Feature","properties":{"id":"0000100121500N","name":"國道1號(北斗到員林)"},"geometry":{"type":"LineString","coordinates":[[120.49793,23.91072],[120.49754,23.91628],[120.49753,23.9197]]}},{"type":"Feature","properties":{"id":"0000100121600N","name":"國道1號(北斗到員林)"},"geometry":{"type":"LineString","coordinates":[[120.49746,23.90173],[120.498,23.9057],[120.49793,23.91072]]}},{"type":"Feature","properties":{"id":"0000100121700N","name":"國道1號(北斗到員林)"},"geometry":{"type":"LineString","coordinates":[[120.49473,23.89309],[120.49655,23.89833],[120.49746,23.90173]]}},{"type":"Feature","properties":{"id":"0000100121800N","name":"國道1號(北斗到員林)"},"geometry":{"type":"LineString","coordinates":[[120.49193,23.88448],[120.49281,23.88764],[120.49473,23.89309]]}},{"type":"Feature","properties":{"id":"0000100121900N","name":"國道1號(北斗到員林)"},"geometry":{"type":"LineString","coordinates":[[120.49094,23.87917],[120.49193,23.88448]]}},{"type":"Feature","properties":{"id":"0000100121960N","name":"國道1號(北斗到員林)"},"geometry":{"type":"LineString","coordinates":[[120.49051,23.87559],[120.49094,23.87917]]}},{"type":"Feature","properties":{"id":"0000100122000N","name":"國道1號(西螺服務區到北斗)"},"geometry":{"type":"LineString","coordinates":[[120.48919,23.86629],[120.48995,23.87042],[120.49051,23.87559]]}},{"type":"Feature","properties":{"id":"0000100122110N","name":"國道1號(西螺服務區到北斗)"},"geometry":{"type":"LineString","coordinates":[[120.48683,23.85793],[120.48919,23.86629]]}},{"type":"Feature","properties":{"id":"0000100122200N","name":"國道1號(西螺服務區到北斗)"},"geometry":{"type":"LineString","coordinates":[[120.4848,23.84914],[120.48566,23.85368],[120.48683,23.85793]]}},{"type":"Feature","properties":{"id":"0000100122300N","name":"國道1號(西螺服務區到北斗)"},"geometry":{"type":"LineString","coordinates":[[120.48436,23.84017],[120.48439,23.84491],[120.4848,23.84914]]}},{"type":"Feature","properties":{"id":"0000100122400N","name":"國道1號(西螺服務區到北斗)"},"geometry":{"type":"LineString","coordinates":[[120.48494,23.8312],[120.48436,23.84017]]}},{"type":"Feature","properties":{"id":"0000100122500N","name":"國道1號(西螺服務區到北斗)"},"geometry":{"type":"LineString","coordinates":[[120.48536,23.82246],[120.48494,23.8312]]}},{"type":"Feature","properties":{"id":"0000100122600N","name":"國道1號(西螺服務區到北斗)"},"geometry":{"type":"LineString","coordinates":[[120.48521,23.81676],[120.48536,23.82246]]}},{"type":"Feature","properties":{"id":"0000100122670N","name":"國道1號(西螺服務區到北斗)"},"geometry":{"type":"LineString","coordinates":[[120.4849,23.81321],[120.48521,23.81676]]}},{"type":"Feature","properties":{"id":"0000100122700N","name":"國道1號(西螺服務區到北斗)"},"geometry":{"type":"LineString","coordinates":[[120.4839,23.80645],[120.4849,23.81321]]}},{"type":"Feature","properties":{"id":"0000100122780P","name":"國道1號(西螺服務區到北斗)"},"geometry":{"type":"LineString","coordinates":[[120.48347,23.8043],[120.4839,23.80645]]}},{"type":"Feature","properties":{"id":"0000100122800P","name":"國道1號(西螺到西螺服務區)"},"geometry":{"type":"LineString","coordinates":[[120.48119,23.79581],[120.48347,23.8043]]}},{"type":"Feature","properties":{"id":"0000100122900P","name":"國道1號(西螺到西螺服務區)"},"geometry":{"type":"LineString","coordinates":[[120.48065,23.79413],[120.48119,23.79581]]}},{"type":"Feature","properties":{"id":"0000100122940P","name":"國道1號(西螺到西螺服務區)"},"geometry":{"type":"LineString","coordinates":[[120.47788,23.78707],[120.48065,23.79413]]}},{"type":"Feature","properties":{"id":"0000100123000P","name":"國道1號(西螺到西螺服務區)"},"geometry":{"type":"LineString","coordinates":[[120.47683,23.78466],[120.47788,23.78707]]}},{"type":"Feature","properties":{"id":"0000100123030P","name":"國道1號(虎尾到西螺)"},"geometry":{"type":"LineString","coordinates":[[120.47415,23.77876],[120.47683,23.78466]]}},{"type":"Feature","properties":{"id":"0000100123100P","name":"國道1號(虎尾到西螺)"},"geometry":{"type":"LineString","coordinates":[[120.47264,23.77517],[120.47415,23.77876]]}},{"type":"Feature","properties":{"id":"0000100123150P","name":"國道1號(虎尾到西螺)"},"geometry":{"type":"LineString","coordinates":[[120.47072,23.77032],[120.47264,23.77517]]}},{"type":"Feature","properties":{"id":"0000100123200P","name":"國道1號(虎尾到西螺)"},"geometry":{"type":"LineString","coordinates":[[120.46835,23.76158],[120.46938,23.76611],[120.47072,23.77032]]}},{"type":"Feature","properties":{"id":"0000100123300P","name":"國道1號(虎尾到西螺)"},"geometry":{"type":"LineString","coordinates":[[120.46752,23.75292],[120.46772,23.75721],[120.46835,23.76158]]}},{"type":"Feature","properties":{"id":"0000100123400P","name":"國道1號(虎尾到西螺)"},"geometry":{"type":"LineString","coordinates":[[120.46834,23.7437],[120.46782,23.74728],[120.46752,23.75292]]}},{"type":"Feature","properties":{"id":"0000100123500P","name":"國道1號(虎尾到西螺)"},"geometry":{"type":"LineString","coordinates":[[120.4689,23.7409],[120.46834,23.7437]]}},{"type":"Feature","properties":{"id":"0000100123540P","name":"國道1號(斗南到虎尾)"},"geometry":{"type":"LineString","coordinates":[[120.47073,23.73501],[120.4689,23.7409]]}},{"type":"Feature","properties":{"id":"0000100123600P","name":"國道1號(斗南到虎尾)"},"geometry":{"type":"LineString","coordinates":[[120.47215,23.73131],[120.47073,23.73501]]}},{"type":"Feature","properties":{"id":"0000100123650P","name":"國道1號(斗南到虎尾)"},"geometry":{"type":"LineString","coordinates":[[120.47393,23.7265],[120.47215,23.73131]]}},{"type":"Feature","properties":{"id":"0000100123700P","name":"國道1號(斗南到虎尾)"},"geometry":{"type":"LineString","coordinates":[[120.47595,23.71768],[120.47518,23.72212],[120.47393,23.7265]]}},{"type":"Feature","properties":{"id":"0000100123800P","name":"國道1號(斗南到虎尾)"},"geometry":{"type":"LineString","coordinates":[[120.47607,23.70868],[120.47627,23.71288],[120.47595,23.71768]]}},{"type":"Feature","properties":{"id":"0000100123900P","name":"國道1號(斗南到虎尾)"},"geometry":{"type":"LineString","coordinates":[[120.47423,23.69985],[120.47554,23.70502],[120.47607,23.70868]]}},{"type":"Feature","properties":{"id":"0000100124000P","name":"國道1號(斗南到虎尾)"},"geometry":{"type":"LineString","coordinates":[[120.47353,23.69774],[120.47423,23.69985]]}},{"type":"Feature","properties":{"id":"0000100124030P","name":"國道1號(斗南到虎尾)"},"geometry":{"type":"LineString","coordinates":[[120.47079,23.69141],[120.47353,23.69774]]}},{"type":"Feature","properties":{"id":"0000100124100P","name":"國道1號(雲林系統到斗南)"},"geometry":{"type":"LineString","coordinates":[[120.47004,23.68986],[120.47079,23.69141]]}},{"type":"Feature","properties":{"id":"0000100124120P","name":"國道1號(雲林系統到斗南)"},"geometry":{"type":"LineString","coordinates":[[120.46623,23.68346],[120.47004,23.68986]]}},{"type":"Feature","properties":{"id":"0000100124200P","name":"國道1號(雲林系統到斗南)"},"geometry":{"type":"LineString","coordinates":[[120.46131,23.67565],[120.46623,23.68346]]}},{"type":"Feature","properties":{"id":"0000100124300P","name":"國道1號(雲林系統到斗南)"},"geometry":{"type":"LineString","coordinates":[[120.46048,23.67437],[120.46131,23.67565]]}},{"type":"Feature","properties":{"id":"0000100124320P","name":"國道1號(大林到雲林系統)"},"geometry":{"type":"LineString","coordinates":[[120.45639,23.66786],[120.46048,23.67437]]}},{"type":"Feature","properties":{"id":"0000100124400P","name":"國道1號(大林到雲林系統)"},"geometry":{"type":"LineString","coordinates":[[120.45374,23.66334],[120.45639,23.66786]]}},{"type":"Feature","properties":{"id":"0000100124460P","name":"國道1號(大林到雲林系統)"},"geometry":{"type":"LineString","coordinates":[[120.45185,23.65989],[120.45374,23.66334]]}},{"type":"Feature","properties":{"id":"0000100124500P","name":"國道1號(大林到雲林系統)"},"geometry":{"type":"LineString","coordinates":[[120.44788,23.65166],[120.45185,23.65989]]}},{"type":"Feature","properties":{"id":"0000100124600P","name":"國道1號(大林到雲林系統)"},"geometry":{"type":"LineString","coordinates":[[120.44447,23.64323],[120.4457,23.64664],[120.44788,23.65166]]}},{"type":"Feature","properties":{"id":"0000100124700P","name":"國道1號(大林到雲林系統)"},"geometry":{"type":"LineString","coordinates":[[120.44172,23.63459],[120.44447,23.64323]]}},{"type":"Feature","properties":{"id":"0000100124800P","name":"國道1號(大林到雲林系統)"},"geometry":{"type":"LineString","coordinates":[[120.43967,23.62617],[120.44172,23.63459]]}},{"type":"Feature","properties":{"id":"0000100124900Q","name":"國道1號(大林到雲林系統)"},"geometry":{"type":"LineString","coordinates":[[120.43809,23.61728],[120.43967,23.62617]]}},{"type":"Feature","properties":{"id":"0000100125010Q","name":"國道1號(民雄到大林)"},"geometry":{"type":"LineString","coordinates":[[120.43653,23.6081],[120.43809,23.61728]]}},{"type":"Feature","properties":{"id":"0000100125100Q","name":"國道1號(民雄到大林)"},"geometry":{"type":"LineString","coordinates":[[120.43492,23.59915],[120.43653,23.6081]]}},{"type":"Feature","properties":{"id":"0000100125200Q","name":"國道1號(民雄到大林)"},"geometry":{"type":"LineString","coordinates":[[120.43254,23.59042],[120.43366,23.59401],[120.43492,23.59915]]}},{"type":"Feature","properties":{"id":"0000100125300Q","name":"國道1號(民雄到大林)"},"geometry":{"type":"LineString","coordinates":[[120.42898,23.58204],[120.43109,23.58659],[120.43254,23.59042]]}},{"type":"Feature","properties":{"id":"0000100125400Q","name":"國道1號(民雄到大林)"},"geometry":{"type":"LineString","coordinates":[[120.42462,23.57398],[120.42898,23.58204]]}},{"type":"Feature","properties":{"id":"0000100125500Q","name":"國道1號(民雄到大林)"},"geometry":{"type":"LineString","coordinates":[[120.42056,23.56579],[120.42462,23.57398]]}},{"type":"Feature","properties":{"id":"0000100125600Q","name":"國道1號(民雄到大林)"},"geometry":{"type":"LineString","coordinates":[[120.41795,23.55908],[120.42056,23.56579]]}},{"type":"Feature","properties":{"id":"0000100125680Q","name":"國道1號(民雄到大林)"},"geometry":{"type":"LineString","coordinates":[[120.41727,23.5573],[120.41795,23.55908]]}},{"type":"Feature","properties":{"id":"0000100125700Q","name":"國道1號(嘉義到民雄)"},"geometry":{"type":"LineString","coordinates":[[120.41382,23.54828],[120.41727,23.5573]]}},{"type":"Feature","properties":{"id":"0000100125810Q","name":"國道1號(嘉義到民雄)"},"geometry":{"type":"LineString","coordinates":[[120.41078,23.54032],[120.41382,23.54828]]}},{"type":"Feature","properties":{"id":"0000100125900Q","name":"國道1號(嘉義到民雄)"},"geometry":{"type":"LineString","coordinates":[[120.40755,23.53182],[120.41078,23.54032]]}},{"type":"Feature","properties":{"id":"0000100126000Q","name":"國道1號(嘉義到民雄)"},"geometry":{"type":"LineString","coordinates":[[120.40475,23.52321],[120.40564,23.52671],[120.40755,23.53182]]}},{"type":"Feature","properties":{"id":"0000100126100Q","name":"國道1號(嘉義到民雄)"},"geometry":{"type":"LineString","coordinates":[[120.40372,23.51425],[120.40475,23.52321]]}},{"type":"Feature","properties":{"id":"0000100126200Q","name":"國道1號(嘉義到民雄)"},"geometry":{"type":"LineString","coordinates":[[120.40072,23.50574],[120.40265,23.50997],[120.40372,23.51425]]}},{"type":"Feature","properties":{"id":"0000100126300Q","name":"國道1號(嘉義到民雄)"},"geometry":{"type":"LineString","coordinates":[[120.39654,23.50011],[120.39916,23.50328],[120.40072,23.50574]]}},{"type":"Feature","properties":{"id":"0000100126370I","name":"國道1號(嘉義到民雄)"},"geometry":{"type":"LineString","coordinates":[[120.39648,23.50004],[120.39654,23.50011]]}},{"type":"Feature","properties":{"id":"0000100126380I","name":"國道1號(嘉義到民雄)"},"geometry":{"type":"LineString","coordinates":[[120.39502,23.49847],[120.39648,23.50004]]}},{"type":"Feature","properties":{"id":"0000100126400I","name":"國道1號(嘉義到民雄)"},"geometry":{"type":"LineString","coordinates":[[120.38954,23.49253],[120.39502,23.49847]]}},{"type":"Feature","properties":{"id":"0000100126490Q","name":"國道1號(水上到嘉義)"},"geometry":{"type":"LineString","coordinates":[[120.38874,23.49155],[120.38954,23.49253]]}},{"type":"Feature","properties":{"id":"0000100126500Q","name":"國道1號(水上到嘉義)"},"geometry":{"type":"LineString","coordinates":[[120.38761,23.4901],[120.38874,23.49155]]}},{"type":"Feature","properties":{"id":"0000100126520Q","name":"國道1號(水上到嘉義)"},"geometry":{"type":"LineString","coordinates":[[120.38355,23.48391],[120.38562,23.48729],[120.38761,23.4901]]}},{"type":"Feature","properties":{"id":"0000100126600Q","name":"國道1號(水上到嘉義)"},"geometry":{"type":"LineString","coordinates":[[120.37968,23.47563],[120.38156,23.4801],[120.38355,23.48391]]}},{"type":"Feature","properties":{"id":"0000100126700Q","name":"國道1號(水上到嘉義)"},"geometry":{"type":"LineString","coordinates":[[120.37722,23.46693],[120.37846,23.47195],[120.37968,23.47563]]}},{"type":"Feature","properties":{"id":"0000100126800Q","name":"國道1號(水上到嘉義)"},"geometry":{"type":"LineString","coordinates":[[120.37496,23.45818],[120.37589,23.4611],[120.37722,23.46693]]}},{"type":"Feature","properties":{"id":"0000100126900Q","name":"國道1號(水上到嘉義)"},"geometry":{"type":"LineString","coordinates":[[120.37085,23.45005],[120.37349,23.45472],[120.37496,23.45818]]}},{"type":"Feature","properties":{"id":"0000100127000Q","name":"國道1號(嘉義系統到水上)"},"geometry":{"type":"LineString","coordinates":[[120.36887,23.44708],[120.37085,23.45005]]}},{"type":"Feature","properties":{"id":"0000100127040Q","name":"國道1號(嘉義系統到水上)"},"geometry":{"type":"LineString","coordinates":[[120.36535,23.44206],[120.36887,23.44708]]}},{"type":"Feature","properties":{"id":"0000100127110Q","name":"國道1號(嘉義系統到水上)"},"geometry":{"type":"LineString","coordinates":[[120.36072,23.43464],[120.36324,23.43895],[120.36535,23.44206]]}},{"type":"Feature","properties":{"id":"0000100127200Q","name":"國道1號(嘉義系統到水上)"},"geometry":{"type":"LineString","coordinates":[[120.35881,23.43062],[120.36072,23.43464]]}},{"type":"Feature","properties":{"id":"0000100127250Q","name":"國道1號(新營服務區到嘉義系統)"},"geometry":{"type":"LineString","coordinates":[[120.35719,23.42625],[120.35881,23.43062]]}},{"type":"Feature","properties":{"id":"0000100127300Q","name":"國道1號(新營服務區到嘉義系統)"},"geometry":{"type":"LineString","coordinates":[[120.35546,23.41905],[120.35611,23.42238],[120.35719,23.42625]]}},{"type":"Feature","properties":{"id":"0000100127390Q","name":"國道1號(新營服務區到嘉義系統)"},"geometry":{"type":"LineString","coordinates":[[120.35522,23.41743],[120.35546,23.41905]]}},{"type":"Feature","properties":{"id":"0000100127400Q","name":"國道1號(新營服務區到嘉義系統)"},"geometry":{"type":"LineString","coordinates":[[120.35486,23.40846],[120.35483,23.4127],[120.35522,23.41743]]}},{"type":"Feature","properties":{"id":"0000100127500Q","name":"國道1號(新營服務區到嘉義系統)"},"geometry":{"type":"LineString","coordinates":[[120.3552,23.40156],[120.35486,23.40846]]}},{"type":"Feature","properties":{"id":"0000100127580D","name":"國道1號(新營服務區到嘉義系統)"},"geometry":{"type":"LineString","coordinates":[[120.35531,23.39947],[120.3552,23.40156]]}},{"type":"Feature","properties":{"id":"0000100127600D","name":"國道1號(新營服務區到嘉義系統)"},"geometry":{"type":"LineString","coordinates":[[120.3555,23.39047],[120.35531,23.39947]]}},{"type":"Feature","properties":{"id":"0000100127700D","name":"國道1號(新營服務區到嘉義系統)"},"geometry":{"type":"LineString","coordinates":[[120.35411,23.38157],[120.35497,23.3855],[120.3555,23.39047]]}},{"type":"Feature","properties":{"id":"0000100127800D","name":"國道1號(新營服務區到嘉義系統)"},"geometry":{"type":"LineString","coordinates":[[120.35083,23.37311],[120.35265,23.37713],[120.35411,23.38157]]}},{"type":"Feature","properties":{"id":"0000100127900D","name":"國道1號(新營服務區到嘉義系統)"},"geometry":{"type":"LineString","coordinates":[[120.34583,23.36541],[120.34885,23.36962],[120.35083,23.37311]]}},{"type":"Feature","properties":{"id":"0000100128000D","name":"國道1號(新營服務區到嘉義系統)"},"geometry":{"type":"LineString","coordinates":[[120.33927,23.35878],[120.34211,23.36133],[120.34583,23.36541]]}},{"type":"Feature","properties":{"id":"0000100128100D","name":"國道1號(新營服務區到嘉義系統)"},"geometry":{"type":"LineString","coordinates":[[120.33154,23.35326],[120.33498,23.35554],[120.33927,23.35878]]}},{"type":"Feature","properties":{"id":"0000100128200D","name":"國道1號(新營服務區到嘉義系統)"},"geometry":{"type":"LineString","coordinates":[[120.32343,23.34821],[120.33154,23.35326]]}},{"type":"Feature","properties":{"id":"0000100128300D","name":"國道1號(新營服務區到嘉義系統)"},"geometry":{"type":"LineString","coordinates":[[120.3151,23.34237],[120.31895,23.34527],[120.32343,23.34821]]}},{"type":"Feature","properties":{"id":"0000100128410D","name":"國道1號(新營到新營服務區)"},"geometry":{"type":"LineString","coordinates":[[120.31013,23.3378],[120.3151,23.34237]]}},{"type":"Feature","properties":{"id":"0000100128480D","name":"國道1號(新營到新營服務區)"},"geometry":{"type":"LineString","coordinates":[[120.30877,23.33634],[120.31013,23.3378]]}},{"type":"Feature","properties":{"id":"0000100128500D","name":"國道1號(新營到新營服務區)"},"geometry":{"type":"LineString","coordinates":[[120.30319,23.32894],[120.30591,23.33288],[120.30877,23.33634]]}},{"type":"Feature","properties":{"id":"0000100128600D","name":"國道1號(新營到新營服務區)"},"geometry":{"type":"LineString","coordinates":[[120.2988,23.32089],[120.30319,23.32894]]}},{"type":"Feature","properties":{"id":"0000100128700D","name":"國道1號(新營到新營服務區)"},"geometry":{"type":"LineString","coordinates":[[120.29483,23.31342],[120.2988,23.32089]]}},{"type":"Feature","properties":{"id":"0000100128800D","name":"國道1號(下營系統到新營)"},"geometry":{"type":"LineString","coordinates":[[120.28935,23.30515],[120.29253,23.3097],[120.29483,23.31342]]}},{"type":"Feature","properties":{"id":"0000100128900D","name":"國道1號(下營系統到新營)"},"geometry":{"type":"LineString","coordinates":[[120.28675,23.30171],[120.28935,23.30515]]}},{"type":"Feature","properties":{"id":"0000100128950D","name":"國道1號(下營系統到新營)"},"geometry":{"type":"LineString","coordinates":[[120.284,23.29762],[120.28675,23.30171]]}},{"type":"Feature","properties":{"id":"0000100129000D","name":"國道1號(下營系統到新營)"},"geometry":{"type":"LineString","coordinates":[[120.27993,23.28943],[120.284,23.29762]]}},{"type":"Feature","properties":{"id":"0000100129100D","name":"國道1號(下營系統到新營)"},"geometry":{"type":"LineString","coordinates":[[120.27467,23.28188],[120.27771,23.28571],[120.27993,23.28943]]}},{"type":"Feature","properties":{"id":"0000100129200D","name":"國道1號(下營系統到新營)"},"geometry":{"type":"LineString","coordinates":[[120.26806,23.27524],[120.27467,23.28188]]}},{"type":"Feature","properties":{"id":"0000100129300D","name":"國道1號(下營系統到新營)"},"geometry":{"type":"LineString","coordinates":[[120.26294,23.26758],[120.26505,23.27134],[120.26806,23.27524]]}},{"type":"Feature","properties":{"id":"0000100129400D","name":"國道1號(下營系統到新營)"},"geometry":{"type":"LineString","coordinates":[[120.259,23.25934],[120.26294,23.26758]]}},{"type":"Feature","properties":{"id":"0000100129500D","name":"國道1號(下營系統到新營)"},"geometry":{"type":"LineString","coordinates":[[120.25492,23.25117],[120.259,23.25934]]}},{"type":"Feature","properties":{"id":"0000100129600D","name":"國道1號(下營系統到新營)"},"geometry":{"type":"LineString","coordinates":[[120.25053,23.24311],[120.25492,23.25117]]}},{"type":"Feature","properties":{"id":"0000100129700D","name":"國道1號(下營系統到新營)"},"geometry":{"type":"LineString","coordinates":[[120.24616,23.23506],[120.25053,23.24311]]}},{"type":"Feature","properties":{"id":"0000100129800D","name":"國道1號(下營系統到新營)"},"geometry":{"type":"LineString","coordinates":[[120.24201,23.22691],[120.24616,23.23506]]}},{"type":"Feature","properties":{"id":"0000100129900D","name":"國道1號(下營系統到新營)"},"geometry":{"type":"LineString","coordinates":[[120.24054,23.22327],[120.24201,23.22691]]}},{"type":"Feature","properties":{"id":"0000100129950D","name":"國道1號(麻豆到下營系統)"},"geometry":{"type":"LineString","coordinates":[[120.23897,23.21836],[120.24054,23.22327]]}},{"type":"Feature","properties":{"id":"0000100130000D","name":"國道1號(麻豆到下營系統)"},"geometry":{"type":"LineString","coordinates":[[120.23791,23.21412],[120.23897,23.21836]]}},{"type":"Feature","properties":{"id":"0000100130050D","name":"國道1號(麻豆到下營系統)"},"geometry":{"type":"LineString","coordinates":[[120.23716,23.20952],[120.23791,23.21412]]}},{"type":"Feature","properties":{"id":"0000100130100D","name":"國道1號(麻豆到下營系統)"},"geometry":{"type":"LineString","coordinates":[[120.23654,23.20053],[120.23675,23.20565],[120.23716,23.20952]]}},{"type":"Feature","properties":{"id":"0000100130200D","name":"國道1號(麻豆到下營系統)"},"geometry":{"type":"LineString","coordinates":[[120.23641,23.19154],[120.23654,23.20053]]}},{"type":"Feature","properties":{"id":"0000100130300D","name":"國道1號(麻豆到下營系統)"},"geometry":{"type":"LineString","coordinates":[[120.23621,23.18709],[120.23641,23.19154]]}},{"type":"Feature","properties":{"id":"0000100130350D","name":"國道1號(麻豆到下營系統)"},"geometry":{"type":"LineString","coordinates":[[120.23572,23.18256],[120.23621,23.18709]]}},{"type":"Feature","properties":{"id":"0000100130400D","name":"國道1號(安定到麻豆)"},"geometry":{"type":"LineString","coordinates":[[120.2351,23.17836],[120.23572,23.18256]]}},{"type":"Feature","properties":{"id":"0000100130450D","name":"國道1號(安定到麻豆)"},"geometry":{"type":"LineString","coordinates":[[120.23409,23.1737],[120.2351,23.17836]]}},{"type":"Feature","properties":{"id":"0000100130500D","name":"國道1號(安定到麻豆)"},"geometry":{"type":"LineString","coordinates":[[120.23184,23.16495],[120.23409,23.1737]]}},{"type":"Feature","properties":{"id":"0000100130600D","name":"國道1號(安定到麻豆)"},"geometry":{"type":"LineString","coordinates":[[120.23071,23.15601],[120.23109,23.16095],[120.23184,23.16495]]}},{"type":"Feature","properties":{"id":"0000100130700D","name":"國道1號(安定到麻豆)"},"geometry":{"type":"LineString","coordinates":[[120.23154,23.14706],[120.23085,23.15181],[120.23071,23.15601]]}},{"type":"Feature","properties":{"id":"0000100130800D","name":"國道1號(安定到麻豆)"},"geometry":{"type":"LineString","coordinates":[[120.23425,23.13844],[120.23264,23.14274],[120.23154,23.14706]]}},{"type":"Feature","properties":{"id":"0000100130900D","name":"國道1號(安定到麻豆)"},"geometry":{"type":"LineString","coordinates":[[120.23625,23.13401],[120.23425,23.13844]]}},{"type":"Feature","properties":{"id":"0000100130960D","name":"國道1號(安定到麻豆)"},"geometry":{"type":"LineString","coordinates":[[120.23808,23.13014],[120.23625,23.13401]]}},{"type":"Feature","properties":{"id":"0000100131000D","name":"國道1號(安定到麻豆)"},"geometry":{"type":"LineString","coordinates":[[120.24049,23.12505],[120.23808,23.13014]]}},{"type":"Feature","properties":{"id":"0000100131070D","name":"國道1號(安定到麻豆)"},"geometry":{"type":"LineString","coordinates":[[120.24106,23.12383],[120.24049,23.12505]]}},{"type":"Feature","properties":{"id":"0000100131080D","name":"國道1號(安定到麻豆)"},"geometry":{"type":"LineString","coordinates":[[120.24192,23.12188],[120.24106,23.12383]]}},{"type":"Feature","properties":{"id":"0000100131100D","name":"國道1號(台南系統到安定)"},"geometry":{"type":"LineString","coordinates":[[120.24523,23.11341],[120.24192,23.12188]]}},{"type":"Feature","properties":{"id":"0000100131200D","name":"國道1號(台南系統到安定)"},"geometry":{"type":"LineString","coordinates":[[120.24555,23.11252],[120.24523,23.11341]]}},{"type":"Feature","properties":{"id":"0000100131220D","name":"國道1號(台南系統到安定)"},"geometry":{"type":"LineString","coordinates":[[120.24785,23.10472],[120.24555,23.11252]]}},{"type":"Feature","properties":{"id":"0000100131300D","name":"國道1號(台南系統到安定)"},"geometry":{"type":"LineString","coordinates":[[120.2498,23.0959],[120.24785,23.10472]]}},{"type":"Feature","properties":{"id":"0000100131400D","name":"國道1號(台南系統到安定)"},"geometry":{"type":"LineString","coordinates":[[120.25131,23.08703],[120.2498,23.0959]]}},{"type":"Feature","properties":{"id":"0000100131500D","name":"國道1號(台南系統到安定)"},"geometry":{"type":"LineString","coordinates":[[120.25152,23.08564],[120.25131,23.08703]]}},{"type":"Feature","properties":{"id":"0000100131520D","name":"國道1號(永康到台南系統)"},"geometry":{"type":"LineString","coordinates":[[120.25244,23.07809],[120.25152,23.08564]]}},{"type":"Feature","properties":{"id":"0000100131600D","name":"國道1號(永康到台南系統)"},"geometry":{"type":"LineString","coordinates":[[120.25287,23.0731],[120.25244,23.07809]]}},{"type":"Feature","properties":{"id":"0000100131660D","name":"國道1號(永康到台南系統)"},"geometry":{"type":"LineString","coordinates":[[120.25316,23.0691],[120.25287,23.0731]]}},{"type":"Feature","properties":{"id":"0000100131700D","name":"國道1號(永康到台南系統)"},"geometry":{"type":"LineString","coordinates":[[120.25341,23.05973],[120.25316,23.0691]]}},{"type":"Feature","properties":{"id":"0000100131810D","name":"國道1號(永康到台南系統)"},"geometry":{"type":"LineString","coordinates":[[120.25337,23.05689],[120.25341,23.05973]]}},{"type":"Feature","properties":{"id":"0000100131840D","name":"國道1號(永康到台南系統)"},"geometry":{"type":"LineString","coordinates":[[120.25306,23.05111],[120.25337,23.05689]]}},{"type":"Feature","properties":{"id":"0000100131900D","name":"國道1號(大灣到永康)"},"geometry":{"type":"LineString","coordinates":[[120.25234,23.04592],[120.25306,23.05111]]}},{"type":"Feature","properties":{"id":"0000100131960D","name":"國道1號(大灣到永康)"},"geometry":{"type":"LineString","coordinates":[[120.25158,23.04222],[120.25234,23.04592]]}},{"type":"Feature","properties":{"id":"0000100132000D","name":"國道1號(大灣到永康)"},"geometry":{"type":"LineString","coordinates":[[120.25083,23.0381],[120.25158,23.04222]]}},{"type":"Feature","properties":{"id":"0000100132050D","name":"國道1號(大灣到永康)"},"geometry":{"type":"LineString","coordinates":[[120.24988,23.03335],[120.25083,23.0381]]}},{"type":"Feature","properties":{"id":"0000100132100D","name":"國道1號(大灣到永康)"},"geometry":{"type":"LineString","coordinates":[[120.24965,23.0244],[120.24941,23.02817],[120.24988,23.03335]]}},{"type":"Feature","properties":{"id":"0000100132200D","name":"國道1號(大灣到永康)"},"geometry":{"type":"LineString","coordinates":[[120.25047,23.01553],[120.25081,23.01764],[120.25077,23.01905],[120.24965,23.0244]]}},{"type":"Feature","properties":{"id":"0000100132300D","name":"國道1號(大灣到永康)"},"geometry":{"type":"LineString","coordinates":[[120.24834,23.00675],[120.24889,23.01003],[120.25047,23.01553]]}},{"type":"Feature","properties":{"id":"0000100132400D","name":"國道1號(仁德到大灣)"},"geometry":{"type":"LineString","coordinates":[[120.24822,23.00301],[120.24834,23.00675]]}},{"type":"Feature","properties":{"id":"0000100132450D","name":"國道1號(仁德到大灣)"},"geometry":{"type":"LineString","coordinates":[[120.24825,22.99773],[120.24822,23.00301]]}},{"type":"Feature","properties":{"id":"0000100132500D","name":"國道1號(仁德到大灣)"},"geometry":{"type":"LineString","coordinates":[[120.24834,22.98876],[120.24825,22.99773]]}},{"type":"Feature","properties":{"id":"0000100132600D","name":"國道1號(仁德到大灣)"},"geometry":{"type":"LineString","coordinates":[[120.24837,22.98661],[120.24834,22.98876]]}},{"type":"Feature","properties":{"id":"0000100132630D","name":"國道1號(仁德到大灣)"},"geometry":{"type":"LineString","coordinates":[[120.2485,22.97975],[120.24837,22.98661]]}},{"type":"Feature","properties":{"id":"0000100132700D","name":"國道1號(仁德到大灣)"},"geometry":{"type":"LineString","coordinates":[[120.24926,22.9737],[120.2485,22.97975]]}},{"type":"Feature","properties":{"id":"0000100132770D","name":"國道1號(仁德系統到仁德)"},"geometry":{"type":"LineString","coordinates":[[120.24972,22.97083],[120.24926,22.9737]]}},{"type":"Feature","properties":{"id":"0000100132800D","name":"國道1號(仁德系統到仁德)"},"geometry":{"type":"LineString","coordinates":[[120.25016,22.96636],[120.24972,22.97083]]}},{"type":"Feature","properties":{"id":"0000100132850D","name":"國道1號(仁德系統到仁德)"},"geometry":{"type":"LineString","coordinates":[[120.24996,22.96185],[120.25016,22.96636]]}},{"type":"Feature","properties":{"id":"0000100132900D","name":"國道1號(仁德系統到仁德)"},"geometry":{"type":"LineString","coordinates":[[120.24917,22.9529],[120.24996,22.96185]]}},{"type":"Feature","properties":{"id":"0000100133000D","name":"國道1號(仁德系統到仁德)"},"geometry":{"type":"LineString","coordinates":[[120.24893,22.94907],[120.24917,22.9529]]}},{"type":"Feature","properties":{"id":"0000100133050D","name":"國道1號(仁德服務區到仁德系統)"},"geometry":{"type":"LineString","coordinates":[[120.24943,22.94393],[120.24902,22.94675],[120.24893,22.94907]]}},{"type":"Feature","properties":{"id":"0000100133100D","name":"國道1號(仁德服務區到仁德系統)"},"geometry":{"type":"LineString","coordinates":[[120.25205,22.93659],[120.25043,22.94036],[120.24943,22.94393]]}},{"type":"Feature","properties":{"id":"0000100133190D","name":"國道1號(仁德服務區到仁德系統)"},"geometry":{"type":"LineString","coordinates":[[120.25257,22.93543],[120.25205,22.93659]]}},{"type":"Feature","properties":{"id":"0000100133200D","name":"國道1號(仁德服務區到仁德系統)"},"geometry":{"type":"LineString","coordinates":[[120.25631,22.92712],[120.25257,22.93543]]}},{"type":"Feature","properties":{"id":"0000100133300D","name":"國道1號(仁德服務區到仁德系統)"},"geometry":{"type":"LineString","coordinates":[[120.26009,22.91882],[120.25631,22.92712]]}},{"type":"Feature","properties":{"id":"0000100133400D","name":"國道1號(仁德服務區到仁德系統)"},"geometry":{"type":"LineString","coordinates":[[120.26383,22.91051],[120.26009,22.91882]]}},{"type":"Feature","properties":{"id":"0000100133500D","name":"國道1號(路竹到仁德服務區)"},"geometry":{"type":"LineString","coordinates":[[120.26432,22.90943],[120.26383,22.91051]]}},{"type":"Feature","properties":{"id":"0000100133520D","name":"國道1號(路竹到仁德服務區)"},"geometry":{"type":"LineString","coordinates":[[120.26754,22.90218],[120.26432,22.90943]]}},{"type":"Feature","properties":{"id":"0000100133600D","name":"國道1號(路竹到仁德服務區)"},"geometry":{"type":"LineString","coordinates":[[120.26861,22.89991],[120.26754,22.90218]]}},{"type":"Feature","properties":{"id":"0000100133630D","name":"國道1號(路竹到仁德服務區)"},"geometry":{"type":"LineString","coordinates":[[120.26937,22.89831],[120.26861,22.89991]]}},{"type":"Feature","properties":{"id":"0000100133650D","name":"國道1號(路竹到仁德服務區)"},"geometry":{"type":"LineString","coordinates":[[120.27029,22.89651],[120.26937,22.89831]]}},{"type":"Feature","properties":{"id":"0000100133670E","name":"國道1號(路竹到仁德服務區)"},"geometry":{"type":"LineString","coordinates":[[120.27076,22.89557],[120.27029,22.89651]]}},{"type":"Feature","properties":{"id":"0000100133690E","name":"國道1號(路竹到仁德服務區)"},"geometry":{"type":"LineString","coordinates":[[120.27157,22.89398],[120.27076,22.89557]]}},{"type":"Feature","properties":{"id":"0000100133700E","name":"國道1號(路竹到仁德服務區)"},"geometry":{"type":"LineString","coordinates":[[120.27589,22.8859],[120.27157,22.89398]]}},{"type":"Feature","properties":{"id":"0000100133800E","name":"國道1號(高科到路竹)"},"geometry":{"type":"LineString","coordinates":[[120.27705,22.88375],[120.27589,22.8859]]}},{"type":"Feature","properties":{"id":"0000100133830E","name":"國道1號(高科到路竹)"},"geometry":{"type":"LineString","coordinates":[[120.28021,22.87783],[120.27705,22.88375]]}},{"type":"Feature","properties":{"id":"0000100133900E","name":"國道1號(高科到路竹)"},"geometry":{"type":"LineString","coordinates":[[120.2815,22.8753],[120.28021,22.87783]]}},{"type":"Feature","properties":{"id":"0000100133940E","name":"國道1號(高科到路竹)"},"geometry":{"type":"LineString","coordinates":[[120.2842,22.86963],[120.2815,22.8753]]}},{"type":"Feature","properties":{"id":"0000100134000E","name":"國道1號(高科到路竹)"},"geometry":{"type":"LineString","coordinates":[[120.2876,22.8612],[120.2842,22.86963]]}},{"type":"Feature","properties":{"id":"0000100134100E","name":"國道1號(高科到路竹)"},"geometry":{"type":"LineString","coordinates":[[120.29109,22.85279],[120.2876,22.8612]]}},{"type":"Feature","properties":{"id":"0000100134200E","name":"國道1號(高科到路竹)"},"geometry":{"type":"LineString","coordinates":[[120.29159,22.85184],[120.29109,22.85279]]}},{"type":"Feature","properties":{"id":"0000100134220E","name":"國道1號(岡山到高科)"},"geometry":{"type":"LineString","coordinates":[[120.29599,22.84502],[120.29159,22.85184]]}},{"type":"Feature","properties":{"id":"0000100134300E","name":"國道1號(岡山到高科)"},"geometry":{"type":"LineString","coordinates":[[120.29862,22.84117],[120.29599,22.84502]]}},{"type":"Feature","properties":{"id":"0000100134360E","name":"國道1號(岡山到高科)"},"geometry":{"type":"LineString","coordinates":[[120.30121,22.83742],[120.29862,22.84117]]}},{"type":"Feature","properties":{"id":"0000100134400E","name":"國道1號(岡山到高科)"},"geometry":{"type":"LineString","coordinates":[[120.30642,22.82981],[120.30121,22.83742]]}},{"type":"Feature","properties":{"id":"0000100134500E","name":"國道1號(岡山到高科)"},"geometry":{"type":"LineString","coordinates":[[120.31125,22.822],[120.30934,22.82548],[120.30642,22.82981]]}},{"type":"Feature","properties":{"id":"0000100134600E","name":"國道1號(岡山到高科)"},"geometry":{"type":"LineString","coordinates":[[120.31408,22.81335],[120.31283,22.81799],[120.31125,22.822]]}},{"type":"Feature","properties":{"id":"0000100134700E","name":"國道1號(岡山到高科)"},"geometry":{"type":"LineString","coordinates":[[120.31631,22.80462],[120.31408,22.81335]]}},{"type":"Feature","properties":{"id":"0000100134800E","name":"國道1號(岡山到高科)"},"geometry":{"type":"LineString","coordinates":[[120.31856,22.79584],[120.31631,22.80462]]}},{"type":"Feature","properties":{"id":"0000100134900E","name":"國道1號(岡山到高科)"},"geometry":{"type":"LineString","coordinates":[[120.31959,22.79186],[120.31856,22.79584]]}},{"type":"Feature","properties":{"id":"0000100134950E","name":"國道1號(楠梓到岡山)"},"geometry":{"type":"LineString","coordinates":[[120.32096,22.78714],[120.31959,22.79186]]}},{"type":"Feature","properties":{"id":"0000100135000E","name":"國道1號(楠梓到岡山)"},"geometry":{"type":"LineString","coordinates":[[120.3222,22.78356],[120.32096,22.78714]]}},{"type":"Feature","properties":{"id":"0000100135050E","name":"國道1號(楠梓到岡山)"},"geometry":{"type":"LineString","coordinates":[[120.32404,22.7786],[120.3222,22.78356]]}},{"type":"Feature","properties":{"id":"0000100135100E","name":"國道1號(楠梓到岡山)"},"geometry":{"type":"LineString","coordinates":[[120.3272,22.77009],[120.32404,22.7786]]}},{"type":"Feature","properties":{"id":"0000100135200E","name":"國道1號(楠梓到岡山)"},"geometry":{"type":"LineString","coordinates":[[120.3309,22.76176],[120.32886,22.76605],[120.3272,22.77009]]}},{"type":"Feature","properties":{"id":"0000100135300E","name":"國道1號(楠梓到岡山)"},"geometry":{"type":"LineString","coordinates":[[120.33403,22.75326],[120.33287,22.7573],[120.3309,22.76176]]}},{"type":"Feature","properties":{"id":"0000100135400E","name":"國道1號(楠梓到岡山)"},"geometry":{"type":"LineString","coordinates":[[120.33474,22.7443],[120.3347,22.74876],[120.33403,22.75326]]}},{"type":"Feature","properties":{"id":"0000100135500E","name":"國道1號(楠梓到岡山)"},"geometry":{"type":"LineString","coordinates":[[120.33471,22.74327],[120.33474,22.7443]]}},{"type":"Feature","properties":{"id":"0000100135520E","name":"國道1號(楠梓到岡山)"},"geometry":{"type":"LineString","coordinates":[[120.33445,22.7353],[120.33471,22.74327]]}},{"type":"Feature","properties":{"id":"0000100135600E","name":"國道1號(鼎金系統到楠梓)"},"geometry":{"type":"LineString","coordinates":[[120.33374,22.72635],[120.33426,22.7303],[120.33445,22.7353]]}},{"type":"Feature","properties":{"id":"0000100135700E","name":"國道1號(鼎金系統到楠梓)"},"geometry":{"type":"LineString","coordinates":[[120.33167,22.71755],[120.33374,22.72635]]}},{"type":"Feature","properties":{"id":"0000100135800E","name":"國道1號(鼎金系統到楠梓)"},"geometry":{"type":"LineString","coordinates":[[120.33099,22.71465],[120.33167,22.71755]]}},{"type":"Feature","properties":{"id":"0000100135840E","name":"國道1號(鼎金系統到楠梓)"},"geometry":{"type":"LineString","coordinates":[[120.32957,22.70876],[120.33099,22.71465]]}},{"type":"Feature","properties":{"id":"0000100135900E","name":"國道1號(鼎金系統到楠梓)"},"geometry":{"type":"LineString","coordinates":[[120.32776,22.69993],[120.32829,22.70343],[120.32957,22.70876]]}},{"type":"Feature","properties":{"id":"0000100136000E","name":"國道1號(鼎金系統到楠梓)"},"geometry":{"type":"LineString","coordinates":[[120.32791,22.69094],[120.32758,22.69617],[120.32776,22.69993]]}},{"type":"Feature","properties":{"id":"0000100136100E","name":"國道1號(鼎金系統到楠梓)"},"geometry":{"type":"LineString","coordinates":[[120.32859,22.68193],[120.32791,22.69094]]}},{"type":"Feature","properties":{"id":"0000100136200E","name":"國道1號(高雄到鼎金系統)"},"geometry":{"type":"LineString","coordinates":[[120.32927,22.67297],[120.32859,22.68193]]}},{"type":"Feature","properties":{"id":"0000100136300E","name":"國道1號(高雄到鼎金系統)"},"geometry":{"type":"LineString","coordinates":[[120.32981,22.66612],[120.32927,22.67297]]}},{"type":"Feature","properties":{"id":"0000100136380E","name":"國道1號(高雄到鼎金系統)"},"geometry":{"type":"LineString","coordinates":[[120.33016,22.66403],[120.32981,22.66612]]}},{"type":"Feature","properties":{"id":"0000100136400E","name":"國道1號(高雄到鼎金系統)"},"geometry":{"type":"LineString","coordinates":[[120.33382,22.65574],[120.33122,22.66088],[120.33016,22.66403]]}},{"type":"Feature","properties":{"id":"0000100136500E","name":"國道1號(高雄到鼎金系統)"},"geometry":{"type":"LineString","coordinates":[[120.33661,22.64712],[120.3354,22.65171],[120.33382,22.65574]]}},{"type":"Feature","properties":{"id":"0000100136600E","name":"國道1號(高雄到鼎金系統)"},"geometry":{"type":"LineString","coordinates":[[120.33709,22.64387],[120.33661,22.64712]]}},{"type":"Feature","properties":{"id":"0000100136640E","name":"國道1號(高雄到鼎金系統)"},"geometry":{"type":"LineString","coordinates":[[120.33727,22.63815],[120.33709,22.64387]]}},{"type":"Feature","properties":{"id":"0000100136700E","name":"國道1號(瑞隆路到高雄)"},"geometry":{"type":"LineString","coordinates":[[120.33658,22.63095],[120.33727,22.63815]]}},{"type":"Feature","properties":{"id":"0000100136790E","name":"國道1號(瑞隆路到高雄)"},"geometry":{"type":"LineString","coordinates":[[120.33637,22.6292],[120.33658,22.63095]]}},{"type":"Feature","properties":{"id":"0000100136800E","name":"國道1號(瑞隆路到高雄)"},"geometry":{"type":"LineString","coordinates":[[120.33648,22.62228],[120.33625,22.62608],[120.33637,22.6292]]}},{"type":"Feature","properties":{"id":"0000100136880E","name":"國道1號(瑞隆路到高雄)"},"geometry":{"type":"LineString","coordinates":[[120.33674,22.62022],[120.33648,22.62228]]}},{"type":"Feature","properties":{"id":"0000100136900E","name":"國道1號(瑞隆路到高雄)"},"geometry":{"type":"LineString","coordinates":[[120.33699,22.61847],[120.33674,22.62022]]}},{"type":"Feature","properties":{"id":"0000100136920E","name":"國道1號(五甲系統到瑞隆路)"},"geometry":{"type":"LineString","coordinates":[[120.3388,22.61145],[120.33786,22.61441],[120.33699,22.61847]]}},{"type":"Feature","properties":{"id":"0000100137000E","name":"國道1號(五甲到五甲系統)"},"geometry":{"type":"LineString","coordinates":[[120.34095,22.60687],[120.3388,22.61145]]}},{"type":"Feature","properties":{"id":"0000100137060E","name":"國道1號(五甲到五甲系統)"},"geometry":{"type":"LineString","coordinates":[[120.34249,22.60315],[120.34217,22.60447],[120.34095,22.60687]]}},{"type":"Feature","properties":{"id":"0000100137100E","name":"國道1號(中山四路到五甲)"},"geometry":{"type":"LineString","coordinates":[[120.33881,22.59509],[120.34112,22.59833],[120.342,22.59995],[120.3425,22.6016],[120.34249,22.60315]]}},{"type":"Feature","properties":{"id":"0000100137200E","name":"國道1號(中山四路到五甲)"},"geometry":{"type":"LineString","coordinates":[[120.33706,22.593],[120.33881,22.59509]]}},{"type":"Feature","properties":{"id":"0000100137240E","name":"國道1號(高雄端到漁港路)"},"geometry":{"type":"LineString","coordinates":[[120.33226,22.58847],[120.33706,22.593]]}},{"type":"Feature","properties":{"id":"0000100137300E","name":"國道1號(高雄端到漁港路)"},"geometry":{"type":"LineString","coordinates":[[120.33033,22.58699],[120.33226,22.58847]]}},{"type":"Feature","properties":{"id":"0000100137330E","name":"國道1號(高雄端到漁港路)"},"geometry":{"type":"LineString","coordinates":[[120.32827,22.58549],[120.33033,22.58699]]}},{"type":"Feature","properties":{"id":"0000101002000C","name":""},"geometry":{"type":"LineString","coordinates":[[121.72996,25.11721],[121.72893,25.11635],[121.72757,25.11597],[121.7271,25.1154]]}},{"type":"Feature","properties":{"id":"0000101002010C","name":""},"geometry":{"type":"LineString","coordinates":[[121.72741,25.1152],[121.72747,25.11576],[121.72817,25.11604],[121.72847,25.11567],[121.72827,25.115]]}},{"type":"Feature","properties":{"id":"0000101002020C","name":""},"geometry":{"type":"LineString","coordinates":[[121.72655,25.11576],[121.72774,25.11452],[121.72726,25.11291]]}},{"type":"Feature","properties":{"id":"0000101003020C","name":""},"geometry":{"type":"LineString","coordinates":[[121.72845,25.10465],[121.72399,25.10518],[121.7234,25.10503],[121.72204,25.10408],[121.72066,25.10352]]}},{"type":"Feature","properties":{"id":"0000101004000C","name":""},"geometry":{"type":"LineString","coordinates":[[121.69804,25.09979],[121.69939,25.0991],[121.69962,25.09858],[121.69949,25.09815],[121.69779,25.09631]]}},{"type":"Feature","properties":{"id":"0000101004010C","name":""},"geometry":{"type":"LineString","coordinates":[[121.70749,25.09991],[121.70572,25.09884],[121.70463,25.09845],[121.70347,25.09826],[121.70127,25.09839],[121.70018,25.09815],[121.69922,25.09766],[121.69779,25.09631]]}},{"type":"Feature","properties":{"id":"0000101005000C","name":""},"geometry":{"type":"LineString","coordinates":[[121.69017,25.08747],[121.68801,25.08806]]}},{"type":"Feature","properties":{"id":"0000101005040C","name":""},"geometry":{"type":"LineString","coordinates":[[121.68732,25.08731],[121.688,25.08798]]}},{"type":"Feature","properties":{"id":"0000101006010F","name":""},"geometry":{"type":"LineString","coordinates":[[121.65722,25.07531],[121.65628,25.07526],[121.65539,25.07561],[121.65478,25.07535],[121.65381,25.07351],[121.6538,25.07205]]}},{"type":"Feature","properties":{"id":"0000101006040F","name":""},"geometry":{"type":"LineString","coordinates":[[121.65385,25.07229],[121.65381,25.07322],[121.65439,25.07466],[121.65498,25.07542],[121.65563,25.07543],[121.65573,25.07499],[121.65501,25.0746]]}},{"type":"Feature","properties":{"id":"0000101007030F","name":""},"geometry":{"type":"LineString","coordinates":[[121.65152,25.07391],[121.64648,25.07309]]}},{"type":"Feature","properties":{"id":"0000101007040F","name":""},"geometry":{"type":"LineString","coordinates":[[121.64926,25.07415],[121.64842,25.07472],[121.64793,25.07538],[121.64777,25.07723]]}},{"type":"Feature","properties":{"id":"0000101009000A","name":""},"geometry":{"type":"LineString","coordinates":[[121.61085,25.06565],[121.60854,25.06506]]}},{"type":"Feature","properties":{"id":"0000101010000A","name":""},"geometry":{"type":"LineString","coordinates":[[121.60003,25.06398],[121.5966,25.06415],[121.59409,25.06315],[121.59229,25.06266]]}},{"type":"Feature","properties":{"id":"0000101010070A","name":""},"geometry":{"type":"LineString","coordinates":[[121.59032,25.06531],[121.58707,25.06626]]}},{"type":"Feature","properties":{"id":"0000101011000A","name":""},"geometry":{"type":"LineString","coordinates":[[121.53286,25.07269],[121.53168,25.07304],[121.5315,25.07361],[121.5319,25.07384],[121.53255,25.07367],[121.53319,25.07286],[121.53335,25.07212],[121.53326,25.06993]]}},{"type":"Feature","properties":{"id":"0000101011020A","name":""},"geometry":{"type":"LineString","coordinates":[[121.53344,25.07098],[121.53332,25.07281],[121.53257,25.07377]]}},{"type":"Feature","properties":{"id":"0000101012010A","name":""},"geometry":{"type":"LineString","coordinates":[[121.51461,25.07795],[121.513,25.07834],[121.51274,25.07863],[121.51276,25.07891],[121.51312,25.07916],[121.51344,25.0791],[121.51381,25.07835]]}},{"type":"Feature","properties":{"id":"0000101012020A","name":""},"geometry":{"type":"LineString","coordinates":[[121.51326,25.0804],[121.51325,25.07968],[121.51162,25.07868]]}},{"type":"Feature","properties":{"id":"0000101012030A","name":""},"geometry":{"type":"LineString","coordinates":[[121.51456,25.07659],[121.51526,25.07705],[121.51558,25.07762],[121.51553,25.07829],[121.5149,25.07904],[121.51429,25.07933],[121.51343,25.07941],[121.51162,25.07868]]}},{"type":"Feature","properties":{"id":"0000101013000F","name":""},"geometry":{"type":"LineString","coordinates":[[121.49961,25.07715],[121.4971,25.07692],[121.49595,25.07726]]}},{"type":"Feature","properties":{"id":"0000101013020F","name":""},"geometry":{"type":"LineString","coordinates":[[121.49595,25.07726],[121.49512,25.07708],[121.49452,25.07638],[121.49427,25.07393]]}},{"type":"Feature","properties":{"id":"0000101013030F","name":""},"geometry":{"type":"LineString","coordinates":[[121.49432,25.07369],[121.49441,25.07559],[121.49472,25.07656],[121.49543,25.07712],[121.49621,25.07701],[121.49622,25.0765],[121.49546,25.07615]]}},{"type":"Feature","properties":{"id":"0000101015000F","name":""},"geometry":{"type":"LineString","coordinates":[[121.45149,25.07264],[121.44829,25.07198],[121.44226,25.0701]]}},{"type":"Feature","properties":{"id":"0000101015010F","name":""},"geometry":{"type":"LineString","coordinates":[[121.44621,25.0712],[121.44226,25.0701]]}},{"type":"Feature","properties":{"id":"0000101015030F","name":""},"geometry":{"type":"LineString","coordinates":[[121.44004,25.06976],[121.43922,25.07017],[121.43833,25.07126],[121.43736,25.07199],[121.43696,25.07308]]}},{"type":"Feature","properties":{"id":"0000101015060F","name":""},"geometry":{"type":"LineString","coordinates":[[121.43889,25.07034],[121.43824,25.07108],[121.43758,25.07142],[121.43689,25.07121],[121.43664,25.07054]]}},{"type":"Feature","properties":{"id":"0000101015070F","name":""},"geometry":{"type":"LineString","coordinates":[[121.43889,25.07034],[121.43822,25.0707],[121.4372,25.07082]]}},{"type":"Feature","properties":{"id":"0000101015110F","name":""},"geometry":{"type":"LineString","coordinates":[[121.43647,25.07077],[121.43643,25.06924],[121.43616,25.06895],[121.43552,25.06875]]}},{"type":"Feature","properties":{"id":"0000101015130F","name":""},"geometry":{"type":"LineString","coordinates":[[121.43727,25.07043],[121.43821,25.07049]]}},{"type":"Feature","properties":{"id":"0000101015140F","name":""},"geometry":{"type":"LineString","coordinates":[[121.43821,25.07049],[121.43904,25.07001],[121.43907,25.06958],[121.43881,25.06928],[121.43552,25.06875]]}},{"type":"Feature","properties":{"id":"0000101015150F","name":""},"geometry":{"type":"LineString","coordinates":[[121.43552,25.06875],[121.42996,25.06829]]}},{"type":"Feature","properties":{"id":"0000101017000F","name":""},"geometry":{"type":"LineString","coordinates":[[121.37366,25.06591],[121.3693,25.06587]]}},{"type":"Feature","properties":{"id":"0000101017040F","name":""},"geometry":{"type":"LineString","coordinates":[[121.36717,25.06576],[121.36416,25.06524]]}},{"type":"Feature","properties":{"id":"0000101017050F","name":""},"geometry":{"type":"LineString","coordinates":[[121.36416,25.06524],[121.36008,25.06517]]}},{"type":"Feature","properties":{"id":"0000101017060F","name":""},"geometry":{"type":"LineString","coordinates":[[121.36008,25.06517],[121.35682,25.0658]]}},{"type":"Feature","properties":{"id":"0000101017080H","name":""},"geometry":{"type":"LineString","coordinates":[[121.35493,25.06586],[121.34898,25.06571]]}},{"type":"Feature","properties":{"id":"0000101018000H","name":""},"geometry":{"type":"LineString","coordinates":[[121.30237,25.04062],[121.29959,25.03924]]}},{"type":"Feature","properties":{"id":"0000101018020H","name":""},"geometry":{"type":"LineString","coordinates":[[121.29959,25.03924],[121.29757,25.03804]]}},{"type":"Feature","properties":{"id":"0000101018030H","name":""},"geometry":{"type":"LineString","coordinates":[[121.29813,25.03932],[121.29688,25.03947],[121.29631,25.04003]]}},{"type":"Feature","properties":{"id":"0000101018050H","name":""},"geometry":{"type":"LineString","coordinates":[[121.29753,25.03798],[121.29728,25.03885],[121.29749,25.03915],[121.29781,25.03921],[121.29815,25.03902],[121.2982,25.0387],[121.29757,25.03804]]}},{"type":"Feature","properties":{"id":"0000101018070H","name":""},"geometry":{"type":"LineString","coordinates":[[121.29634,25.03964],[121.29666,25.03872],[121.29661,25.03794],[121.2957,25.03688]]}},{"type":"Feature","properties":{"id":"0000101018083H","name":""},"geometry":{"type":"LineString","coordinates":[[121.29439,25.03606],[121.29043,25.03351]]}},{"type":"Feature","properties":{"id":"0000101018086H","name":""},"geometry":{"type":"LineString","coordinates":[[121.29043,25.03351],[121.28991,25.03319],[121.28929,25.03314],[121.28844,25.03376]]}},{"type":"Feature","properties":{"id":"0000101018110H","name":""},"geometry":{"type":"LineString","coordinates":[[121.29043,25.03351],[121.28834,25.03201]]}},{"type":"Feature","properties":{"id":"0000101018120H","name":""},"geometry":{"type":"LineString","coordinates":[[121.28765,25.03246],[121.28795,25.03196],[121.28743,25.0313]]}},{"type":"Feature","properties":{"id":"0000101018130H","name":""},"geometry":{"type":"LineString","coordinates":[[121.28825,25.03194],[121.28743,25.0313]]}},{"type":"Feature","properties":{"id":"0000101019000H","name":""},"geometry":{"type":"LineString","coordinates":[[121.27779,25.02287],[121.275,25.02093],[121.27375,25.02079],[121.27253,25.02134],[121.27067,25.02327]]}},{"type":"Feature","properties":{"id":"0000101019030H","name":""},"geometry":{"type":"LineString","coordinates":[[121.27567,25.02109],[121.27436,25.02039],[121.27315,25.01886],[121.27245,25.01831],[121.27163,25.01826],[121.27122,25.01854],[121.27103,25.01898],[121.2712,25.0196],[121.27189,25.01996],[121.2725,25.01982],[121.27316,25.01922]]}},{"type":"Feature","properties":{"id":"0000101019080H","name":""},"geometry":{"type":"LineString","coordinates":[[121.27034,25.02154],[121.27075,25.02032],[121.27075,25.01919],[121.2704,25.01819],[121.26933,25.01663]]}},{"type":"Feature","properties":{"id":"0000101019100H","name":""},"geometry":{"type":"LineString","coordinates":[[121.2774,25.0151],[121.27684,25.01608],[121.27626,25.01663],[121.27502,25.01734],[121.27384,25.01771],[121.27254,25.01785],[121.27119,25.01772],[121.27018,25.01735],[121.26933,25.01663]]}},{"type":"Feature","properties":{"id":"0000101020000H","name":""},"geometry":{"type":"LineString","coordinates":[[121.24346,24.99461],[121.24216,24.99355],[121.23972,24.99249]]}},{"type":"Feature","properties":{"id":"0000101020020H","name":""},"geometry":{"type":"LineString","coordinates":[[121.23972,24.99249],[121.23908,24.99135],[121.23928,24.98862],[121.23885,24.98663]]}},{"type":"Feature","properties":{"id":"0000101020040H","name":""},"geometry":{"type":"LineString","coordinates":[[121.23924,24.98747],[121.23921,24.99162],[121.23963,24.99229],[121.24042,24.99258],[121.24074,24.99217],[121.24011,24.99127]]}},{"type":"Feature","properties":{"id":"0000101020050H","name":""},"geometry":{"type":"LineString","coordinates":[[121.2354,24.98982],[121.23614,24.98854],[121.23624,24.98794],[121.23601,24.98729],[121.23539,24.98652]]}},{"type":"Feature","properties":{"id":"0000101022000H","name":""},"geometry":{"type":"LineString","coordinates":[[121.20241,24.95992],[121.20065,24.95858],[121.19915,24.95834],[121.19872,24.95803]]}},{"type":"Feature","properties":{"id":"0000101022010H","name":""},"geometry":{"type":"LineString","coordinates":[[121.19872,24.95803],[121.19827,24.9574],[121.19765,24.95715]]}},{"type":"Feature","properties":{"id":"0000101022030H","name":""},"geometry":{"type":"LineString","coordinates":[[121.19918,24.95711],[121.19882,24.95747],[121.19881,24.95784],[121.19912,24.95815],[121.19953,24.95817],[121.1999,24.95766],[121.1992,24.95645]]}},{"type":"Feature","properties":{"id":"0000101022040H","name":""},"geometry":{"type":"LineString","coordinates":[[121.19771,24.95703],[121.19832,24.9569],[121.19863,24.95633],[121.1979,24.95464]]}},{"type":"Feature","properties":{"id":"0000101023010H","name":""},"geometry":{"type":"LineString","coordinates":[[121.19156,24.93861],[121.19095,24.93785],[121.19023,24.93751],[121.1878,24.93719],[121.18592,24.93774]]}},{"type":"Feature","properties":{"id":"0000101023050H","name":""},"geometry":{"type":"LineString","coordinates":[[121.18987,24.93593],[121.18889,24.93668],[121.18895,24.93714],[121.18929,24.93736],[121.18973,24.93729],[121.18998,24.93698],[121.18963,24.93619]]}},{"type":"Feature","properties":{"id":"0000101023080H","name":""},"geometry":{"type":"LineString","coordinates":[[121.18905,24.93562],[121.18811,24.93526],[121.18776,24.9355],[121.18771,24.93581],[121.18793,24.93612],[121.18838,24.9362],[121.18954,24.93576]]}},{"type":"Feature","properties":{"id":"0000101023110H","name":""},"geometry":{"type":"LineString","coordinates":[[121.18575,24.93748],[121.18702,24.93677],[121.18757,24.93589],[121.18739,24.93466],[121.18645,24.93365]]}},{"type":"Feature","properties":{"id":"0000101024033H","name":""},"geometry":{"type":"LineString","coordinates":[[121.17062,24.92527],[121.16987,24.92435],[121.16974,24.92357]]}},{"type":"Feature","properties":{"id":"0000101024060H","name":""},"geometry":{"type":"LineString","coordinates":[[121.17087,24.92547],[121.17062,24.92527]]}},{"type":"Feature","properties":{"id":"0000101025020H","name":""},"geometry":{"type":"LineString","coordinates":[[121.16349,24.91019],[121.16322,24.9097],[121.16323,24.90929]]}},{"type":"Feature","properties":{"id":"0000101025030H","name":""},"geometry":{"type":"LineString","coordinates":[[121.16219,24.90911],[121.16285,24.90906],[121.16337,24.90872],[121.16356,24.90751]]}},{"type":"Feature","properties":{"id":"0000101025040H","name":""},"geometry":{"type":"LineString","coordinates":[[121.16428,24.90925],[121.16359,24.90968],[121.16383,24.91021],[121.16435,24.91014],[121.16449,24.90974],[121.16376,24.90867],[121.16356,24.90751]]}},{"type":"Feature","properties":{"id":"0000101027003J","name":""},"geometry":{"type":"LineString","coordinates":[[121.03667,24.87702],[121.02992,24.87648]]}},{"type":"Feature","properties":{"id":"0000101027016J","name":""},"geometry":{"type":"LineString","coordinates":[[121.02887,24.87623],[121.0272,24.87567],[121.02381,24.87412]]}},{"type":"Feature","properties":{"id":"0000101027020J","name":""},"geometry":{"type":"LineString","coordinates":[[121.02992,24.87648],[121.02953,24.8765],[121.02931,24.87674]]}},{"type":"Feature","properties":{"id":"0000101027030J","name":""},"geometry":{"type":"LineString","coordinates":[[121.02919,24.87669],[121.02914,24.87639],[121.02887,24.87623]]}},{"type":"Feature","properties":{"id":"0000101028000J","name":""},"geometry":{"type":"LineString","coordinates":[[121.01935,24.82729],[121.0186,24.8262],[121.0171,24.82463]]}},{"type":"Feature","properties":{"id":"0000101028010J","name":""},"geometry":{"type":"LineString","coordinates":[[121.0171,24.82463],[121.01643,24.82412],[121.01588,24.82415]]}},{"type":"Feature","properties":{"id":"0000101028030J","name":""},"geometry":{"type":"LineString","coordinates":[[121.01577,24.82404],[121.01618,24.82364],[121.01618,24.82304]]}},{"type":"Feature","properties":{"id":"0000101028050J","name":""},"geometry":{"type":"LineString","coordinates":[[121.01618,24.82304],[121.01518,24.82059]]}},{"type":"Feature","properties":{"id":"0000101029000O","name":""},"geometry":{"type":"LineString","coordinates":[[121.00956,24.80392],[121.00889,24.80131]]}},{"type":"Feature","properties":{"id":"0000101029010O","name":""},"geometry":{"type":"LineString","coordinates":[[121.00889,24.80131],[121.00831,24.79897]]}},{"type":"Feature","properties":{"id":"0000101029030O","name":""},"geometry":{"type":"LineString","coordinates":[[121.00831,24.79897],[121.00783,24.79839],[121.00664,24.79869]]}},{"type":"Feature","properties":{"id":"0000101029050O","name":""},"geometry":{"type":"LineString","coordinates":[[121.00702,24.79832],[121.00774,24.79772],[121.00775,24.79677]]}},{"type":"Feature","properties":{"id":"0000101029060O","name":""},"geometry":{"type":"LineString","coordinates":[[121.00828,24.79773],[121.00775,24.79677]]}},{"type":"Feature","properties":{"id":"0000101029090O","name":""},"geometry":{"type":"LineString","coordinates":[[121.00667,24.79337],[121.00541,24.79136]]}},{"type":"Feature","properties":{"id":"0000101029100O","name":""},"geometry":{"type":"LineString","coordinates":[[121.00667,24.79337],[121.00498,24.78982],[121.00445,24.78822]]}},{"type":"Feature","properties":{"id":"0000101029110O","name":""},"geometry":{"type":"LineString","coordinates":[[121.00541,24.79136],[121.00495,24.79108],[121.00442,24.79119]]}},{"type":"Feature","properties":{"id":"0000101029150O","name":""},"geometry":{"type":"LineString","coordinates":[[121.00522,24.79045],[121.00479,24.78983]]}},{"type":"Feature","properties":{"id":"0000101029180O","name":""},"geometry":{"type":"LineString","coordinates":[[121.00658,24.79284],[121.0049,24.78947],[121.00413,24.78734],[121.00347,24.78473],[121.00317,24.78217]]}},{"type":"Feature","properties":{"id":"0000101029190O","name":""},"geometry":{"type":"LineString","coordinates":[[121.00317,24.78217],[121.00283,24.78165]]}},{"type":"Feature","properties":{"id":"0000101029240J","name":""},"geometry":{"type":"LineString","coordinates":[[121.00295,24.77607],[121.00326,24.77529]]}},{"type":"Feature","properties":{"id":"0000101029250J","name":""},"geometry":{"type":"LineString","coordinates":[[121.00334,24.77584],[121.00326,24.77529]]}},{"type":"Feature","properties":{"id":"0000101030000J","name":""},"geometry":{"type":"LineString","coordinates":[[120.99113,24.76035],[120.98753,24.75859],[120.98564,24.7584]]}},{"type":"Feature","properties":{"id":"0000101030020J","name":""},"geometry":{"type":"LineString","coordinates":[[120.98669,24.75628],[120.98563,24.75526],[120.98522,24.75527],[120.98485,24.75563],[120.9851,24.75635],[120.98561,24.75673],[120.98639,24.75697],[120.98736,24.75693],[120.98973,24.75635]]}},{"type":"Feature","properties":{"id":"0000101030040J","name":""},"geometry":{"type":"LineString","coordinates":[[120.99213,24.75651],[120.98998,24.7578],[120.98864,24.75805],[120.98691,24.75794],[120.98573,24.75742],[120.98499,24.75668],[120.98459,24.7558],[120.98444,24.75467]]}},{"type":"Feature","properties":{"id":"0000101031010K","name":""},"geometry":{"type":"LineString","coordinates":[[120.91937,24.69397],[120.91714,24.69261],[120.9161,24.69258]]}},{"type":"Feature","properties":{"id":"0000101031030K","name":""},"geometry":{"type":"LineString","coordinates":[[120.91774,24.69166],[120.9174,24.69218],[120.91767,24.69277],[120.91828,24.69279],[120.91848,24.69218]]}},{"type":"Feature","properties":{"id":"0000101031050K","name":""},"geometry":{"type":"LineString","coordinates":[[120.91793,24.69108],[120.91738,24.69055],[120.91681,24.69079],[120.91677,24.6911],[120.917,24.69143],[120.91772,24.69155]]}},{"type":"Feature","properties":{"id":"0000101031060K","name":""},"geometry":{"type":"LineString","coordinates":[[120.91793,24.69108],[120.9168,24.68932]]}},{"type":"Feature","properties":{"id":"0000101031080K","name":""},"geometry":{"type":"LineString","coordinates":[[120.91588,24.69236],[120.91624,24.69099],[120.91685,24.69017],[120.9168,24.68932]]}},{"type":"Feature","properties":{"id":"0000101032020K","name":""},"geometry":{"type":"LineString","coordinates":[[120.85826,24.57919],[120.85736,24.57976],[120.856,24.57995],[120.85547,24.57973],[120.85535,24.57943],[120.85558,24.57803],[120.85436,24.57477]]}},{"type":"Feature","properties":{"id":"0000101033000K","name":""},"geometry":{"type":"LineString","coordinates":[[120.82406,24.52679],[120.82257,24.5258],[120.82088,24.52514]]}},{"type":"Feature","properties":{"id":"0000101033010K","name":""},"geometry":{"type":"LineString","coordinates":[[120.82088,24.52514],[120.82031,24.52509],[120.82,24.52533]]}},{"type":"Feature","properties":{"id":"0000101033030K","name":""},"geometry":{"type":"LineString","coordinates":[[120.8198,24.52531],[120.81974,24.52472],[120.81923,24.52413]]}},{"type":"Feature","properties":{"id":"0000101033040K","name":""},"geometry":{"type":"LineString","coordinates":[[120.82001,24.52471],[120.81923,24.52413]]}},{"type":"Feature","properties":{"id":"0000101033050K","name":""},"geometry":{"type":"LineString","coordinates":[[120.81923,24.52413],[120.81706,24.52223]]}},{"type":"Feature","properties":{"id":"0000101034000K","name":""},"geometry":{"type":"LineString","coordinates":[[120.78249,24.48272],[120.78354,24.47922],[120.78475,24.47642]]}},{"type":"Feature","properties":{"id":"0000101034020K","name":""},"geometry":{"type":"LineString","coordinates":[[120.78475,24.47642],[120.7851,24.47619],[120.7858,24.47633]]}},{"type":"Feature","properties":{"id":"0000101034030K","name":""},"geometry":{"type":"LineString","coordinates":[[120.78431,24.47563],[120.78488,24.4758],[120.78519,24.47553]]}},{"type":"Feature","properties":{"id":"0000101034050K","name":""},"geometry":{"type":"LineString","coordinates":[[120.78519,24.47553],[120.78755,24.47031]]}},{"type":"Feature","properties":{"id":"0000101035000K","name":""},"geometry":{"type":"LineString","coordinates":[[120.76067,24.39644],[120.75887,24.39456],[120.75792,24.39321]]}},{"type":"Feature","properties":{"id":"0000101035010K","name":""},"geometry":{"type":"LineString","coordinates":[[120.75792,24.39321],[120.75757,24.39318]]}},{"type":"Feature","properties":{"id":"0000101035030K","name":""},"geometry":{"type":"LineString","coordinates":[[120.75774,24.39296],[120.75759,24.39279]]}},{"type":"Feature","properties":{"id":"0000101035040K","name":""},"geometry":{"type":"LineString","coordinates":[[120.75753,24.39309],[120.75759,24.39279]]}},{"type":"Feature","properties":{"id":"0000101035050K","name":""},"geometry":{"type":"LineString","coordinates":[[120.75759,24.39279],[120.75692,24.39182],[120.75611,24.38981]]}},{"type":"Feature","properties":{"id":"0000101036000B","name":""},"geometry":{"type":"LineString","coordinates":[[120.70566,24.31949],[120.70359,24.31756],[120.70259,24.3156]]}},{"type":"Feature","properties":{"id":"0000101036060B","name":""},"geometry":{"type":"LineString","coordinates":[[120.70023,24.31371],[120.70096,24.31303],[120.70116,24.31226],[120.70012,24.30935]]}},{"type":"Feature","properties":{"id":"0000101038030B","name":""},"geometry":{"type":"LineString","coordinates":[[120.69446,24.24896],[120.69487,24.24848]]}},{"type":"Feature","properties":{"id":"0000101038040B","name":""},"geometry":{"type":"LineString","coordinates":[[120.69217,24.25098],[120.69116,24.25165],[120.69037,24.25185],[120.68976,24.25174],[120.68935,24.25141],[120.68916,24.25063],[120.69,24.24924],[120.69007,24.24795]]}},{"type":"Feature","properties":{"id":"0000101040010B","name":""},"geometry":{"type":"LineString","coordinates":[[120.65857,24.20704],[120.65492,24.20764]]}},{"type":"Feature","properties":{"id":"0000101040050B","name":""},"geometry":{"type":"LineString","coordinates":[[120.65574,24.20559],[120.65508,24.20566],[120.65493,24.20599],[120.65504,24.20632],[120.6556,24.20658],[120.65618,24.20622]]}},{"type":"Feature","properties":{"id":"0000101040060B","name":""},"geometry":{"type":"LineString","coordinates":[[120.65574,24.20559],[120.65397,24.20472]]}},{"type":"Feature","properties":{"id":"0000101040070B","name":""},"geometry":{"type":"LineString","coordinates":[[120.65458,24.20775],[120.65492,24.20723],[120.65494,24.20674],[120.65457,24.20547],[120.65397,24.20472]]}},{"type":"Feature","properties":{"id":"0000101041010B","name":""},"geometry":{"type":"LineString","coordinates":[[120.63193,24.17721],[120.63112,24.17675],[120.62991,24.17657]]}},{"type":"Feature","properties":{"id":"0000101041020B","name":""},"geometry":{"type":"LineString","coordinates":[[120.63193,24.17721],[120.63047,24.17495],[120.63021,24.17532],[120.62981,24.17547],[120.62946,24.17534],[120.62929,24.17499],[120.62941,24.17466],[120.62979,24.1745],[120.63047,24.17495],[120.63094,24.17406],[120.63223,24.17358]]}},{"type":"Feature","properties":{"id":"0000101041040B","name":""},"geometry":{"type":"LineString","coordinates":[[120.62813,24.17668],[120.62878,24.17601],[120.62905,24.17451]]}},{"type":"Feature","properties":{"id":"0000101041050B","name":""},"geometry":{"type":"LineString","coordinates":[[120.63209,24.17448],[120.6311,24.17606],[120.6304,24.17636],[120.62972,24.17616],[120.6293,24.17576],[120.62905,24.17451]]}},{"type":"Feature","properties":{"id":"0000101042010B","name":""},"geometry":{"type":"LineString","coordinates":[[120.61971,24.15553],[120.61951,24.15516],[120.61801,24.15398],[120.61731,24.15369]]}},{"type":"Feature","properties":{"id":"0000101042020B","name":""},"geometry":{"type":"LineString","coordinates":[[120.61971,24.15553],[120.61947,24.15429],[120.61949,24.15253],[120.61909,24.15224],[120.61863,24.15236],[120.61846,24.15269],[120.61856,24.15301],[120.61888,24.15321],[120.6194,24.15316]]}},{"type":"Feature","properties":{"id":"0000101042030B","name":""},"geometry":{"type":"LineString","coordinates":[[120.61802,24.15331],[120.61854,24.15224],[120.61933,24.15151],[120.61948,24.15094]]}},{"type":"Feature","properties":{"id":"0000101042040B","name":""},"geometry":{"type":"LineString","coordinates":[[120.61936,24.15332],[120.61873,24.15396],[120.61883,24.15438],[120.61916,24.15456],[120.61956,24.15448],[120.61977,24.1542],[120.61972,24.15306]]}},{"type":"Feature","properties":{"id":"0000101042050B","name":""},"geometry":{"type":"LineString","coordinates":[[120.61972,24.15306],[120.61948,24.15094]]}},{"type":"Feature","properties":{"id":"0000101043010B","name":""},"geometry":{"type":"LineString","coordinates":[[120.58481,24.11989],[120.58427,24.11991],[120.58277,24.11915],[120.58013,24.11925],[120.57749,24.11898]]}},{"type":"Feature","properties":{"id":"0000101043020B","name":""},"geometry":{"type":"LineString","coordinates":[[120.58481,24.11989],[120.58404,24.11968],[120.58159,24.11749]]}},{"type":"Feature","properties":{"id":"0000101043030B","name":""},"geometry":{"type":"LineString","coordinates":[[120.58257,24.11823],[120.58421,24.11967],[120.58479,24.11977],[120.58518,24.11948],[120.58515,24.11907],[120.58486,24.11885],[120.58372,24.11886]]}},{"type":"Feature","properties":{"id":"0000101044000N","name":""},"geometry":{"type":"LineString","coordinates":[[120.5579,24.1019],[120.55652,24.10104],[120.55564,24.10095],[120.55465,24.10145],[120.55411,24.10256]]}},{"type":"Feature","properties":{"id":"0000101044020N","name":""},"geometry":{"type":"LineString","coordinates":[[120.5541,24.10483],[120.55481,24.10571],[120.55595,24.10609],[120.5612,24.10562]]}},{"type":"Feature","properties":{"id":"0000101044030N","name":""},"geometry":{"type":"LineString","coordinates":[[120.5541,24.10483],[120.55482,24.10658],[120.55476,24.10722],[120.55436,24.10786],[120.55359,24.1083],[120.55176,24.10841],[120.55001,24.10889]]}},{"type":"Feature","properties":{"id":"0000101045010N","name":""},"geometry":{"type":"LineString","coordinates":[[120.52231,24.06828],[120.52214,24.06589],[120.5215,24.06524]]}},{"type":"Feature","properties":{"id":"0000101045020N","name":""},"geometry":{"type":"LineString","coordinates":[[120.52231,24.06828],[120.52229,24.06504],[120.52258,24.06413]]}},{"type":"Feature","properties":{"id":"0000101045030N","name":""},"geometry":{"type":"LineString","coordinates":[[120.52168,24.06384],[120.52226,24.0635],[120.52284,24.0614]]}},{"type":"Feature","properties":{"id":"0000101045040N","name":""},"geometry":{"type":"LineString","coordinates":[[120.52217,24.06568],[120.52212,24.06457],[120.52284,24.0614]]}},{"type":"Feature","properties":{"id":"0000101046010N","name":""},"geometry":{"type":"LineString","coordinates":[[120.50753,23.98767],[120.50662,23.98736],[120.50574,23.98749],[120.50505,23.98794],[120.50437,23.98876]]}},{"type":"Feature","properties":{"id":"0000101046020N","name":""},"geometry":{"type":"LineString","coordinates":[[120.50753,23.98767],[120.50615,23.98656],[120.50587,23.98525],[120.50634,23.98418],[120.50847,23.98161]]}},{"type":"Feature","properties":{"id":"0000101046030N","name":""},"geometry":{"type":"LineString","coordinates":[[120.50921,23.9825],[120.50829,23.98384],[120.50663,23.9857],[120.50646,23.9861],[120.50655,23.98646],[120.50697,23.98674],[120.50755,23.98661],[120.50779,23.98621],[120.50777,23.9855]]}},{"type":"Feature","properties":{"id":"0000101046040N","name":""},"geometry":{"type":"LineString","coordinates":[[120.50463,23.98717],[120.50569,23.98502]]}},{"type":"Feature","properties":{"id":"0000101046050N","name":""},"geometry":{"type":"LineString","coordinates":[[120.50569,23.98502],[120.50655,23.98259],[120.50662,23.97961]]}},{"type":"Feature","properties":{"id":"0000101047010N","name":""},"geometry":{"type":"LineString","coordinates":[[120.50631,23.9572],[120.5062,23.95576],[120.50581,23.9546],[120.50519,23.95389],[120.50443,23.95358]]}},{"type":"Feature","properties":{"id":"0000101047020N","name":""},"geometry":{"type":"LineString","coordinates":[[120.50631,23.9572],[120.50613,23.95299],[120.50578,23.95243],[120.50527,23.95238],[120.50499,23.95267],[120.505,23.95299],[120.50564,23.95343]]}},{"type":"Feature","properties":{"id":"0000101047030N","name":""},"geometry":{"type":"LineString","coordinates":[[120.50401,23.95351],[120.50454,23.95316],[120.50488,23.95248]]}},{"type":"Feature","properties":{"id":"0000101047050N","name":""},"geometry":{"type":"LineString","coordinates":[[120.505,23.95345],[120.50488,23.95248]]}},{"type":"Feature","properties":{"id":"0000101048000N","name":""},"geometry":{"type":"LineString","coordinates":[[120.49084,23.87952],[120.49002,23.87638]]}},{"type":"Feature","properties":{"id":"0000101048010N","name":""},"geometry":{"type":"LineString","coordinates":[[120.49002,23.87638],[120.4896,23.87573],[120.48882,23.87569],[120.48804,23.87602],[120.4877,23.87691],[120.48803,23.88113],[120.48953,23.88733]]}},{"type":"Feature","properties":{"id":"0000101048040N","name":""},"geometry":{"type":"LineString","coordinates":[[120.48967,23.87469],[120.48945,23.87128]]}},{"type":"Feature","properties":{"id":"0000101049030P","name":""},"geometry":{"type":"LineString","coordinates":[[120.47428,23.77984],[120.47363,23.77908],[120.47318,23.77912],[120.47292,23.77943],[120.47313,23.78029],[120.47415,23.78225]]}},{"type":"Feature","properties":{"id":"0000101049040P","name":""},"geometry":{"type":"LineString","coordinates":[[120.47428,23.77984],[120.47305,23.77693]]}},{"type":"Feature","properties":{"id":"0000101049050P","name":""},"geometry":{"type":"LineString","coordinates":[[120.47415,23.78225],[120.47453,23.78236],[120.47489,23.78217]]}},{"type":"Feature","properties":{"id":"0000101049070P","name":""},"geometry":{"type":"LineString","coordinates":[[120.47445,23.78299],[120.47407,23.78232]]}},{"type":"Feature","properties":{"id":"0000101049080P","name":""},"geometry":{"type":"LineString","coordinates":[[120.47465,23.78263],[120.47407,23.78232]]}},{"type":"Feature","properties":{"id":"0000101050000P","name":""},"geometry":{"type":"LineString","coordinates":[[120.46872,23.74071],[120.46902,23.7393],[120.46915,23.73706]]}},{"type":"Feature","properties":{"id":"0000101050010P","name":""},"geometry":{"type":"LineString","coordinates":[[120.46915,23.73706],[120.46907,23.73648],[120.46873,23.73608],[120.46774,23.73582]]}},{"type":"Feature","properties":{"id":"0000101050030P","name":""},"geometry":{"type":"LineString","coordinates":[[120.46802,23.73575],[120.46925,23.73544],[120.46983,23.73466]]}},{"type":"Feature","properties":{"id":"0000101050050P","name":""},"geometry":{"type":"LineString","coordinates":[[120.46983,23.73466],[120.47086,23.73328],[120.47191,23.73131]]}},{"type":"Feature","properties":{"id":"0000101051000P","name":""},"geometry":{"type":"LineString","coordinates":[[120.47296,23.69683],[120.4721,23.69539],[120.47046,23.6943]]}},{"type":"Feature","properties":{"id":"0000101051010P","name":""},"geometry":{"type":"LineString","coordinates":[[120.47046,23.6943],[120.46968,23.69376],[120.46885,23.69371]]}},{"type":"Feature","properties":{"id":"0000101051030P","name":""},"geometry":{"type":"LineString","coordinates":[[120.4697,23.69343],[120.47026,23.69309],[120.47049,23.69268],[120.47055,23.692],[120.47032,23.69122]]}},{"type":"Feature","properties":{"id":"0000101051040P","name":""},"geometry":{"type":"LineString","coordinates":[[120.47124,23.69322],[120.47055,23.69384],[120.47061,23.69421],[120.47086,23.69439],[120.47141,23.69429],[120.47156,23.69377],[120.47032,23.69122]]}},{"type":"Feature","properties":{"id":"0000101052110P","name":""},"geometry":{"type":"LineString","coordinates":[[120.45604,23.66797],[120.45431,23.66559],[120.45389,23.66461]]}},{"type":"Feature","properties":{"id":"0000101052130P","name":""},"geometry":{"type":"LineString","coordinates":[[120.45342,23.67077],[120.4541,23.66914],[120.45435,23.66769],[120.45429,23.66638],[120.45389,23.66461]]}},{"type":"Feature","properties":{"id":"0000101053000Q","name":""},"geometry":{"type":"LineString","coordinates":[[120.43785,23.61695],[120.43733,23.6147],[120.43675,23.61324]]}},{"type":"Feature","properties":{"id":"0000101053010Q","name":""},"geometry":{"type":"LineString","coordinates":[[120.43675,23.61324],[120.43633,23.61274],[120.43556,23.61274]]}},{"type":"Feature","properties":{"id":"0000101053030Q","name":""},"geometry":{"type":"LineString","coordinates":[[120.43553,23.61265],[120.43623,23.61212],[120.43641,23.61135]]}},{"type":"Feature","properties":{"id":"0000101053040Q","name":""},"geometry":{"type":"LineString","coordinates":[[120.43647,23.61228],[120.43641,23.61135]]}},{"type":"Feature","properties":{"id":"0000101054000Q","name":""},"geometry":{"type":"LineString","coordinates":[[120.41761,23.55861],[120.41587,23.55513]]}},{"type":"Feature","properties":{"id":"0000101054010Q","name":""},"geometry":{"type":"LineString","coordinates":[[120.41587,23.55513],[120.41546,23.55469],[120.41496,23.55449],[120.41376,23.55483]]}},{"type":"Feature","properties":{"id":"0000101054020Q","name":""},"geometry":{"type":"LineString","coordinates":[[120.41587,23.55513],[120.41505,23.554]]}},{"type":"Feature","properties":{"id":"0000101054030Q","name":""},"geometry":{"type":"LineString","coordinates":[[120.41384,23.55461],[120.41454,23.55389],[120.41477,23.55277]]}},{"type":"Feature","properties":{"id":"0000101054040Q","name":""},"geometry":{"type":"LineString","coordinates":[[120.41497,23.55387],[120.41477,23.55277]]}},{"type":"Feature","properties":{"id":"0000101055030Q","name":""},"geometry":{"type":"LineString","coordinates":[[120.38934,23.49584],[120.3885,23.49574]]}},{"type":"Feature","properties":{"id":"0000101055040I","name":""},"geometry":{"type":"LineString","coordinates":[[120.39064,23.4952],[120.39038,23.4956],[120.39052,23.49599],[120.39087,23.49623],[120.39153,23.49629],[120.3919,23.49582],[120.39129,23.49496]]}},{"type":"Feature","properties":{"id":"0000101055060I","name":""},"geometry":{"type":"LineString","coordinates":[[120.39074,23.49436],[120.39004,23.49394],[120.38938,23.49424],[120.38936,23.49467],[120.38959,23.49495],[120.39042,23.49511]]}},{"type":"Feature","properties":{"id":"0000101055110Q","name":""},"geometry":{"type":"LineString","coordinates":[[120.38941,23.49328],[120.38873,23.49204]]}},{"type":"Feature","properties":{"id":"0000101056000Q","name":""},"geometry":{"type":"LineString","coordinates":[[120.36897,23.44749],[120.36697,23.44543]]}},{"type":"Feature","properties":{"id":"0000101056010Q","name":""},"geometry":{"type":"LineString","coordinates":[[120.36697,23.44543],[120.36631,23.44502],[120.36534,23.44513]]}},{"type":"Feature","properties":{"id":"0000101056030Q","name":""},"geometry":{"type":"LineString","coordinates":[[120.36549,23.44495],[120.36595,23.44445],[120.36598,23.44385]]}},{"type":"Feature","properties":{"id":"0000101056040Q","name":""},"geometry":{"type":"LineString","coordinates":[[120.36629,23.44456],[120.36598,23.44385]]}},{"type":"Feature","properties":{"id":"0000101057010Q","name":""},"geometry":{"type":"LineString","coordinates":[[120.35725,23.42757],[120.35662,23.42652],[120.35596,23.42613],[120.35443,23.42567],[120.35272,23.42569]]}},{"type":"Feature","properties":{"id":"0000101057060Q","name":""},"geometry":{"type":"LineString","coordinates":[[120.35614,23.42484],[120.35272,23.42569]]}},{"type":"Feature","properties":{"id":"0000101057100Q","name":""},"geometry":{"type":"LineString","coordinates":[[120.35622,23.42408],[120.35553,23.42131]]}},{"type":"Feature","properties":{"id":"0000101057120Q","name":""},"geometry":{"type":"LineString","coordinates":[[120.35255,23.42521],[120.35406,23.42459],[120.35494,23.42374],[120.35545,23.42268],[120.35553,23.42131]]}},{"type":"Feature","properties":{"id":"0000101058010D","name":""},"geometry":{"type":"LineString","coordinates":[[120.29264,23.31047],[120.29172,23.30937],[120.2902,23.30885],[120.28921,23.308],[120.2885,23.308]]}},{"type":"Feature","properties":{"id":"0000101058030D","name":""},"geometry":{"type":"LineString","coordinates":[[120.29002,23.30761],[120.28966,23.30817],[120.2902,23.30871],[120.29093,23.30861],[120.29106,23.30827],[120.29095,23.30788]]}},{"type":"Feature","properties":{"id":"0000101058050D","name":""},"geometry":{"type":"LineString","coordinates":[[120.29007,23.3066],[120.28932,23.30622],[120.2888,23.30667],[120.28904,23.30733],[120.28977,23.30751]]}},{"type":"Feature","properties":{"id":"0000101059010D","name":""},"geometry":{"type":"LineString","coordinates":[[120.23969,23.22233],[120.23867,23.22147],[120.23768,23.22098],[120.23665,23.22077],[120.23519,23.22097]]}},{"type":"Feature","properties":{"id":"0000101059060D","name":""},"geometry":{"type":"LineString","coordinates":[[120.23861,23.21862],[120.23803,23.21725],[120.23786,23.21625]]}},{"type":"Feature","properties":{"id":"0000101059070D","name":""},"geometry":{"type":"LineString","coordinates":[[120.23524,23.22068],[120.23597,23.22024],[120.23658,23.21954],[120.23786,23.21625]]}},{"type":"Feature","properties":{"id":"0000101059100D","name":""},"geometry":{"type":"LineString","coordinates":[[120.23818,23.21973],[120.23519,23.22097]]}},{"type":"Feature","properties":{"id":"0000101060010D","name":""},"geometry":{"type":"LineString","coordinates":[[120.23564,23.1853],[120.23528,23.18247],[120.23498,23.18214]]}},{"type":"Feature","properties":{"id":"0000101060020D","name":""},"geometry":{"type":"LineString","coordinates":[[120.23564,23.1853],[120.23524,23.18126],[120.23497,23.18063],[120.23457,23.18038],[120.23421,23.18043],[120.23392,23.18084],[120.23401,23.18129],[120.23439,23.18169]]}},{"type":"Feature","properties":{"id":"0000101060050D","name":""},"geometry":{"type":"LineString","coordinates":[[120.23372,23.18078],[120.23486,23.17929],[120.23436,23.17562]]}},{"type":"Feature","properties":{"id":"0000101061020D","name":""},"geometry":{"type":"LineString","coordinates":[[120.24271,23.11806],[120.24298,23.11738]]}},{"type":"Feature","properties":{"id":"0000101061030D","name":""},"geometry":{"type":"LineString","coordinates":[[120.24223,23.11687],[120.24293,23.11686],[120.24335,23.11646]]}},{"type":"Feature","properties":{"id":"0000101062060D","name":""},"geometry":{"type":"LineString","coordinates":[[120.25566,23.07931],[120.2542,23.0807],[120.25325,23.08119],[120.25211,23.08121],[120.25092,23.08067],[120.25005,23.07963],[120.24986,23.07859],[120.25023,23.07769],[120.25165,23.07606]]}},{"type":"Feature","properties":{"id":"0000101063000D","name":""},"geometry":{"type":"LineString","coordinates":[[120.25211,23.04594],[120.25144,23.04394],[120.25046,23.04302]]}},{"type":"Feature","properties":{"id":"0000101063020D","name":""},"geometry":{"type":"LineString","coordinates":[[120.25046,23.04302],[120.25003,23.04193]]}},{"type":"Feature","properties":{"id":"0000101063030D","name":""},"geometry":{"type":"LineString","coordinates":[[120.25011,23.04179],[120.25049,23.04154],[120.25073,23.04107],[120.25073,23.03959]]}},{"type":"Feature","properties":{"id":"0000101063040D","name":""},"geometry":{"type":"LineString","coordinates":[[120.25097,23.04198],[120.25041,23.04237],[120.25043,23.04268],[120.25068,23.0429],[120.25108,23.04288],[120.25132,23.04252],[120.25073,23.03959]]}},{"type":"Feature","properties":{"id":"0000101064000D","name":""},"geometry":{"type":"LineString","coordinates":[[120.24801,23.00434],[120.24785,22.99988]]}},{"type":"Feature","properties":{"id":"0000101065010D","name":""},"geometry":{"type":"LineString","coordinates":[[120.24845,22.97646],[120.24878,22.9731],[120.24868,22.9727],[120.24824,22.97258]]}},{"type":"Feature","properties":{"id":"0000101065020D","name":""},"geometry":{"type":"LineString","coordinates":[[120.24845,22.97646],[120.24938,22.97103],[120.24921,22.96957],[120.24962,22.9692],[120.25021,22.96929],[120.25043,22.96963],[120.24996,22.97114]]}},{"type":"Feature","properties":{"id":"0000101065040D","name":""},"geometry":{"type":"LineString","coordinates":[[120.24881,22.97234],[120.24873,22.97173]]}},{"type":"Feature","properties":{"id":"0000101065050D","name":""},"geometry":{"type":"LineString","coordinates":[[120.24873,22.97173],[120.24959,22.96983],[120.24998,22.96686]]}},{"type":"Feature","properties":{"id":"0000101066010D","name":""},"geometry":{"type":"LineString","coordinates":[[120.24871,22.94604],[120.24824,22.94505],[120.24731,22.94392],[120.24662,22.94378],[120.24568,22.94395]]}},{"type":"Feature","properties":{"id":"0000101066020D","name":""},"geometry":{"type":"LineString","coordinates":[[120.24871,22.94604],[120.24837,22.94503],[120.24763,22.9439],[120.24765,22.94337],[120.24791,22.94294],[120.2484,22.94263],[120.25203,22.94175],[120.25441,22.94053]]}},{"type":"Feature","properties":{"id":"0000101066050D","name":""},"geometry":{"type":"LineString","coordinates":[[120.24691,22.9432],[120.24924,22.94205],[120.24997,22.94068]]}},{"type":"Feature","properties":{"id":"0000101066060D","name":""},"geometry":{"type":"LineString","coordinates":[[120.25207,22.94218],[120.24822,22.94336],[120.24787,22.94377],[120.24803,22.94431],[120.24859,22.94441],[120.24905,22.94399],[120.24997,22.94068]]}},{"type":"Feature","properties":{"id":"0000101067000E","name":""},"geometry":{"type":"LineString","coordinates":[[120.27721,22.88309],[120.27795,22.88064]]}},{"type":"Feature","properties":{"id":"0000101067020E","name":""},"geometry":{"type":"LineString","coordinates":[[120.27795,22.88064],[120.27805,22.8797]]}},{"type":"Feature","properties":{"id":"0000101067030E","name":""},"geometry":{"type":"LineString","coordinates":[[120.27731,22.87963],[120.27826,22.87917]]}},{"type":"Feature","properties":{"id":"0000101067040E","name":""},"geometry":{"type":"LineString","coordinates":[[120.27807,22.8796],[120.27826,22.87917]]}},{"type":"Feature","properties":{"id":"0000101068000E","name":""},"geometry":{"type":"LineString","coordinates":[[120.29112,22.85231],[120.29317,22.84825],[120.29344,22.84731],[120.29298,22.84552],[120.29255,22.84505],[120.29178,22.84468]]}},{"type":"Feature","properties":{"id":"0000101068010E","name":""},"geometry":{"type":"LineString","coordinates":[[120.29181,22.8446],[120.29328,22.84452],[120.29606,22.84345],[120.29895,22.84039]]}},{"type":"Feature","properties":{"id":"0000101069000E","name":""},"geometry":{"type":"LineString","coordinates":[[120.31944,22.79176],[120.31985,22.78831]]}},{"type":"Feature","properties":{"id":"0000101069020E","name":""},"geometry":{"type":"LineString","coordinates":[[120.31985,22.78831],[120.31995,22.78774]]}},{"type":"Feature","properties":{"id":"0000101069030E","name":""},"geometry":{"type":"LineString","coordinates":[[120.31945,22.78746],[120.31991,22.78737],[120.32028,22.78702]]}},{"type":"Feature","properties":{"id":"0000101069040E","name":""},"geometry":{"type":"LineString","coordinates":[[120.31999,22.78761],[120.32028,22.78702]]}},{"type":"Feature","properties":{"id":"0000101070010E","name":""},"geometry":{"type":"LineString","coordinates":[[120.33425,22.73959],[120.33403,22.7368]]}},{"type":"Feature","properties":{"id":"0000101070020E","name":""},"geometry":{"type":"LineString","coordinates":[[120.33425,22.73959],[120.33396,22.73166]]}},{"type":"Feature","properties":{"id":"0000101070030E","name":""},"geometry":{"type":"LineString","coordinates":[[120.33204,22.72125],[120.3314,22.7177]]}},{"type":"Feature","properties":{"id":"0000101070040E","name":""},"geometry":{"type":"LineString","coordinates":[[120.33365,22.72863],[120.33333,22.72579],[120.3314,22.7177]]}},{"type":"Feature","properties":{"id":"0000101071026E","name":""},"geometry":{"type":"LineString","coordinates":[[120.32872,22.67493],[120.32844,22.67421],[120.32803,22.67406],[120.32764,22.67419],[120.32748,22.6745],[120.32762,22.67486],[120.32841,22.67512]]}},{"type":"Feature","properties":{"id":"0000101071050E","name":""},"geometry":{"type":"LineString","coordinates":[[120.32506,22.67573],[120.32704,22.67468],[120.32788,22.67372],[120.32865,22.67231]]}},{"type":"Feature","properties":{"id":"0000101072010E","name":""},"geometry":{"type":"LineString","coordinates":[[120.33684,22.64209],[120.33678,22.63795]]}},{"type":"Feature","properties":{"id":"0000101072020E","name":""},"geometry":{"type":"LineString","coordinates":[[120.33684,22.64209],[120.33695,22.63851],[120.3366,22.63461]]}},{"type":"Feature","properties":{"id":"0000101072040E","name":""},"geometry":{"type":"LineString","coordinates":[[120.3366,22.63461],[120.33603,22.63061]]}},{"type":"Feature","properties":{"id":"0000101072060E","name":""},"geometry":{"type":"LineString","coordinates":[[120.33587,22.6268],[120.33623,22.62279]]}},{"type":"Feature","properties":{"id":"0000101073000E","name":""},"geometry":{"type":"LineString","coordinates":[[120.33886,22.61069],[120.33946,22.60895],[120.34087,22.60625]]}},{"type":"Feature","properties":{"id":"0000101075000E","name":""},"geometry":{"type":"LineString","coordinates":[[120.33875,22.59571],[120.33702,22.5934]]}},{"type":"Feature","properties":{"id":"0000101075010E","name":""},"geometry":{"type":"LineString","coordinates":[[120.34096,22.599],[120.3399,22.59705],[120.33702,22.5934]]}},{"type":"Feature","properties":{"id":"0000101075030E","name":""},"geometry":{"type":"LineString","coordinates":[[120.33345,22.58978],[120.33014,22.58704]]}},{"type":"Feature","properties":{"id":"0000101075040E","name":""},"geometry":{"type":"LineString","coordinates":[[120.33345,22.58978],[120.33106,22.58782],[120.33064,22.58727]]}},{"type":"Feature","properties":{"id":"0000101075050E","name":""},"geometry":{"type":"LineString","coordinates":[[120.33064,22.58727],[120.33053,22.58686],[120.33068,22.58636],[120.3323,22.58529],[120.33351,22.58345],[120.33329,22.58302]]}},{"type":"Feature","properties":{"id":"0000101076020E","name":""},"geometry":{"type":"LineString","coordinates":[[120.3247,22.58316],[120.3228,22.58191]]}},{"type":"Feature","properties":{"id":"0000101076030E","name":""},"geometry":{"type":"LineString","coordinates":[[120.3247,22.58316],[120.31685,22.57762]]}},{"type":"Feature","properties":{"id":"0000101076040E","name":""},"geometry":{"type":"LineString","coordinates":[[120.31685,22.57762],[120.31579,22.57712],[120.31483,22.57745]]}},{"type":"Feature","properties":{"id":"0000101080000H","name":""},"geometry":{"type":"LineString","coordinates":[[121.25487,25.0044],[121.25335,25.00348],[121.25184,25.00297]]}},{"type":"Feature","properties":{"id":"0000101080010H","name":""},"geometry":{"type":"LineString","coordinates":[[121.25125,25.00249],[121.25041,25.00121],[121.24916,24.99993]]}},{"type":"Feature","properties":{"id":"0000101081000J","name":""},"geometry":{"type":"LineString","coordinates":[[121.01118,24.86184],[121.01022,24.85918],[121.00858,24.85845],[121.00849,24.85784]]}},{"type":"Feature","properties":{"id":"0000101081010J","name":""},"geometry":{"type":"LineString","coordinates":[[121.0088,24.85785],[121.00857,24.85811],[121.00868,24.85843],[121.00973,24.85876],[121.01024,24.85867],[121.01118,24.85589],[121.0123,24.85438]]}},{"type":"Feature","properties":{"id":"0000101082000B","name":""},"geometry":{"type":"LineString","coordinates":[[120.71311,24.32788],[120.71249,24.32743],[120.71209,24.32742],[120.71174,24.32774],[120.71186,24.3283]]}},{"type":"Feature","properties":{"id":"0000101082010B","name":""},"geometry":{"type":"LineString","coordinates":[[120.71186,24.3283],[120.71163,24.32785],[120.71169,24.32664],[120.71068,24.32533]]}},{"type":"Feature","properties":{"id":"0000101083000P","name":""},"geometry":{"type":"LineString","coordinates":[[120.47947,23.7919],[120.47811,23.78921]]}},{"type":"Feature","properties":{"id":"0000101083010P","name":""},"geometry":{"type":"LineString","coordinates":[[120.47753,23.78751],[120.47694,23.78571]]}},{"type":"Feature","properties":{"id":"0000101084010D","name":""},"geometry":{"type":"LineString","coordinates":[[120.31061,23.33883],[120.31,23.33789]]}},{"type":"Feature","properties":{"id":"0000101085010D","name":""},"geometry":{"type":"LineString","coordinates":[[120.26576,22.90532],[120.26736,22.90224]]}},{"type":"Feature","properties":{"id":"0000101086000H","name":"國道1號汐止五股高架道路(楊梅端到楊梅休息站)"},"geometry":{"type":"LineString","coordinates":[[121.15133,24.90046],[121.14864,24.8999]]}},{"type":"Feature","properties":{"id":"0000101086010H","name":""},"geometry":{"type":"LineString","coordinates":[[121.14545,24.89906],[121.1427,24.89814]]}},{"type":"Feature","properties":{"id":"0000101087010B","name":""},"geometry":{"type":"LineString","coordinates":[[120.67048,24.21246],[120.66647,24.21053],[120.66527,24.20933],[120.66462,24.20781],[120.66447,24.20689],[120.66466,24.20595],[120.66568,24.2035]]}},{"type":"Feature","properties":{"id":"0000101087020B","name":""},"geometry":{"type":"LineString","coordinates":[[120.66568,24.2035],[120.66563,24.20202],[120.66493,24.20133],[120.66095,24.20118]]}},{"type":"Feature","properties":{"id":"0000101087030B","name":""},"geometry":{"type":"LineString","coordinates":[[120.66568,24.2035],[120.66614,24.20167],[120.66673,24.20104],[120.66745,24.2008],[120.67072,24.20083]]}},{"type":"Feature","properties":{"id":"0000101088010H","name":""},"geometry":{"type":"LineString","coordinates":[[121.22511,24.97749],[121.22386,24.97667],[121.2215,24.97468]]}},{"type":"Feature","properties":{"id":"0000101088020H","name":""},"geometry":{"type":"LineString","coordinates":[[121.2215,24.97468],[121.21926,24.97296],[121.21885,24.97303],[121.21837,24.97351],[121.21803,24.97398],[121.21791,24.97457]]}},{"type":"Feature","properties":{"id":"0000101088030H","name":""},"geometry":{"type":"LineString","coordinates":[[121.2215,24.97468],[121.21857,24.97218],[121.21805,24.97219],[121.21763,24.97258],[121.21741,24.97337],[121.21781,24.97376]]}},{"type":"Feature","properties":{"id":"0000101102000C","name":""},"geometry":{"type":"LineString","coordinates":[[121.72652,25.11076],[121.72731,25.11246],[121.72828,25.11367]]}},{"type":"Feature","properties":{"id":"0000101102010C","name":""},"geometry":{"type":"LineString","coordinates":[[121.7294,25.11405],[121.72971,25.11499],[121.7297,25.11636],[121.73047,25.11746]]}},{"type":"Feature","properties":{"id":"0000101103000C","name":""},"geometry":{"type":"LineString","coordinates":[[121.72073,25.10343],[121.72224,25.1038],[121.72454,25.10505],[121.72845,25.10465]]}},{"type":"Feature","properties":{"id":"0000101104010C","name":""},"geometry":{"type":"LineString","coordinates":[[121.6984,25.09641],[121.699,25.09738],[121.6999,25.09789],[121.70331,25.09794],[121.70434,25.09812]]}},{"type":"Feature","properties":{"id":"0000101104020C","name":""},"geometry":{"type":"LineString","coordinates":[[121.6984,25.09641],[121.69914,25.09828],[121.69933,25.09927],[121.69915,25.09988],[121.69862,25.10024],[121.69708,25.10054],[121.69559,25.10108],[121.69404,25.10227]]}},{"type":"Feature","properties":{"id":"0000101105000C","name":""},"geometry":{"type":"LineString","coordinates":[[121.6826,25.08587],[121.68495,25.08602],[121.68554,25.08561]]}},{"type":"Feature","properties":{"id":"0000101105020C","name":""},"geometry":{"type":"LineString","coordinates":[[121.68554,25.08561],[121.68561,25.0852],[121.68531,25.08477]]}},{"type":"Feature","properties":{"id":"0000101105050C","name":""},"geometry":{"type":"LineString","coordinates":[[121.68649,25.08566],[121.68571,25.08556],[121.68561,25.08606],[121.68583,25.08625],[121.68991,25.08714]]}},{"type":"Feature","properties":{"id":"0000101105110C","name":""},"geometry":{"type":"LineString","coordinates":[[121.68656,25.0856],[121.68784,25.08648],[121.68991,25.08714]]}},{"type":"Feature","properties":{"id":"0000101106000F","name":""},"geometry":{"type":"LineString","coordinates":[[121.65229,25.07361],[121.65326,25.07344],[121.65359,25.07272]]}},{"type":"Feature","properties":{"id":"0000101106010F","name":""},"geometry":{"type":"LineString","coordinates":[[121.65359,25.07272],[121.65354,25.07205],[121.65308,25.07163]]}},{"type":"Feature","properties":{"id":"0000101106080F","name":""},"geometry":{"type":"LineString","coordinates":[[121.65385,25.07229],[121.65397,25.07309],[121.6545,25.07381],[121.65766,25.07521]]}},{"type":"Feature","properties":{"id":"0000101107010F","name":""},"geometry":{"type":"LineString","coordinates":[[121.64072,25.07121],[121.64253,25.07104],[121.64314,25.07065],[121.64364,25.06992]]}},{"type":"Feature","properties":{"id":"0000101107020F","name":""},"geometry":{"type":"LineString","coordinates":[[121.64072,25.07121],[121.64252,25.07178],[121.6445,25.07349],[121.64687,25.07512],[121.64756,25.07608],[121.64777,25.07723]]}},{"type":"Feature","properties":{"id":"0000101107050F","name":""},"geometry":{"type":"LineString","coordinates":[[121.64675,25.07662],[121.64507,25.07146],[121.64448,25.07087],[121.64372,25.07089],[121.64352,25.07132],[121.64375,25.07184],[121.64434,25.07227],[121.645,25.07242]]}},{"type":"Feature","properties":{"id":"0000101107090F","name":""},"geometry":{"type":"LineString","coordinates":[[121.64513,25.07035],[121.6458,25.07171],[121.64652,25.07238],[121.64963,25.07333]]}},{"type":"Feature","properties":{"id":"0000101109000A","name":""},"geometry":{"type":"LineString","coordinates":[[121.60704,25.06475],[121.61023,25.06485]]}},{"type":"Feature","properties":{"id":"0000101110000A","name":""},"geometry":{"type":"LineString","coordinates":[[121.5869,25.06613],[121.59033,25.06442]]}},{"type":"Feature","properties":{"id":"0000101110010A","name":""},"geometry":{"type":"LineString","coordinates":[[121.59088,25.06425],[121.59474,25.06381]]}},{"type":"Feature","properties":{"id":"0000101110030A","name":""},"geometry":{"type":"LineString","coordinates":[[121.59146,25.0623],[121.59412,25.06307],[121.59952,25.0638]]}},{"type":"Feature","properties":{"id":"0000101111000A","name":""},"geometry":{"type":"LineString","coordinates":[[121.53726,25.07298],[121.54135,25.07308],[121.54208,25.07277]]}},{"type":"Feature","properties":{"id":"0000101111040A","name":""},"geometry":{"type":"LineString","coordinates":[[121.53353,25.07119],[121.53381,25.07175],[121.53458,25.07236],[121.53669,25.07292]]}},{"type":"Feature","properties":{"id":"0000101111070A","name":""},"geometry":{"type":"LineString","coordinates":[[121.53183,25.07241],[121.53298,25.07147],[121.53324,25.07083],[121.53326,25.06993]]}},{"type":"Feature","properties":{"id":"0000101112010A","name":""},"geometry":{"type":"LineString","coordinates":[[121.51119,25.07774],[121.51352,25.07685],[121.5138,25.07623]]}},{"type":"Feature","properties":{"id":"0000101112030A","name":""},"geometry":{"type":"LineString","coordinates":[[121.51379,25.07775],[121.51369,25.07735],[121.51341,25.07713],[121.51281,25.07727],[121.51292,25.07768],[121.51371,25.07785]]}},{"type":"Feature","properties":{"id":"0000101112040A","name":""},"geometry":{"type":"LineString","coordinates":[[121.51388,25.07783],[121.51463,25.07759],[121.51491,25.07715],[121.51476,25.07691],[121.51437,25.07684],[121.514,25.07741]]}},{"type":"Feature","properties":{"id":"0000101112060A","name":""},"geometry":{"type":"LineString","coordinates":[[121.51456,25.07659],[121.51669,25.07725],[121.51936,25.07694]]}},{"type":"Feature","properties":{"id":"0000101113000F","name":""},"geometry":{"type":"LineString","coordinates":[[121.49106,25.07489],[121.49365,25.07505],[121.49422,25.07457],[121.49427,25.07393]]}},{"type":"Feature","properties":{"id":"0000101113070F","name":""},"geometry":{"type":"LineString","coordinates":[[121.49432,25.07369],[121.49467,25.07479],[121.49511,25.07535],[121.49776,25.07645]]}},{"type":"Feature","properties":{"id":"0000101115000F","name":""},"geometry":{"type":"LineString","coordinates":[[121.43,25.06813],[121.43585,25.06826]]}},{"type":"Feature","properties":{"id":"0000101115010F","name":""},"geometry":{"type":"LineString","coordinates":[[121.43585,25.06826],[121.43668,25.06822],[121.43723,25.06785],[121.43755,25.06721],[121.43763,25.06628]]}},{"type":"Feature","properties":{"id":"0000101115020F","name":""},"geometry":{"type":"LineString","coordinates":[[121.43585,25.06826],[121.43825,25.06826],[121.43884,25.06867],[121.43927,25.06943],[121.43924,25.06994],[121.43864,25.07075],[121.43709,25.07214],[121.43696,25.07308]]}},{"type":"Feature","properties":{"id":"0000101115030F","name":""},"geometry":{"type":"LineString","coordinates":[[121.43812,25.06611],[121.43796,25.06699],[121.43842,25.06802]]}},{"type":"Feature","properties":{"id":"0000101115050F","name":""},"geometry":{"type":"LineString","coordinates":[[121.43842,25.06802],[121.43961,25.06874]]}},{"type":"Feature","properties":{"id":"0000101115060F","name":""},"geometry":{"type":"LineString","coordinates":[[121.43647,25.07077],[121.43684,25.06851],[121.4372,25.06799],[121.43802,25.06788],[121.43902,25.06862],[121.43961,25.06874]]}},{"type":"Feature","properties":{"id":"0000101115070F","name":""},"geometry":{"type":"LineString","coordinates":[[121.43961,25.06874],[121.44198,25.06933]]}},{"type":"Feature","properties":{"id":"0000101115080F","name":""},"geometry":{"type":"LineString","coordinates":[[121.44198,25.06933],[121.44896,25.07144],[121.45152,25.07248]]}},{"type":"Feature","properties":{"id":"0000101117030H","name":""},"geometry":{"type":"LineString","coordinates":[[121.36059,25.0646],[121.36313,25.06461]]}},{"type":"Feature","properties":{"id":"0000101117040H","name":""},"geometry":{"type":"LineString","coordinates":[[121.36313,25.06461],[121.36734,25.0645]]}},{"type":"Feature","properties":{"id":"0000101117060H","name":""},"geometry":{"type":"LineString","coordinates":[[121.36878,25.06454],[121.37231,25.0654],[121.37578,25.06593]]}},{"type":"Feature","properties":{"id":"0000101118000H","name":""},"geometry":{"type":"LineString","coordinates":[[121.29238,25.03429],[121.29562,25.03611]]}},{"type":"Feature","properties":{"id":"0000101118020H","name":""},"geometry":{"type":"LineString","coordinates":[[121.29562,25.03611],[121.29639,25.03634],[121.29768,25.03635],[121.29821,25.03674]]}},{"type":"Feature","properties":{"id":"0000101118030H","name":""},"geometry":{"type":"LineString","coordinates":[[121.29654,25.03623],[121.29843,25.03613],[121.29934,25.03539]]}},{"type":"Feature","properties":{"id":"0000101118050H","name":""},"geometry":{"type":"LineString","coordinates":[[121.2979,25.03719],[121.29771,25.03653],[121.29732,25.03646],[121.29701,25.03669],[121.29715,25.03724],[121.2981,25.03794]]}},{"type":"Feature","properties":{"id":"0000101118060H","name":""},"geometry":{"type":"LineString","coordinates":[[121.29933,25.03605],[121.29889,25.03695],[121.29889,25.03749],[121.29916,25.0381],[121.29983,25.03874]]}},{"type":"Feature","properties":{"id":"0000101118070H","name":""},"geometry":{"type":"LineString","coordinates":[[121.3007,25.03458],[121.299,25.03625],[121.29866,25.037],[121.29893,25.03799],[121.29983,25.03874]]}},{"type":"Feature","properties":{"id":"0000101118083H","name":""},"geometry":{"type":"LineString","coordinates":[[121.29124,25.03124],[121.29053,25.03206],[121.29066,25.03263],[121.29109,25.03304]]}},{"type":"Feature","properties":{"id":"0000101118086H","name":""},"geometry":{"type":"LineString","coordinates":[[121.29109,25.03304],[121.2952,25.0357],[121.29741,25.03676],[121.299,25.03822],[121.29983,25.03874]]}},{"type":"Feature","properties":{"id":"0000101118100H","name":""},"geometry":{"type":"LineString","coordinates":[[121.28638,25.02982],[121.28845,25.03107]]}},{"type":"Feature","properties":{"id":"0000101118110H","name":""},"geometry":{"type":"LineString","coordinates":[[121.28845,25.03107],[121.28889,25.03123],[121.28924,25.03109]]}},{"type":"Feature","properties":{"id":"0000101118120H","name":""},"geometry":{"type":"LineString","coordinates":[[121.28845,25.03107],[121.28886,25.0314]]}},{"type":"Feature","properties":{"id":"0000101118150H","name":""},"geometry":{"type":"LineString","coordinates":[[121.28942,25.03183],[121.29109,25.03304]]}},{"type":"Feature","properties":{"id":"0000101119020H","name":""},"geometry":{"type":"LineString","coordinates":[[121.27105,25.01594],[121.27204,25.01662],[121.27353,25.01845],[121.27445,25.01911],[121.27511,25.0193],[121.27567,25.01919],[121.27611,25.01848],[121.27583,25.01792],[121.27521,25.0177],[121.27453,25.01788],[121.27373,25.0186]]}},{"type":"Feature","properties":{"id":"0000101120000H","name":""},"geometry":{"type":"LineString","coordinates":[[121.2334,24.98434],[121.23694,24.98723],[121.23752,24.98734],[121.23814,24.98708]]}},{"type":"Feature","properties":{"id":"0000101120010H","name":""},"geometry":{"type":"LineString","coordinates":[[121.2371,24.98802],[121.23821,24.98882],[121.23875,24.9889],[121.23907,24.9885],[121.23889,24.98728]]}},{"type":"Feature","properties":{"id":"0000101120040H","name":""},"geometry":{"type":"LineString","coordinates":[[121.23924,24.98747],[121.23998,24.98994],[121.24083,24.99145]]}},{"type":"Feature","properties":{"id":"0000101120050H","name":""},"geometry":{"type":"LineString","coordinates":[[121.23675,24.98274],[121.23724,24.98394],[121.23881,24.98648],[121.23991,24.98999],[121.24083,24.99145]]}},{"type":"Feature","properties":{"id":"0000101122010H","name":""},"geometry":{"type":"LineString","coordinates":[[121.19975,24.95645],[121.20026,24.95675],[121.20188,24.95703]]}},{"type":"Feature","properties":{"id":"0000101122030H","name":""},"geometry":{"type":"LineString","coordinates":[[121.2013,24.95715],[121.20081,24.95736],[121.20091,24.95796]]}},{"type":"Feature","properties":{"id":"0000101123010H","name":""},"geometry":{"type":"LineString","coordinates":[[121.1868,24.93333],[121.1884,24.93422],[121.18968,24.93435]]}},{"type":"Feature","properties":{"id":"0000101123090H","name":""},"geometry":{"type":"LineString","coordinates":[[121.18954,24.93576],[121.19041,24.93514],[121.19038,24.9347],[121.19005,24.93446],[121.18968,24.93447],[121.18933,24.93483],[121.18968,24.93559]]}},{"type":"Feature","properties":{"id":"0000101123110H","name":""},"geometry":{"type":"LineString","coordinates":[[121.19008,24.936],[121.19085,24.93652],[121.19121,24.93646],[121.19142,24.9362],[121.19136,24.93581],[121.19105,24.9356],[121.18987,24.93593]]}},{"type":"Feature","properties":{"id":"0000101123140H","name":""},"geometry":{"type":"LineString","coordinates":[[121.19332,24.93436],[121.1919,24.93532],[121.19141,24.93679]]}},{"type":"Feature","properties":{"id":"0000101124003H","name":""},"geometry":{"type":"LineString","coordinates":[[121.16817,24.91929],[121.16985,24.92252]]}},{"type":"Feature","properties":{"id":"0000101124028H","name":""},"geometry":{"type":"LineString","coordinates":[[121.17113,24.92377],[121.17135,24.92385]]}},{"type":"Feature","properties":{"id":"0000101124036H","name":""},"geometry":{"type":"LineString","coordinates":[[121.17135,24.92385],[121.17168,24.92433],[121.17201,24.9255]]}},{"type":"Feature","properties":{"id":"0000101125010H","name":""},"geometry":{"type":"LineString","coordinates":[[121.16557,24.90809],[121.16621,24.90863],[121.16687,24.90873]]}},{"type":"Feature","properties":{"id":"0000101125030H","name":""},"geometry":{"type":"LineString","coordinates":[[121.16687,24.90885],[121.16571,24.90957],[121.16537,24.91067]]}},{"type":"Feature","properties":{"id":"0000101125040H","name":""},"geometry":{"type":"LineString","coordinates":[[121.16467,24.9091],[121.16541,24.90872],[121.16549,24.90841],[121.16527,24.90811],[121.16479,24.9081],[121.16455,24.90854],[121.16524,24.90958],[121.16537,24.91067]]}},{"type":"Feature","properties":{"id":"0000101127003J","name":""},"geometry":{"type":"LineString","coordinates":[[121.02392,24.87396],[121.02926,24.87523]]}},{"type":"Feature","properties":{"id":"0000101127013J","name":""},"geometry":{"type":"LineString","coordinates":[[121.02971,24.87535],[121.03003,24.87543]]}},{"type":"Feature","properties":{"id":"0000101127020J","name":""},"geometry":{"type":"LineString","coordinates":[[121.02926,24.87523],[121.02958,24.87516],[121.02976,24.87483]]}},{"type":"Feature","properties":{"id":"0000101127030J","name":""},"geometry":{"type":"LineString","coordinates":[[121.02984,24.87484],[121.0298,24.87523],[121.03003,24.87543]]}},{"type":"Feature","properties":{"id":"0000101128000J","name":""},"geometry":{"type":"LineString","coordinates":[[121.0152,24.82029],[121.01741,24.82269]]}},{"type":"Feature","properties":{"id":"0000101128010J","name":""},"geometry":{"type":"LineString","coordinates":[[121.01741,24.82269],[121.018,24.82299],[121.01873,24.82294]]}},{"type":"Feature","properties":{"id":"0000101128030J","name":""},"geometry":{"type":"LineString","coordinates":[[121.01872,24.82307],[121.01824,24.82371],[121.01842,24.82445]]}},{"type":"Feature","properties":{"id":"0000101128040J","name":""},"geometry":{"type":"LineString","coordinates":[[121.01788,24.82336],[121.01842,24.82445]]}},{"type":"Feature","properties":{"id":"0000101129000J","name":""},"geometry":{"type":"LineString","coordinates":[[121.00243,24.76855],[121.00355,24.77153],[121.00393,24.77465]]}},{"type":"Feature","properties":{"id":"0000101129020J","name":""},"geometry":{"type":"LineString","coordinates":[[121.00393,24.77465],[121.00397,24.77548]]}},{"type":"Feature","properties":{"id":"0000101129060O","name":""},"geometry":{"type":"LineString","coordinates":[[121.00392,24.78142],[121.00401,24.78572]]}},{"type":"Feature","properties":{"id":"0000101129070O","name":""},"geometry":{"type":"LineString","coordinates":[[121.00359,24.77867],[121.00378,24.78328],[121.00454,24.78694]]}},{"type":"Feature","properties":{"id":"0000101129080O","name":""},"geometry":{"type":"LineString","coordinates":[[121.00454,24.78694],[121.00503,24.78787],[121.00642,24.78891]]}},{"type":"Feature","properties":{"id":"0000101129100O","name":""},"geometry":{"type":"LineString","coordinates":[[121.00642,24.78891],[121.00677,24.78912],[121.00721,24.78908]]}},{"type":"Feature","properties":{"id":"0000101129120O","name":""},"geometry":{"type":"LineString","coordinates":[[121.00641,24.78962],[121.00632,24.78899]]}},{"type":"Feature","properties":{"id":"0000101129130O","name":""},"geometry":{"type":"LineString","coordinates":[[121.00673,24.78941],[121.00632,24.78899]]}},{"type":"Feature","properties":{"id":"0000101129160O","name":""},"geometry":{"type":"LineString","coordinates":[[121.00783,24.7952],[121.00845,24.79669]]}},{"type":"Feature","properties":{"id":"0000101129170O","name":""},"geometry":{"type":"LineString","coordinates":[[121.00783,24.7952],[121.00942,24.801]]}},{"type":"Feature","properties":{"id":"0000101129180O","name":""},"geometry":{"type":"LineString","coordinates":[[121.00845,24.79669],[121.00903,24.79715],[121.01005,24.79682]]}},{"type":"Feature","properties":{"id":"0000101129200O","name":""},"geometry":{"type":"LineString","coordinates":[[121.01013,24.797],[121.00912,24.7977],[121.00905,24.7986]]}},{"type":"Feature","properties":{"id":"0000101129210O","name":""},"geometry":{"type":"LineString","coordinates":[[121.00852,24.79778],[121.00905,24.7986]]}},{"type":"Feature","properties":{"id":"0000101129230O","name":""},"geometry":{"type":"LineString","coordinates":[[121.00942,24.801],[121.00975,24.80407]]}},{"type":"Feature","properties":{"id":"0000101130050J","name":""},"geometry":{"type":"LineString","coordinates":[[120.98221,24.75794],[120.98563,24.75716],[120.98824,24.75715],[120.98944,24.75743],[120.99033,24.75786],[120.99157,24.75924]]}},{"type":"Feature","properties":{"id":"0000101131020K","name":""},"geometry":{"type":"LineString","coordinates":[[120.91736,24.68918],[120.91907,24.69216],[120.9194,24.69239],[120.91979,24.69234],[120.91994,24.69181],[120.91923,24.69143]]}},{"type":"Feature","properties":{"id":"0000101131030K","name":""},"geometry":{"type":"LineString","coordinates":[[120.92149,24.69157],[120.92057,24.6918],[120.92003,24.69237],[120.91996,24.69301],[120.9202,24.69415]]}},{"type":"Feature","properties":{"id":"0000101131040K","name":""},"geometry":{"type":"LineString","coordinates":[[120.91588,24.69236],[120.91641,24.69098],[120.91683,24.6905],[120.91747,24.69024],[120.91835,24.69035],[120.91883,24.69069],[120.91923,24.69134],[120.9202,24.69415]]}},{"type":"Feature","properties":{"id":"0000101132000K","name":""},"geometry":{"type":"LineString","coordinates":[[120.85457,24.57477],[120.85614,24.57778],[120.85709,24.57917],[120.85764,24.57937],[120.85815,24.57914]]}},{"type":"Feature","properties":{"id":"0000101132010K","name":""},"geometry":{"type":"LineString","coordinates":[[120.85876,24.57848],[120.85826,24.57919]]}},{"type":"Feature","properties":{"id":"0000101133000K","name":""},"geometry":{"type":"LineString","coordinates":[[120.81679,24.52178],[120.81837,24.52251],[120.82027,24.52246]]}},{"type":"Feature","properties":{"id":"0000101133010K","name":""},"geometry":{"type":"LineString","coordinates":[[120.82027,24.52246],[120.82062,24.5223],[120.82097,24.52176]]}},{"type":"Feature","properties":{"id":"0000101133030K","name":""},"geometry":{"type":"LineString","coordinates":[[120.82032,24.52375],[120.82038,24.52285],[120.81987,24.5225],[120.81941,24.5227],[120.81929,24.52303],[120.81987,24.52372]]}},{"type":"Feature","properties":{"id":"0000101133040K","name":""},"geometry":{"type":"LineString","coordinates":[[120.82109,24.52181],[120.82092,24.5229],[120.82113,24.52379],[120.82205,24.52488],[120.82364,24.52618]]}},{"type":"Feature","properties":{"id":"0000101134000K","name":""},"geometry":{"type":"LineString","coordinates":[[120.78773,24.47046],[120.78663,24.47374],[120.78572,24.47582]]}},{"type":"Feature","properties":{"id":"0000101134030K","name":""},"geometry":{"type":"LineString","coordinates":[[120.7858,24.47633],[120.78794,24.47749],[120.78917,24.48032]]}},{"type":"Feature","properties":{"id":"0000101134050K","name":""},"geometry":{"type":"LineString","coordinates":[[120.78581,24.47645],[120.78531,24.47667]]}},{"type":"Feature","properties":{"id":"0000101134070K","name":""},"geometry":{"type":"LineString","coordinates":[[120.78531,24.47667],[120.78376,24.47987],[120.7825,24.48342]]}},{"type":"Feature","properties":{"id":"0000101135010K","name":""},"geometry":{"type":"LineString","coordinates":[[120.75935,24.39249],[120.75897,24.39226],[120.75854,24.39231]]}},{"type":"Feature","properties":{"id":"0000101135030K","name":""},"geometry":{"type":"LineString","coordinates":[[120.75928,24.39156],[120.75938,24.39228]]}},{"type":"Feature","properties":{"id":"0000101135050K","name":""},"geometry":{"type":"LineString","coordinates":[[120.75938,24.39228],[120.75954,24.39268],[120.75954,24.39412],[120.76021,24.39543]]}},{"type":"Feature","properties":{"id":"0000101136010B","name":""},"geometry":{"type":"LineString","coordinates":[[120.70149,24.31033],[120.70365,24.31074],[120.70417,24.31118],[120.70441,24.31188]]}},{"type":"Feature","properties":{"id":"0000101136020B","name":""},"geometry":{"type":"LineString","coordinates":[[120.70149,24.31033],[120.70375,24.31116],[120.70412,24.31178],[120.70399,24.31258],[120.70348,24.3131],[120.70251,24.31357],[120.69892,24.31452]]}},{"type":"Feature","properties":{"id":"0000101136030B","name":""},"geometry":{"type":"LineString","coordinates":[[120.70023,24.31371],[120.70093,24.31338],[120.70163,24.31354],[120.70361,24.31732],[120.70427,24.31777],[120.70551,24.31809],[120.70618,24.3188]]}},{"type":"Feature","properties":{"id":"0000101136040B","name":""},"geometry":{"type":"LineString","coordinates":[[120.70618,24.3188],[120.70654,24.32014],[120.70734,24.32141]]}},{"type":"Feature","properties":{"id":"0000101137020B","name":""},"geometry":{"type":"LineString","coordinates":[[120.69289,24.26771],[120.69311,24.26918],[120.69285,24.26985],[120.69228,24.2705],[120.6916,24.27086],[120.69077,24.271],[120.68926,24.27066]]}},{"type":"Feature","properties":{"id":"0000101137050B","name":""},"geometry":{"type":"LineString","coordinates":[[120.69513,24.27152],[120.69399,24.27169],[120.6936,24.272],[120.69338,24.27254]]}},{"type":"Feature","properties":{"id":"0000101137060B","name":""},"geometry":{"type":"LineString","coordinates":[[120.69057,24.27001],[120.69353,24.27054],[120.69415,24.27022],[120.69411,24.2696],[120.69356,24.26943],[120.69313,24.26977],[120.69343,24.27134],[120.69338,24.27254]]}},{"type":"Feature","properties":{"id":"0000101138010B","name":""},"geometry":{"type":"LineString","coordinates":[[120.6902,24.24609],[120.69067,24.24745],[120.69214,24.24821]]}},{"type":"Feature","properties":{"id":"0000101138020B","name":""},"geometry":{"type":"LineString","coordinates":[[120.6902,24.24609],[120.69049,24.2491],[120.69073,24.24993],[120.69116,24.25033],[120.69184,24.25053],[120.69241,24.25047],[120.69308,24.25012]]}},{"type":"Feature","properties":{"id":"0000101138060B","name":""},"geometry":{"type":"LineString","coordinates":[[120.69217,24.25098],[120.69158,24.25161],[120.69113,24.25247],[120.69099,24.25415]]}},{"type":"Feature","properties":{"id":"0000101140010B","name":""},"geometry":{"type":"LineString","coordinates":[[120.65465,24.20429],[120.6552,24.2043],[120.65604,24.20398],[120.65667,24.20356],[120.65705,24.2029]]}},{"type":"Feature","properties":{"id":"0000101140030B","name":""},"geometry":{"type":"LineString","coordinates":[[120.65681,24.20494],[120.6567,24.20432],[120.65629,24.20413],[120.65577,24.20434],[120.65587,24.20499]]}},{"type":"Feature","properties":{"id":"0000101140050B","name":""},"geometry":{"type":"LineString","coordinates":[[120.65732,24.20571],[120.65798,24.2055],[120.65787,24.20483],[120.65734,24.20473],[120.65682,24.20521]]}},{"type":"Feature","properties":{"id":"0000101140060B","name":""},"geometry":{"type":"LineString","coordinates":[[120.65732,24.20571],[120.65913,24.20649]]}},{"type":"Feature","properties":{"id":"0000101140070B","name":""},"geometry":{"type":"LineString","coordinates":[[120.65715,24.20304],[120.65762,24.20422],[120.65913,24.20649]]}},{"type":"Feature","properties":{"id":"0000101140080B","name":""},"geometry":{"type":"LineString","coordinates":[[120.65913,24.20649],[120.66,24.20704],[120.66587,24.20971]]}},{"type":"Feature","properties":{"id":"0000101141010B","name":""},"geometry":{"type":"LineString","coordinates":[[120.62988,24.17329],[120.63066,24.17355],[120.63223,24.17358]]}},{"type":"Feature","properties":{"id":"0000101141020B","name":""},"geometry":{"type":"LineString","coordinates":[[120.62988,24.17329],[120.63182,24.17577],[120.63236,24.17585],[120.63269,24.17548],[120.63248,24.17499],[120.63201,24.17489],[120.63161,24.1752],[120.63114,24.1761],[120.62991,24.17657]]}},{"type":"Feature","properties":{"id":"0000101141060B","name":""},"geometry":{"type":"LineString","coordinates":[[120.63331,24.17373],[120.63306,24.17425],[120.63305,24.1754],[120.63273,24.17649]]}},{"type":"Feature","properties":{"id":"0000101141070B","name":""},"geometry":{"type":"LineString","coordinates":[[120.62984,24.17581],[120.63035,24.17532],[120.63098,24.17409],[120.63184,24.17393],[120.6324,24.17424],[120.63279,24.17486],[120.63289,24.17547],[120.63273,24.17649]]}},{"type":"Feature","properties":{"id":"0000101142000B","name":""},"geometry":{"type":"LineString","coordinates":[[120.61903,24.14554],[120.61988,24.14917],[120.62029,24.14948],[120.62189,24.14988],[120.62228,24.15016]]}},{"type":"Feature","properties":{"id":"0000101142010B","name":""},"geometry":{"type":"LineString","coordinates":[[120.62063,24.15233],[120.62036,24.1529],[120.62034,24.15466]]}},{"type":"Feature","properties":{"id":"0000101142020B","name":""},"geometry":{"type":"LineString","coordinates":[[120.62192,24.15048],[120.6218,24.14999],[120.62069,24.14971],[120.62023,24.14975],[120.61998,24.15003],[120.62034,24.15466]]}},{"type":"Feature","properties":{"id":"0000101143010B","name":""},"geometry":{"type":"LineString","coordinates":[[120.57928,24.11874],[120.58165,24.11869],[120.582,24.11832],[120.58176,24.11778]]}},{"type":"Feature","properties":{"id":"0000101143030B","name":""},"geometry":{"type":"LineString","coordinates":[[120.58176,24.11778],[120.58116,24.1174],[120.5787,24.11802]]}},{"type":"Feature","properties":{"id":"0000101143050B","name":""},"geometry":{"type":"LineString","coordinates":[[120.58159,24.11749],[120.58149,24.11687],[120.5817,24.1164],[120.58293,24.11616],[120.58354,24.11585]]}},{"type":"Feature","properties":{"id":"0000101143080B","name":""},"geometry":{"type":"LineString","coordinates":[[120.57939,24.11688],[120.58058,24.11691],[120.5824,24.11807]]}},{"type":"Feature","properties":{"id":"0000101143110B","name":""},"geometry":{"type":"LineString","coordinates":[[120.58257,24.11823],[120.58393,24.1184],[120.58676,24.11801]]}},{"type":"Feature","properties":{"id":"0000101144020N","name":""},"geometry":{"type":"LineString","coordinates":[[120.56084,24.1058],[120.55923,24.10619],[120.55732,24.10698],[120.55577,24.10713],[120.55481,24.10694],[120.55429,24.1066],[120.5539,24.10602],[120.55377,24.10529]]}},{"type":"Feature","properties":{"id":"0000101144030N","name":""},"geometry":{"type":"LineString","coordinates":[[120.55377,24.10529],[120.55393,24.10207]]}},{"type":"Feature","properties":{"id":"0000101145010N","name":""},"geometry":{"type":"LineString","coordinates":[[120.52339,24.06195],[120.5236,24.06406],[120.52451,24.06486]]}},{"type":"Feature","properties":{"id":"0000101145020N","name":""},"geometry":{"type":"LineString","coordinates":[[120.52339,24.06195],[120.52331,24.06509],[120.52306,24.06606]]}},{"type":"Feature","properties":{"id":"0000101145030N","name":""},"geometry":{"type":"LineString","coordinates":[[120.52348,24.06622],[120.52306,24.0665],[120.52282,24.06889]]}},{"type":"Feature","properties":{"id":"0000101145040N","name":""},"geometry":{"type":"LineString","coordinates":[[120.52304,24.06429],[120.52321,24.06464],[120.52285,24.06696],[120.52282,24.06889]]}},{"type":"Feature","properties":{"id":"0000101146010N","name":""},"geometry":{"type":"LineString","coordinates":[[120.50761,23.97985],[120.50817,23.9801],[120.50896,23.98012],[120.50998,23.9795]]}},{"type":"Feature","properties":{"id":"0000101146020N","name":""},"geometry":{"type":"LineString","coordinates":[[120.50761,23.97985],[120.50846,23.98057],[120.50892,23.98123],[120.50901,23.98247],[120.50852,23.9834],[120.50618,23.98616]]}},{"type":"Feature","properties":{"id":"0000101146040N","name":""},"geometry":{"type":"LineString","coordinates":[[120.50921,23.9825],[120.50835,23.9851],[120.50845,23.98712]]}},{"type":"Feature","properties":{"id":"0000101146050N","name":""},"geometry":{"type":"LineString","coordinates":[[120.50569,23.98502],[120.50743,23.98267]]}},{"type":"Feature","properties":{"id":"0000101146060N","name":""},"geometry":{"type":"LineString","coordinates":[[120.50743,23.98267],[120.50845,23.98128],[120.50838,23.98089],[120.50801,23.98062],[120.50748,23.98071],[120.50723,23.98107],[120.50743,23.98267]]}},{"type":"Feature","properties":{"id":"0000101147000N","name":""},"geometry":{"type":"LineString","coordinates":[[120.50601,23.94929],[120.50645,23.95095],[120.50764,23.9523]]}},{"type":"Feature","properties":{"id":"0000101147010N","name":""},"geometry":{"type":"LineString","coordinates":[[120.50764,23.9523],[120.50832,23.9531],[120.50903,23.95326]]}},{"type":"Feature","properties":{"id":"0000101147040N","name":""},"geometry":{"type":"LineString","coordinates":[[120.50886,23.95338],[120.5079,23.95363],[120.50716,23.9542],[120.50683,23.95485],[120.50674,23.95613]]}},{"type":"Feature","properties":{"id":"0000101148000N","name":""},"geometry":{"type":"LineString","coordinates":[[120.48919,23.86629],[120.49022,23.87018]]}},{"type":"Feature","properties":{"id":"0000101148040N","name":""},"geometry":{"type":"LineString","coordinates":[[120.49089,23.8741],[120.49103,23.87588]]}},{"type":"Feature","properties":{"id":"0000101148050N","name":""},"geometry":{"type":"LineString","coordinates":[[120.49884,23.88295],[120.49452,23.87467],[120.49351,23.87438],[120.49189,23.87485],[120.49135,23.87519],[120.49103,23.87588]]}},{"type":"Feature","properties":{"id":"0000101149010P","name":""},"geometry":{"type":"LineString","coordinates":[[120.47324,23.77633],[120.4738,23.7771],[120.47528,23.77785],[120.47596,23.77877]]}},{"type":"Feature","properties":{"id":"0000101149020P","name":""},"geometry":{"type":"LineString","coordinates":[[120.47324,23.77633],[120.47793,23.78677]]}},{"type":"Feature","properties":{"id":"0000101149030P","name":""},"geometry":{"type":"LineString","coordinates":[[120.47596,23.77877],[120.47628,23.77915],[120.47655,23.77911]]}},{"type":"Feature","properties":{"id":"0000101149050P","name":""},"geometry":{"type":"LineString","coordinates":[[120.47662,23.77931],[120.47668,23.78008]]}},{"type":"Feature","properties":{"id":"0000101149060P","name":""},"geometry":{"type":"LineString","coordinates":[[120.47633,23.77984],[120.47668,23.78008]]}},{"type":"Feature","properties":{"id":"0000101149080P","name":""},"geometry":{"type":"LineString","coordinates":[[120.47669,23.7818],[120.47658,23.78332],[120.47793,23.78677]]}},{"type":"Feature","properties":{"id":"0000101149090P","name":""},"geometry":{"type":"LineString","coordinates":[[120.47669,23.7818],[120.47646,23.78312],[120.47683,23.78466]]}},{"type":"Feature","properties":{"id":"0000101150000P","name":""},"geometry":{"type":"LineString","coordinates":[[120.47215,23.73131],[120.47171,23.73295],[120.47163,23.73449]]}},{"type":"Feature","properties":{"id":"0000101150010P","name":""},"geometry":{"type":"LineString","coordinates":[[120.47163,23.73449],[120.47171,23.7351],[120.47198,23.73547],[120.47338,23.73577]]}},{"type":"Feature","properties":{"id":"0000101150030P","name":""},"geometry":{"type":"LineString","coordinates":[[120.47278,23.73587],[120.47153,23.73611],[120.47086,23.73691]]}},{"type":"Feature","properties":{"id":"0000101150040P","name":""},"geometry":{"type":"LineString","coordinates":[[120.47134,23.73587],[120.47086,23.73691]]}},{"type":"Feature","properties":{"id":"0000101151000P","name":""},"geometry":{"type":"LineString","coordinates":[[120.47004,23.68986],[120.4712,23.69112],[120.47283,23.69216]]}},{"type":"Feature","properties":{"id":"0000101151010P","name":""},"geometry":{"type":"LineString","coordinates":[[120.47283,23.69216],[120.47406,23.69289]]}},{"type":"Feature","properties":{"id":"0000101151030P","name":""},"geometry":{"type":"LineString","coordinates":[[120.47385,23.69296],[120.47322,23.6931],[120.47271,23.69365],[120.47259,23.6944],[120.47286,23.6955]]}},{"type":"Feature","properties":{"id":"0000101151040P","name":""},"geometry":{"type":"LineString","coordinates":[[120.47184,23.69301],[120.47252,23.69243],[120.47243,23.69199],[120.47216,23.69183],[120.47169,23.69194],[120.47151,23.69242],[120.47286,23.6955]]}},{"type":"Feature","properties":{"id":"0000101152080P","name":""},"geometry":{"type":"LineString","coordinates":[[120.45615,23.6672],[120.4567,23.66808]]}},{"type":"Feature","properties":{"id":"0000101152120P","name":""},"geometry":{"type":"LineString","coordinates":[[120.4594,23.66542],[120.45871,23.6668],[120.45838,23.66822],[120.45841,23.66965],[120.4588,23.6712]]}},{"type":"Feature","properties":{"id":"0000101153000Q","name":""},"geometry":{"type":"LineString","coordinates":[[120.43653,23.6081],[120.43758,23.61117]]}},{"type":"Feature","properties":{"id":"0000101153010Q","name":""},"geometry":{"type":"LineString","coordinates":[[120.43758,23.61117],[120.43791,23.61153],[120.43844,23.61167]]}},{"type":"Feature","properties":{"id":"0000101153030Q","name":""},"geometry":{"type":"LineString","coordinates":[[120.43874,23.61178],[120.43799,23.61202],[120.4378,23.61284]]}},{"type":"Feature","properties":{"id":"0000101153040Q","name":""},"geometry":{"type":"LineString","coordinates":[[120.43777,23.61188],[120.4378,23.61284]]}},{"type":"Feature","properties":{"id":"0000101154000Q","name":""},"geometry":{"type":"LineString","coordinates":[[120.41382,23.54828],[120.41558,23.55175]]}},{"type":"Feature","properties":{"id":"0000101154010Q","name":""},"geometry":{"type":"LineString","coordinates":[[120.41558,23.55175],[120.41607,23.55228],[120.41647,23.55242],[120.4177,23.55215]]}},{"type":"Feature","properties":{"id":"0000101154020Q","name":""},"geometry":{"type":"LineString","coordinates":[[120.41558,23.55175],[120.4164,23.55295]]}},{"type":"Feature","properties":{"id":"0000101154030Q","name":""},"geometry":{"type":"LineString","coordinates":[[120.41756,23.5524],[120.41688,23.55295],[120.41659,23.55387]]}},{"type":"Feature","properties":{"id":"0000101155030I","name":""},"geometry":{"type":"LineString","coordinates":[[120.38961,23.49223],[120.39028,23.4928],[120.39089,23.49303],[120.39314,23.4935],[120.39422,23.49353]]}},{"type":"Feature","properties":{"id":"0000101155050I","name":""},"geometry":{"type":"LineString","coordinates":[[120.39234,23.49444],[120.39257,23.49411],[120.39252,23.4938],[120.39178,23.49333],[120.39106,23.49354],[120.39121,23.49423]]}},{"type":"Feature","properties":{"id":"0000101155070I","name":""},"geometry":{"type":"LineString","coordinates":[[120.39225,23.49534],[120.39298,23.49565],[120.39354,23.49524],[120.39326,23.49463],[120.39244,23.49457]]}},{"type":"Feature","properties":{"id":"0000101155090I","name":""},"geometry":{"type":"LineString","coordinates":[[120.39422,23.49369],[120.39371,23.49449],[120.39366,23.496],[120.39377,23.49662],[120.39433,23.49748]]}},{"type":"Feature","properties":{"id":"0000101155100I","name":""},"geometry":{"type":"LineString","coordinates":[[120.39433,23.49748],[120.39648,23.50004]]}},{"type":"Feature","properties":{"id":"0000101156000Q","name":""},"geometry":{"type":"LineString","coordinates":[[120.36535,23.44206],[120.36719,23.44373]]}},{"type":"Feature","properties":{"id":"0000101156010Q","name":""},"geometry":{"type":"LineString","coordinates":[[120.36719,23.44373],[120.36844,23.44409]]}},{"type":"Feature","properties":{"id":"0000101156030Q","name":""},"geometry":{"type":"LineString","coordinates":[[120.36867,23.44413],[120.36812,23.44451],[120.36797,23.44515]]}},{"type":"Feature","properties":{"id":"0000101156040Q","name":""},"geometry":{"type":"LineString","coordinates":[[120.36766,23.44439],[120.36797,23.44515]]}},{"type":"Feature","properties":{"id":"0000101157010Q","name":""},"geometry":{"type":"LineString","coordinates":[[120.35616,23.4214],[120.35667,23.42232],[120.35776,23.42321],[120.35871,23.42356],[120.35996,23.42356]]}},{"type":"Feature","properties":{"id":"0000101157040Q","name":""},"geometry":{"type":"LineString","coordinates":[[120.35255,23.42521],[120.35601,23.42453]]}},{"type":"Feature","properties":{"id":"0000101157070Q","name":""},"geometry":{"type":"LineString","coordinates":[[120.35724,23.42425],[120.35996,23.42356]]}},{"type":"Feature","properties":{"id":"0000101157090Q","name":""},"geometry":{"type":"LineString","coordinates":[[120.35696,23.42497],[120.35743,23.42554],[120.3581,23.42544],[120.35818,23.42481],[120.35793,23.42461],[120.35732,23.42457]]}},{"type":"Feature","properties":{"id":"0000101157100Q","name":""},"geometry":{"type":"LineString","coordinates":[[120.35696,23.42497],[120.35812,23.42845]]}},{"type":"Feature","properties":{"id":"0000101157120Q","name":""},"geometry":{"type":"LineString","coordinates":[[120.36023,23.42401],[120.35879,23.42477],[120.35809,23.42568],[120.35784,23.42709],[120.35812,23.42845]]}},{"type":"Feature","properties":{"id":"0000101157130Q","name":""},"geometry":{"type":"LineString","coordinates":[[120.35812,23.42845],[120.35881,23.43062]]}},{"type":"Feature","properties":{"id":"0000101158010D","name":""},"geometry":{"type":"LineString","coordinates":[[120.28884,23.30416],[120.28982,23.30526],[120.29154,23.30581],[120.29239,23.30654],[120.29293,23.30668]]}},{"type":"Feature","properties":{"id":"0000101158030D","name":""},"geometry":{"type":"LineString","coordinates":[[120.29169,23.307],[120.29199,23.3067],[120.292,23.30635],[120.29132,23.30587],[120.29066,23.3061],[120.29063,23.3067]]}},{"type":"Feature","properties":{"id":"0000101158050D","name":""},"geometry":{"type":"LineString","coordinates":[[120.29139,23.30777],[120.29211,23.30838],[120.29277,23.30809],[120.29282,23.30771],[120.29261,23.30735],[120.29178,23.30713]]}},{"type":"Feature","properties":{"id":"0000101158080D","name":""},"geometry":{"type":"LineString","coordinates":[[120.29316,23.31043],[120.29483,23.31342]]}},{"type":"Feature","properties":{"id":"0000101159010D","name":""},"geometry":{"type":"LineString","coordinates":[[120.23851,23.21551],[120.23941,23.21661],[120.24049,23.21723],[120.24176,23.21736],[120.24314,23.21691]]}},{"type":"Feature","properties":{"id":"0000101159060D","name":""},"geometry":{"type":"LineString","coordinates":[[120.23966,23.21971],[120.24024,23.22085],[120.24033,23.22195]]}},{"type":"Feature","properties":{"id":"0000101159070D","name":""},"geometry":{"type":"LineString","coordinates":[[120.24259,23.21754],[120.24164,23.21864],[120.2406,23.22094],[120.24033,23.22195]]}},{"type":"Feature","properties":{"id":"0000101159100D","name":""},"geometry":{"type":"LineString","coordinates":[[120.24006,23.21854],[120.24314,23.21691]]}},{"type":"Feature","properties":{"id":"0000101160000D","name":""},"geometry":{"type":"LineString","coordinates":[[120.2351,23.17836],[120.23615,23.18182]]}},{"type":"Feature","properties":{"id":"0000101160020D","name":""},"geometry":{"type":"LineString","coordinates":[[120.23615,23.18182],[120.2362,23.18262]]}},{"type":"Feature","properties":{"id":"0000101160030D","name":""},"geometry":{"type":"LineString","coordinates":[[120.2369,23.18311],[120.23634,23.18322],[120.23611,23.18386]]}},{"type":"Feature","properties":{"id":"0000101160040D","name":""},"geometry":{"type":"LineString","coordinates":[[120.23618,23.18273],[120.23611,23.18386]]}},{"type":"Feature","properties":{"id":"0000101161000D","name":""},"geometry":{"type":"LineString","coordinates":[[120.24555,23.11252],[120.2445,23.11688]]}},{"type":"Feature","properties":{"id":"0000101161020D","name":""},"geometry":{"type":"LineString","coordinates":[[120.2445,23.11688],[120.24415,23.11791]]}},{"type":"Feature","properties":{"id":"0000101161030D","name":""},"geometry":{"type":"LineString","coordinates":[[120.24491,23.11842],[120.24411,23.11846],[120.24367,23.11899]]}},{"type":"Feature","properties":{"id":"0000101161040D","name":""},"geometry":{"type":"LineString","coordinates":[[120.24412,23.118],[120.24367,23.11899]]}},{"type":"Feature","properties":{"id":"0000101162020D","name":""},"geometry":{"type":"LineString","coordinates":[[120.25313,23.07587],[120.25254,23.07989],[120.25273,23.0804],[120.25317,23.08082],[120.25389,23.08074],[120.25412,23.08039],[120.25402,23.07995],[120.25356,23.07957],[120.25295,23.0794],[120.2498,23.07988],[120.24855,23.07985]]}},{"type":"Feature","properties":{"id":"0000101162060D","name":""},"geometry":{"type":"LineString","coordinates":[[120.24895,23.07858],[120.25041,23.07745],[120.2512,23.07711],[120.25236,23.07712],[120.25358,23.07766],[120.25442,23.07868],[120.25459,23.07971],[120.25424,23.08054],[120.25295,23.08199]]}},{"type":"Feature","properties":{"id":"0000101163010D","name":""},"geometry":{"type":"LineString","coordinates":[[120.25119,23.03909],[120.25153,23.03998],[120.25265,23.041],[120.25314,23.04192]]}},{"type":"Feature","properties":{"id":"0000101163020D","name":""},"geometry":{"type":"LineString","coordinates":[[120.25119,23.03909],[120.25168,23.04181]]}},{"type":"Feature","properties":{"id":"0000101163060D","name":""},"geometry":{"type":"LineString","coordinates":[[120.25179,23.04246],[120.25225,23.0449]]}},{"type":"Feature","properties":{"id":"0000101163070D","name":""},"geometry":{"type":"LineString","coordinates":[[120.25367,23.04208],[120.25322,23.04226],[120.25234,23.0434],[120.25225,23.0449]]}},{"type":"Feature","properties":{"id":"0000101164000D","name":""},"geometry":{"type":"LineString","coordinates":[[120.24846,22.99969],[120.24822,23.00301]]}},{"type":"Feature","properties":{"id":"0000101165070D","name":""},"geometry":{"type":"LineString","coordinates":[[120.24926,22.9737],[120.24891,22.97757]]}},{"type":"Feature","properties":{"id":"0000101165080D","name":""},"geometry":{"type":"LineString","coordinates":[[120.24869,22.98179],[120.24837,22.98661]]}},{"type":"Feature","properties":{"id":"0000101166010D","name":""},"geometry":{"type":"LineString","coordinates":[[120.25125,22.93886],[120.25149,22.93982],[120.25269,22.94093],[120.25343,22.94101],[120.25441,22.94053]]}},{"type":"Feature","properties":{"id":"0000101166020D","name":""},"geometry":{"type":"LineString","coordinates":[[120.25125,22.93886],[120.25131,22.93981],[120.25209,22.94069],[120.25224,22.94113],[120.25192,22.942],[120.25145,22.94228],[120.24568,22.94395]]}},{"type":"Feature","properties":{"id":"0000101166050D","name":""},"geometry":{"type":"LineString","coordinates":[[120.25207,22.94218],[120.25015,22.94302],[120.24942,22.94489]]}},{"type":"Feature","properties":{"id":"0000101166060D","name":""},"geometry":{"type":"LineString","coordinates":[[120.24691,22.9432],[120.24811,22.9426],[120.25111,22.94193],[120.25152,22.94149],[120.25132,22.94092],[120.2507,22.94088],[120.25035,22.94121],[120.24942,22.94489]]}},{"type":"Feature","properties":{"id":"0000101167000E","name":""},"geometry":{"type":"LineString","coordinates":[[120.2815,22.8753],[120.28148,22.87616],[120.28202,22.87747],[120.28206,22.87856]]}},{"type":"Feature","properties":{"id":"0000101167020E","name":""},"geometry":{"type":"LineString","coordinates":[[120.28206,22.87856],[120.28203,22.87933]]}},{"type":"Feature","properties":{"id":"0000101167030E","name":""},"geometry":{"type":"LineString","coordinates":[[120.28128,22.87947],[120.27955,22.88025],[120.2787,22.88115],[120.27805,22.88221]]}},{"type":"Feature","properties":{"id":"0000101167040E","name":""},"geometry":{"type":"LineString","coordinates":[[120.28078,22.8794],[120.28146,22.87912],[120.28192,22.87839],[120.28193,22.87767],[120.28152,22.87725],[120.28096,22.87723],[120.28058,22.8775],[120.27805,22.88221]]}},{"type":"Feature","properties":{"id":"0000101168000E","name":""},"geometry":{"type":"LineString","coordinates":[[120.29862,22.84117],[120.2976,22.84331],[120.29575,22.84567]]}},{"type":"Feature","properties":{"id":"0000101168040E","name":""},"geometry":{"type":"LineString","coordinates":[[120.29532,22.84631],[120.29398,22.8486],[120.29159,22.85184]]}},{"type":"Feature","properties":{"id":"0000101169010E","name":""},"geometry":{"type":"LineString","coordinates":[[120.32167,22.78559],[120.32128,22.78738],[120.32141,22.78777],[120.32181,22.78811]]}},{"type":"Feature","properties":{"id":"0000101169020E","name":""},"geometry":{"type":"LineString","coordinates":[[120.32167,22.78559],[120.32065,22.78851],[120.32071,22.78888],[120.32112,22.78908],[120.32145,22.78893],[120.32156,22.78861],[120.32107,22.78804]]}},{"type":"Feature","properties":{"id":"0000101169030E","name":""},"geometry":{"type":"LineString","coordinates":[[120.32243,22.78843],[120.32206,22.78852],[120.32128,22.78921]]}},{"type":"Feature","properties":{"id":"0000101169040E","name":""},"geometry":{"type":"LineString","coordinates":[[120.32171,22.78823],[120.32166,22.78884],[120.32128,22.78921]]}},{"type":"Feature","properties":{"id":"0000101170050E","name":""},"geometry":{"type":"LineString","coordinates":[[120.33381,22.7259],[120.33443,22.72876]]}},{"type":"Feature","properties":{"id":"0000101170060E","name":""},"geometry":{"type":"LineString","coordinates":[[120.33381,22.7259],[120.33468,22.73174],[120.33484,22.73743]]}},{"type":"Feature","properties":{"id":"0000101170070E","name":""},"geometry":{"type":"LineString","coordinates":[[120.33541,22.73837],[120.33501,22.73843],[120.33484,22.73883]]}},{"type":"Feature","properties":{"id":"0000101170110E","name":""},"geometry":{"type":"LineString","coordinates":[[120.33459,22.73348],[120.33478,22.74028]]}},{"type":"Feature","properties":{"id":"0000101170120E","name":""},"geometry":{"type":"LineString","coordinates":[[120.33478,22.74028],[120.33471,22.74327]]}},{"type":"Feature","properties":{"id":"0000101172000E","name":""},"geometry":{"type":"LineString","coordinates":[[120.33699,22.61847],[120.33657,22.62394]]}},{"type":"Feature","properties":{"id":"0000101172010E","name":""},"geometry":{"type":"LineString","coordinates":[[120.33648,22.62228],[120.33656,22.62657]]}},{"type":"Feature","properties":{"id":"0000101172050E","name":""},"geometry":{"type":"LineString","coordinates":[[120.33713,22.63376],[120.3375,22.64112]]}},{"type":"Feature","properties":{"id":"0000101172060E","name":""},"geometry":{"type":"LineString","coordinates":[[120.33758,22.63769],[120.3375,22.64112]]}},{"type":"Feature","properties":{"id":"0000101172070E","name":""},"geometry":{"type":"LineString","coordinates":[[120.3375,22.64112],[120.33709,22.64387]]}},{"type":"Feature","properties":{"id":"0000101174000E","name":""},"geometry":{"type":"LineString","coordinates":[[120.34171,22.59881],[120.34247,22.60051],[120.34266,22.60209]]}},{"type":"Feature","properties":{"id":"0000101174020E","name":""},"geometry":{"type":"LineString","coordinates":[[120.34266,22.60209],[120.34235,22.60437],[120.34095,22.60687]]}},{"type":"Feature","properties":{"id":"0000101175020E","name":""},"geometry":{"type":"LineString","coordinates":[[120.331,22.58735],[120.33424,22.59002]]}},{"type":"Feature","properties":{"id":"0000101175030E","name":""},"geometry":{"type":"LineString","coordinates":[[120.33033,22.58699],[120.33176,22.58787],[120.33424,22.59002]]}},{"type":"Feature","properties":{"id":"0000101175040E","name":""},"geometry":{"type":"LineString","coordinates":[[120.33424,22.59002],[120.33604,22.59176]]}},{"type":"Feature","properties":{"id":"0000101175050E","name":""},"geometry":{"type":"LineString","coordinates":[[120.33604,22.59176],[120.33919,22.59517]]}},{"type":"Feature","properties":{"id":"0000101176030E","name":""},"geometry":{"type":"LineString","coordinates":[[120.31693,22.57512],[120.31622,22.576],[120.31613,22.57665],[120.31634,22.57703],[120.31777,22.57816]]}},{"type":"Feature","properties":{"id":"0000101176070E","name":""},"geometry":{"type":"LineString","coordinates":[[120.31364,22.57869],[120.31398,22.57799],[120.31379,22.57671],[120.31399,22.57642],[120.31452,22.57621],[120.31549,22.57653],[120.31777,22.57816]]}},{"type":"Feature","properties":{"id":"0000101176090E","name":""},"geometry":{"type":"LineString","coordinates":[[120.31777,22.57816],[120.32476,22.58307]]}},{"type":"Feature","properties":{"id":"0000101176100E","name":""},"geometry":{"type":"LineString","coordinates":[[120.32289,22.58172],[120.32476,22.58307]]}},{"type":"Feature","properties":{"id":"0000101180000H","name":""},"geometry":{"type":"LineString","coordinates":[[121.24975,25.00018],[121.25124,25.00101],[121.25278,25.00154]]}},{"type":"Feature","properties":{"id":"0000101180010H","name":""},"geometry":{"type":"LineString","coordinates":[[121.25278,25.00154],[121.25389,25.0032],[121.25498,25.00428]]}},{"type":"Feature","properties":{"id":"0000101181000J","name":""},"geometry":{"type":"LineString","coordinates":[[121.01099,24.85723],[121.01087,24.85899],[121.01111,24.85998]]}},{"type":"Feature","properties":{"id":"0000101181010J","name":""},"geometry":{"type":"LineString","coordinates":[[121.01283,24.86337],[121.01272,24.86389],[121.01287,24.86458],[121.01406,24.86652]]}},{"type":"Feature","properties":{"id":"0000101182000B","name":""},"geometry":{"type":"LineString","coordinates":[[120.71582,24.32877],[120.71569,24.32854],[120.71509,24.32831],[120.71476,24.32838],[120.71457,24.32867],[120.71486,24.32935],[120.71682,24.33213]]}},{"type":"Feature","properties":{"id":"0000101183000P","name":""},"geometry":{"type":"LineString","coordinates":[[120.47936,23.78977],[120.48065,23.79413]]}},{"type":"Feature","properties":{"id":"0000101184000D","name":""},"geometry":{"type":"LineString","coordinates":[[120.31365,23.34086],[120.3151,23.34237]]}},{"type":"Feature","properties":{"id":"0000101185010D","name":""},"geometry":{"type":"LineString","coordinates":[[120.26547,22.90716],[120.26432,22.90943]]}},{"type":"Feature","properties":{"id":"0000101187010B","name":""},"geometry":{"type":"LineString","coordinates":[[120.67074,24.2012],[120.66717,24.20133],[120.66661,24.2017],[120.66613,24.20269]]}},{"type":"Feature","properties":{"id":"0000101187020B","name":""},"geometry":{"type":"LineString","coordinates":[[120.66021,24.20074],[120.66507,24.20091],[120.66596,24.20151],[120.66616,24.20203],[120.66613,24.20269]]}},{"type":"Feature","properties":{"id":"0000101187030B","name":""},"geometry":{"type":"LineString","coordinates":[[120.66613,24.20269],[120.66482,24.20586],[120.6646,24.20691],[120.66518,24.20896],[120.66587,24.20971]]}},{"type":"Feature","properties":{"id":"0000101188010H","name":""},"geometry":{"type":"LineString","coordinates":[[121.22041,24.97075],[121.21975,24.97198],[121.21977,24.9724],[121.22252,24.97502]]}},{"type":"Feature","properties":{"id":"00001A0001300F","name":"國道1號汐止五股高架道路(汐止端到堤頂)"},"geometry":{"type":"LineString","coordinates":[[121.63216,25.06756],[121.62265,25.06659]]}},{"type":"Feature","properties":{"id":"00001A0001400F","name":"國道1號汐止五股高架道路(汐止端到堤頂)"},"geometry":{"type":"LineString","coordinates":[[121.62265,25.06659],[121.61795,25.06624]]}},{"type":"Feature","properties":{"id":"00001A0001450A","name":"國道1號汐止五股高架道路(汐止端到堤頂)"},"geometry":{"type":"LineString","coordinates":[[121.61795,25.06624],[121.61276,25.06571]]}},{"type":"Feature","properties":{"id":"00001A0001500A","name":"國道1號汐止五股高架道路(汐止端到堤頂)"},"geometry":{"type":"LineString","coordinates":[[121.61276,25.06571],[121.6029,25.06447]]}},{"type":"Feature","properties":{"id":"00001A0001600A","name":"國道1號汐止五股高架道路(汐止端到堤頂)"},"geometry":{"type":"LineString","coordinates":[[121.6029,25.06447],[121.59805,25.06398],[121.59577,25.06404],[121.59342,25.06435]]}},{"type":"Feature","properties":{"id":"00001A0001700A","name":"國道1號汐止五股高架道路(汐止端到堤頂)"},"geometry":{"type":"LineString","coordinates":[[121.59342,25.06435],[121.58988,25.06528],[121.58405,25.06764]]}},{"type":"Feature","properties":{"id":"00001A0001800A","name":"國道1號汐止五股高架道路(汐止端到堤頂)"},"geometry":{"type":"LineString","coordinates":[[121.58405,25.06764],[121.58143,25.06872]]}},{"type":"Feature","properties":{"id":"00001A0001830A","name":"國道1號汐止五股高架道路(堤頂到下塔悠)"},"geometry":{"type":"LineString","coordinates":[[121.58143,25.06872],[121.57844,25.06975],[121.57454,25.07066]]}},{"type":"Feature","properties":{"id":"00001A0001900A","name":"國道1號汐止五股高架道路(堤頂到下塔悠)"},"geometry":{"type":"LineString","coordinates":[[121.57454,25.07066],[121.56871,25.07133]]}},{"type":"Feature","properties":{"id":"00001A0001960A","name":"國道1號汐止五股高架道路(堤頂到下塔悠)"},"geometry":{"type":"LineString","coordinates":[[121.56871,25.07133],[121.56463,25.0713]]}},{"type":"Feature","properties":{"id":"00001A0002000A","name":"國道1號汐止五股高架道路(下塔悠到環北)"},"geometry":{"type":"LineString","coordinates":[[121.56463,25.0713],[121.56147,25.07155],[121.55742,25.07285],[121.55514,25.07318]]}},{"type":"Feature","properties":{"id":"00001A0002100A","name":"國道1號汐止五股高架道路(下塔悠到環北)"},"geometry":{"type":"LineString","coordinates":[[121.55514,25.07318],[121.54482,25.0734]]}},{"type":"Feature","properties":{"id":"00001A0002200A","name":"國道1號汐止五股高架道路(下塔悠到環北)"},"geometry":{"type":"LineString","coordinates":[[121.54482,25.0734],[121.53956,25.07348],[121.53643,25.07315],[121.53453,25.07328]]}},{"type":"Feature","properties":{"id":"00001A0002300A","name":"國道1號汐止五股高架道路(下塔悠到環北)"},"geometry":{"type":"LineString","coordinates":[[121.53453,25.07328],[121.52948,25.07397],[121.52481,25.07563]]}},{"type":"Feature","properties":{"id":"00001A0002400A","name":"國道1號汐止五股高架道路(下塔悠到環北)"},"geometry":{"type":"LineString","coordinates":[[121.52481,25.07563],[121.52056,25.07701],[121.5154,25.07807]]}},{"type":"Feature","properties":{"id":"00001A0002500A","name":"國道1號汐止五股高架道路(下塔悠到環北)"},"geometry":{"type":"LineString","coordinates":[[121.5154,25.07807],[121.51086,25.07846],[121.50518,25.07823]]}},{"type":"Feature","properties":{"id":"00001A0002600A","name":"國道1號汐止五股高架道路(環北到五股轉接道)"},"geometry":{"type":"LineString","coordinates":[[121.50518,25.07823],[121.50465,25.07817]]}},{"type":"Feature","properties":{"id":"00001A0002610F","name":"國道1號汐止五股高架道路(環北到五股轉接道)"},"geometry":{"type":"LineString","coordinates":[[121.50465,25.07817],[121.49647,25.07671]]}},{"type":"Feature","properties":{"id":"00001A0002700F","name":"國道1號汐止五股高架道路(環北到五股轉接道)"},"geometry":{"type":"LineString","coordinates":[[121.49647,25.07671],[121.48692,25.07426]]}},{"type":"Feature","properties":{"id":"00001A0002800F","name":"國道1號汐止五股高架道路(環北到五股轉接道)"},"geometry":{"type":"LineString","coordinates":[[121.48692,25.07426],[121.48433,25.07372],[121.48214,25.07352],[121.47926,25.07364],[121.47719,25.074]]}},{"type":"Feature","properties":{"id":"00001A0002900F","name":"國道1號汐止五股高架道路(環北到五股轉接道)"},"geometry":{"type":"LineString","coordinates":[[121.47719,25.074],[121.4709,25.0756],[121.46751,25.07607]]}},{"type":"Feature","properties":{"id":"00001A0003000F","name":"國道1號汐止五股高架道路(環北到五股轉接道)"},"geometry":{"type":"LineString","coordinates":[[121.46751,25.07607],[121.46486,25.0761],[121.46262,25.0759],[121.45772,25.07472]]}},{"type":"Feature","properties":{"id":"00001A0003100F","name":"國道1號汐止五股高架道路(環北到五股轉接道)"},"geometry":{"type":"LineString","coordinates":[[121.45772,25.07472],[121.45116,25.07273]]}},{"type":"Feature","properties":{"id":"00001A0101420F","name":"國道1號汐止五股高架道路(堤頂到汐止端)"},"geometry":{"type":"LineString","coordinates":[[121.6179,25.0659],[121.62072,25.0662]]}},{"type":"Feature","properties":{"id":"00001A0101450A","name":"國道1號汐止五股高架道路(堤頂到汐止端)"},"geometry":{"type":"LineString","coordinates":[[121.61713,25.06582],[121.6179,25.0659]]}},{"type":"Feature","properties":{"id":"00001A0101460F","name":"國道1號汐止五股高架道路(堤頂到汐止端)"},"geometry":{"type":"LineString","coordinates":[[121.6167,25.06578],[121.61713,25.06582]]}},{"type":"Feature","properties":{"id":"00001A0101470A","name":"國道1號汐止五股高架道路(堤頂到汐止端)"},"geometry":{"type":"LineString","coordinates":[[121.61281,25.06534],[121.6167,25.06578]]}},{"type":"Feature","properties":{"id":"00001A0101510A","name":"國道1號汐止五股高架道路(堤頂到汐止端)"},"geometry":{"type":"LineString","coordinates":[[121.60297,25.06412],[121.61281,25.06534]]}},{"type":"Feature","properties":{"id":"00001A0101600A","name":"國道1號汐止五股高架道路(堤頂到汐止端)"},"geometry":{"type":"LineString","coordinates":[[121.59339,25.06385],[121.59763,25.06354],[121.60297,25.06412]]}},{"type":"Feature","properties":{"id":"00001A0101700A","name":"國道1號汐止五股高架道路(堤頂到汐止端)"},"geometry":{"type":"LineString","coordinates":[[121.58382,25.06727],[121.59018,25.06469],[121.59339,25.06385]]}},{"type":"Feature","properties":{"id":"00001A0101800A","name":"國道1號汐止五股高架道路(下塔悠到堤頂)"},"geometry":{"type":"LineString","coordinates":[[121.57468,25.07026],[121.57952,25.06899],[121.58382,25.06727]]}},{"type":"Feature","properties":{"id":"00001A0101900A","name":"國道1號汐止五股高架道路(下塔悠到堤頂)"},"geometry":{"type":"LineString","coordinates":[[121.5703,25.07084],[121.57468,25.07026]]}},{"type":"Feature","properties":{"id":"00001A0101940A","name":"國道1號汐止五股高架道路(下塔悠到堤頂)"},"geometry":{"type":"LineString","coordinates":[[121.56456,25.07092],[121.5703,25.07084]]}},{"type":"Feature","properties":{"id":"00001A0102000A","name":"國道1號汐止五股高架道路(環北到下塔悠)"},"geometry":{"type":"LineString","coordinates":[[121.55666,25.07224],[121.55863,25.07201],[121.56222,25.07103],[121.56456,25.07092]]}},{"type":"Feature","properties":{"id":"00001A0102080A","name":"國道1號汐止五股高架道路(環北到下塔悠)"},"geometry":{"type":"LineString","coordinates":[[121.5549,25.07228],[121.55666,25.07224]]}},{"type":"Feature","properties":{"id":"00001A0102100A","name":"國道1號汐止五股高架道路(環北到下塔悠)"},"geometry":{"type":"LineString","coordinates":[[121.54475,25.07228],[121.5549,25.07228]]}},{"type":"Feature","properties":{"id":"00001A0102200A","name":"國道1號汐止五股高架道路(環北到下塔悠)"},"geometry":{"type":"LineString","coordinates":[[121.5345,25.07315],[121.53788,25.07258],[121.54475,25.07228]]}},{"type":"Feature","properties":{"id":"00001A0102300A","name":"國道1號汐止五股高架道路(環北到下塔悠)"},"geometry":{"type":"LineString","coordinates":[[121.52455,25.07516],[121.52683,25.07413],[121.52806,25.07378],[121.5345,25.07315]]}},{"type":"Feature","properties":{"id":"00001A0102400A","name":"國道1號汐止五股高架道路(環北到下塔悠)"},"geometry":{"type":"LineString","coordinates":[[121.51512,25.07749],[121.52028,25.0766],[121.52455,25.07516]]}},{"type":"Feature","properties":{"id":"00001A0102500A","name":"國道1號汐止五股高架道路(五股轉接道到環北)"},"geometry":{"type":"LineString","coordinates":[[121.50487,25.07766],[121.50931,25.07786],[121.51512,25.07749]]}},{"type":"Feature","properties":{"id":"00001A0102610F","name":"國道1號汐止五股高架道路(五股轉接道到環北)"},"geometry":{"type":"LineString","coordinates":[[121.50412,25.07758],[121.50487,25.07766]]}},{"type":"Feature","properties":{"id":"00001A0102620F","name":"國道1號汐止五股高架道路(五股轉接道到環北)"},"geometry":{"type":"LineString","coordinates":[[121.49599,25.07573],[121.50003,25.07684],[121.50412,25.07758]]}},{"type":"Feature","properties":{"id":"00001A0102700F","name":"國道1號汐止五股高架道路(五股轉接道到環北)"},"geometry":{"type":"LineString","coordinates":[[121.48634,25.07362],[121.49599,25.07573]]}},{"type":"Feature","properties":{"id":"00001A0102800F","name":"國道1號汐止五股高架道路(五股轉接道到環北)"},"geometry":{"type":"LineString","coordinates":[[121.47656,25.07362],[121.47914,25.07314],[121.48165,25.073],[121.48435,25.07322],[121.48634,25.07362]]}},{"type":"Feature","properties":{"id":"00001A0102900F","name":"國道1號汐止五股高架道路(五股轉接道到環北)"},"geometry":{"type":"LineString","coordinates":[[121.46685,25.07556],[121.47055,25.07512],[121.47656,25.07362]]}},{"type":"Feature","properties":{"id":"00001A0103000F","name":"國道1號汐止五股高架道路(五股轉接道到環北)"},"geometry":{"type":"LineString","coordinates":[[121.45893,25.07452],[121.46287,25.07539],[121.46685,25.07556]]}},{"type":"Feature","properties":{"id":"00001A1002000A","name":""},"geometry":{"type":"LineString","coordinates":[[121.58143,25.06872],[121.5781,25.06996],[121.57581,25.07059]]}},{"type":"Feature","properties":{"id":"00001A1002030A","name":""},"geometry":{"type":"LineString","coordinates":[[121.57443,25.07154],[121.5745,25.07091],[121.57378,25.07097]]}},{"type":"Feature","properties":{"id":"00001A1002050A","name":""},"geometry":{"type":"LineString","coordinates":[[121.57225,25.07453],[121.57288,25.07285],[121.57295,25.07194],[121.57249,25.07134],[121.57149,25.07125]]}},{"type":"Feature","properties":{"id":"00001A1004000A","name":""},"geometry":{"type":"LineString","coordinates":[[121.50644,25.08407],[121.50731,25.08151]]}},{"type":"Feature","properties":{"id":"00001A1004010A","name":""},"geometry":{"type":"LineString","coordinates":[[121.50812,25.08022],[121.50802,25.0821],[121.50779,25.08223],[121.50743,25.08212],[121.50731,25.08151]]}},{"type":"Feature","properties":{"id":"00001A1102010A","name":""},"geometry":{"type":"LineString","coordinates":[[121.57223,25.07039],[121.57266,25.06999],[121.57288,25.0693],[121.57219,25.06704],[121.57213,25.06604]]}},{"type":"Feature","properties":{"id":"00001A1102040A","name":""},"geometry":{"type":"LineString","coordinates":[[121.57425,25.06921],[121.5747,25.0692]]}},{"type":"Feature","properties":{"id":"00001A1102070A","name":""},"geometry":{"type":"LineString","coordinates":[[121.57449,25.06929],[121.57375,25.06945],[121.57358,25.0699],[121.57404,25.07028],[121.57468,25.07026]]}},{"type":"Feature","properties":{"id":"00001A1103000A","name":""},"geometry":{"type":"LineString","coordinates":[[121.55666,25.07224],[121.55806,25.07199],[121.56142,25.07078]]}},{"type":"Feature","properties":{"id":"00001A1104010A","name":""},"geometry":{"type":"LineString","coordinates":[[121.50491,25.07759],[121.50816,25.07768],[121.50859,25.07734],[121.50882,25.07652]]}},{"type":"Feature","properties":{"id":"00001A1105000F","name":""},"geometry":{"type":"LineString","coordinates":[[121.43758,25.06866],[121.44092,25.06915],[121.44487,25.07032]]}},{"type":"Feature","properties":{"id":"00001A1105010F","name":""},"geometry":{"type":"LineString","coordinates":[[121.44487,25.07032],[121.45893,25.07452]]}},{"type":"Feature","properties":{"id":"00001A1105020F","name":""},"geometry":{"type":"LineString","coordinates":[[121.45806,25.07404],[121.45893,25.07452]]}},{"type":"Feature","properties":{"id":"00001B0003200F","name":"國道1號汐止五股高架道路(五股轉接道到泰山轉接道)"},"geometry":{"type":"LineString","coordinates":[[121.44824,25.07206],[121.44018,25.06965],[121.43802,25.0692]]}},{"type":"Feature","properties":{"id":"00001B0003300F","name":"國道1號汐止五股高架道路(五股轉接道到泰山轉接道)"},"geometry":{"type":"LineString","coordinates":[[121.43802,25.0692],[121.43471,25.06879],[121.42779,25.06832]]}},{"type":"Feature","properties":{"id":"00001B0003400F","name":"國道1號汐止五股高架道路(五股轉接道到泰山轉接道)"},"geometry":{"type":"LineString","coordinates":[[121.42779,25.06832],[121.42593,25.06792],[121.42414,25.06718],[121.41904,25.06411]]}},{"type":"Feature","properties":{"id":"00001B0003500F","name":"國道1號汐止五股高架道路(泰山轉接道到機場系統)"},"geometry":{"type":"LineString","coordinates":[[121.41904,25.06411],[121.41087,25.05902]]}},{"type":"Feature","properties":{"id":"00001B0003600F","name":"國道1號汐止五股高架道路(泰山轉接道到機場系統)"},"geometry":{"type":"LineString","coordinates":[[121.41087,25.05902],[121.40808,25.05722]]}},{"type":"Feature","properties":{"id":"00001B0003640F","name":"國道1號汐止五股高架道路(泰山轉接道到機場系統)"},"geometry":{"type":"LineString","coordinates":[[121.40808,25.05722],[121.4067,25.05651],[121.40519,25.05601],[121.40355,25.05579],[121.40223,25.05589]]}},{"type":"Feature","properties":{"id":"00001B0003700F","name":"國道1號汐止五股高架道路(泰山轉接道到機場系統)"},"geometry":{"type":"LineString","coordinates":[[121.40223,25.05589],[121.4005,25.05636],[121.39897,25.0573],[121.39538,25.06151]]}},{"type":"Feature","properties":{"id":"00001B0003800F","name":"國道1號汐止五股高架道路(泰山轉接道到機場系統)"},"geometry":{"type":"LineString","coordinates":[[121.39538,25.06151],[121.39316,25.06369],[121.39168,25.06462],[121.38905,25.06531],[121.38646,25.06533]]}},{"type":"Feature","properties":{"id":"00001B0003900F","name":"國道1號汐止五股高架道路(泰山轉接道到機場系統)"},"geometry":{"type":"LineString","coordinates":[[121.38646,25.06533],[121.3838,25.06493],[121.38254,25.06494],[121.38121,25.06521],[121.37871,25.06608],[121.37696,25.0664]]}},{"type":"Feature","properties":{"id":"00001B0004000F","name":"國道1號汐止五股高架道路(泰山轉接道到機場系統)"},"geometry":{"type":"LineString","coordinates":[[121.37696,25.0664],[121.37485,25.0664],[121.36699,25.06552]]}},{"type":"Feature","properties":{"id":"00001B0004100F","name":"國道1號汐止五股高架道路(泰山轉接道到機場系統)"},"geometry":{"type":"LineString","coordinates":[[121.36699,25.06552],[121.3612,25.06531],[121.35716,25.0654]]}},{"type":"Feature","properties":{"id":"00001B0004200F","name":"國道1號汐止五股高架道路(泰山轉接道到機場系統)"},"geometry":{"type":"LineString","coordinates":[[121.35716,25.0654],[121.35491,25.06552]]}},{"type":"Feature","properties":{"id":"00001B0004230H","name":"國道1號汐止五股高架道路(泰山轉接道到機場系統)"},"geometry":{"type":"LineString","coordinates":[[121.35491,25.06552],[121.34721,25.06591]]}},{"type":"Feature","properties":{"id":"00001B0004300H","name":"國道1號汐止五股高架道路(泰山轉接道到機場系統)"},"geometry":{"type":"LineString","coordinates":[[121.34721,25.06591],[121.34254,25.06544],[121.33929,25.06454],[121.33749,25.06377]]}},{"type":"Feature","properties":{"id":"00001B0004400H","name":"國道1號汐止五股高架道路(泰山轉接道到機場系統)"},"geometry":{"type":"LineString","coordinates":[[121.33749,25.06377],[121.33365,25.06148],[121.3297,25.05809]]}},{"type":"Feature","properties":{"id":"00001B0004500H","name":"國道1號汐止五股高架道路(泰山轉接道到機場系統)"},"geometry":{"type":"LineString","coordinates":[[121.3297,25.05809],[121.32568,25.05296],[121.32372,25.05092]]}},{"type":"Feature","properties":{"id":"00001B0004600H","name":"國道1號汐止五股高架道路(泰山轉接道到機場系統)"},"geometry":{"type":"LineString","coordinates":[[121.32372,25.05092],[121.32203,25.04956],[121.32003,25.04833],[121.31534,25.04647]]}},{"type":"Feature","properties":{"id":"00001B0004700H","name":"國道1號汐止五股高架道路(泰山轉接道到機場系統)"},"geometry":{"type":"LineString","coordinates":[[121.31534,25.04647],[121.30626,25.04273]]}},{"type":"Feature","properties":{"id":"00001B0004800H","name":"國道1號汐止五股高架道路(泰山轉接道到機場系統)"},"geometry":{"type":"LineString","coordinates":[[121.30626,25.04273],[121.30158,25.04046],[121.29759,25.03821]]}},{"type":"Feature","properties":{"id":"00001B0004900H","name":"國道1號汐止五股高架道路(泰山轉接道到機場系統)"},"geometry":{"type":"LineString","coordinates":[[121.29759,25.03821],[121.29365,25.0357],[121.2896,25.03279]]}},{"type":"Feature","properties":{"id":"00001B0005000H","name":"國道1號汐止五股高架道路(泰山轉接道到機場系統)"},"geometry":{"type":"LineString","coordinates":[[121.2896,25.03279],[121.28216,25.02673]]}},{"type":"Feature","properties":{"id":"00001B0005100H","name":"國道1號汐止五股高架道路(泰山轉接道到機場系統)"},"geometry":{"type":"LineString","coordinates":[[121.28216,25.02673],[121.27779,25.02287]]}},{"type":"Feature","properties":{"id":"00001B0005170H","name":"國道1號汐止五股高架道路(泰山轉接道到機場系統)"},"geometry":{"type":"LineString","coordinates":[[121.27779,25.02287],[121.27497,25.02062]]}},{"type":"Feature","properties":{"id":"00001B0005200H","name":"國道1號汐止五股高架道路(機場系統到中壢轉接一)"},"geometry":{"type":"LineString","coordinates":[[121.27497,25.02062],[121.26884,25.0155]]}},{"type":"Feature","properties":{"id":"00001B0005290H","name":"國道1號汐止五股高架道路(機場系統到中壢轉接一)"},"geometry":{"type":"LineString","coordinates":[[121.26884,25.0155],[121.26757,25.0145]]}},{"type":"Feature","properties":{"id":"00001B0005300H","name":"國道1號汐止五股高架道路(機場系統到中壢轉接一)"},"geometry":{"type":"LineString","coordinates":[[121.26757,25.0145],[121.26004,25.00863]]}},{"type":"Feature","properties":{"id":"00001B0005400H","name":"國道1號汐止五股高架道路(機場系統到中壢轉接一)"},"geometry":{"type":"LineString","coordinates":[[121.26004,25.00863],[121.2525,25.00279]]}},{"type":"Feature","properties":{"id":"00001B0005500H","name":"國道1號汐止五股高架道路(機場系統到中壢轉接一)"},"geometry":{"type":"LineString","coordinates":[[121.2525,25.00279],[121.24841,24.99956],[121.24523,24.99664]]}},{"type":"Feature","properties":{"id":"00001B0005600H","name":"國道1號汐止五股高架道路(機場系統到中壢轉接一)"},"geometry":{"type":"LineString","coordinates":[[121.24523,24.99664],[121.23857,24.98995]]}},{"type":"Feature","properties":{"id":"00001B0005700H","name":"國道1號汐止五股高架道路(機場系統到中壢轉接一)"},"geometry":{"type":"LineString","coordinates":[[121.23857,24.98995],[121.23372,24.98512],[121.23176,24.98342]]}},{"type":"Feature","properties":{"id":"00001B0005800H","name":"國道1號汐止五股高架道路(中壢轉接一到中豐)"},"geometry":{"type":"LineString","coordinates":[[121.23176,24.98342],[121.22604,24.97835]]}},{"type":"Feature","properties":{"id":"00001B0006020H","name":"國道1號汐止五股高架道路(中壢轉接二到校前路)"},"geometry":{"type":"LineString","coordinates":[[121.21586,24.96963],[121.21291,24.96731],[121.20981,24.96523]]}},{"type":"Feature","properties":{"id":"00001B0006100H","name":"國道1號汐止五股高架道路(中壢轉接二到校前路)"},"geometry":{"type":"LineString","coordinates":[[121.20981,24.96523],[121.20406,24.96142],[121.20193,24.95974]]}},{"type":"Feature","properties":{"id":"00001B0006200H","name":"國道1號汐止五股高架道路(中壢轉接二到校前路)"},"geometry":{"type":"LineString","coordinates":[[121.20193,24.95974],[121.19903,24.95662],[121.19769,24.95465],[121.19644,24.95224]]}},{"type":"Feature","properties":{"id":"00001B0006300H","name":"國道1號汐止五股高架道路(中壢轉接二到校前路)"},"geometry":{"type":"LineString","coordinates":[[121.19644,24.95224],[121.19556,24.94987],[121.19377,24.94357]]}},{"type":"Feature","properties":{"id":"00001B0006400H","name":"國道1號汐止五股高架道路(中壢轉接二到校前路)"},"geometry":{"type":"LineString","coordinates":[[121.19377,24.94357],[121.19296,24.94138],[121.19168,24.93908],[121.19063,24.93764],[121.189,24.93592]]}},{"type":"Feature","properties":{"id":"00001B0006500H","name":"國道1號汐止五股高架道路(中壢轉接二到校前路)"},"geometry":{"type":"LineString","coordinates":[[121.189,24.93592],[121.18727,24.93444],[121.18568,24.93339],[121.18306,24.93208],[121.18081,24.93126]]}},{"type":"Feature","properties":{"id":"00001B0006600H","name":"國道1號汐止五股高架道路(中壢轉接二到校前路)"},"geometry":{"type":"LineString","coordinates":[[121.18081,24.93126],[121.17783,24.93018],[121.17579,24.92921],[121.17403,24.92809],[121.17229,24.92665]]}},{"type":"Feature","properties":{"id":"00001B0006700H","name":"國道1號汐止五股高架道路(中壢轉接二到校前路)"},"geometry":{"type":"LineString","coordinates":[[121.17229,24.92665],[121.17189,24.92625]]}},{"type":"Feature","properties":{"id":"00001B0006706H","name":"國道1號汐止五股高架道路(中壢轉接二到校前路)"},"geometry":{"type":"LineString","coordinates":[[121.17189,24.92625],[121.17055,24.92471],[121.1692,24.92262],[121.16762,24.91875]]}},{"type":"Feature","properties":{"id":"00001B0006800H","name":"國道1號汐止五股高架道路(中壢轉接二到校前路)"},"geometry":{"type":"LineString","coordinates":[[121.16762,24.91875],[121.16454,24.91019]]}},{"type":"Feature","properties":{"id":"00001B0006900H","name":"國道1號汐止五股高架道路(中壢轉接二到校前路)"},"geometry":{"type":"LineString","coordinates":[[121.16454,24.91019],[121.16374,24.90801],[121.16275,24.90629],[121.16105,24.90452],[121.15903,24.90316]]}},{"type":"Feature","properties":{"id":"00001B0007000H","name":"國道1號汐止五股高架道路(中壢轉接二到校前路)"},"geometry":{"type":"LineString","coordinates":[[121.15903,24.90316],[121.15713,24.90224],[121.15465,24.9014]]}},{"type":"Feature","properties":{"id":"00001B0103200F","name":"國道1號汐止五股高架道路(泰山轉接道到五股轉接道)"},"geometry":{"type":"LineString","coordinates":[[121.43829,25.06787],[121.44009,25.06807],[121.44804,25.07031]]}},{"type":"Feature","properties":{"id":"00001B0103310F","name":"國道1號汐止五股高架道路(泰山轉接道到五股轉接道)"},"geometry":{"type":"LineString","coordinates":[[121.42805,25.0678],[121.43497,25.06813],[121.43829,25.06787]]}},{"type":"Feature","properties":{"id":"00001B0103400F","name":"國道1號汐止五股高架道路(泰山轉接道到五股轉接道)"},"geometry":{"type":"LineString","coordinates":[[121.41953,25.06356],[121.4249,25.06692],[121.42805,25.0678]]}},{"type":"Feature","properties":{"id":"00001B0103500F","name":"國道1號汐止五股高架道路(機場系統到泰山轉接道)"},"geometry":{"type":"LineString","coordinates":[[121.41133,25.05853],[121.41953,25.06356]]}},{"type":"Feature","properties":{"id":"00001B0103600F","name":"國道1號汐止五股高架道路(機場系統到泰山轉接道)"},"geometry":{"type":"LineString","coordinates":[[121.40865,25.05686],[121.41133,25.05853]]}},{"type":"Feature","properties":{"id":"00001B0103640F","name":"國道1號汐止五股高架道路(機場系統到泰山轉接道)"},"geometry":{"type":"LineString","coordinates":[[121.40246,25.05578],[121.40654,25.05581],[121.40865,25.05686]]}},{"type":"Feature","properties":{"id":"00001B0103700F","name":"國道1號汐止五股高架道路(機場系統到泰山轉接道)"},"geometry":{"type":"LineString","coordinates":[[121.3956,25.06116],[121.39811,25.05803],[121.39928,25.05697],[121.40109,25.05606],[121.40246,25.05578]]}},{"type":"Feature","properties":{"id":"00001B0103800F","name":"國道1號汐止五股高架道路(機場系統到泰山轉接道)"},"geometry":{"type":"LineString","coordinates":[[121.38668,25.06527],[121.38896,25.06525],[121.39135,25.06468],[121.39304,25.06369],[121.3956,25.06116]]}},{"type":"Feature","properties":{"id":"00001B0103900F","name":"國道1號汐止五股高架道路(機場系統到泰山轉接道)"},"geometry":{"type":"LineString","coordinates":[[121.37703,25.06604],[121.37866,25.06596],[121.38131,25.06507],[121.38303,25.06482],[121.38668,25.06527]]}},{"type":"Feature","properties":{"id":"00001B0104010H","name":"國道1號汐止五股高架道路(機場系統到泰山轉接道)"},"geometry":{"type":"LineString","coordinates":[[121.36727,25.06471],[121.37381,25.06519],[121.37703,25.06604]]}},{"type":"Feature","properties":{"id":"00001B0104100H","name":"國道1號汐止五股高架道路(機場系統到泰山轉接道)"},"geometry":{"type":"LineString","coordinates":[[121.35734,25.06454],[121.36275,25.06445],[121.36727,25.06471]]}},{"type":"Feature","properties":{"id":"00001B0104200H","name":"國道1號汐止五股高架道路(機場系統到泰山轉接道)"},"geometry":{"type":"LineString","coordinates":[[121.34744,25.0653],[121.3503,25.06523],[121.35734,25.06454]]}},{"type":"Feature","properties":{"id":"00001B0104300H","name":"國道1號汐止五股高架道路(機場系統到泰山轉接道)"},"geometry":{"type":"LineString","coordinates":[[121.33791,25.06314],[121.34034,25.06415],[121.3427,25.06479],[121.34744,25.0653]]}},{"type":"Feature","properties":{"id":"00001B0104400H","name":"國道1號汐止五股高架道路(機場系統到泰山轉接道)"},"geometry":{"type":"LineString","coordinates":[[121.33032,25.05753],[121.33418,25.06092],[121.33791,25.06314]]}},{"type":"Feature","properties":{"id":"00001B0104500H","name":"國道1號汐止五股高架道路(機場系統到泰山轉接道)"},"geometry":{"type":"LineString","coordinates":[[121.32436,25.05029],[121.32589,25.05186],[121.33032,25.05753]]}},{"type":"Feature","properties":{"id":"00001B0104600H","name":"國道1號汐止五股高架道路(機場系統到泰山轉接道)"},"geometry":{"type":"LineString","coordinates":[[121.31564,25.04599],[121.32091,25.04801],[121.32286,25.0491],[121.32436,25.05029]]}},{"type":"Feature","properties":{"id":"00001B0104700H","name":"國道1號汐止五股高架道路(機場系統到泰山轉接道)"},"geometry":{"type":"LineString","coordinates":[[121.30666,25.0421],[121.31564,25.04599]]}},{"type":"Feature","properties":{"id":"00001B0104800H","name":"國道1號汐止五股高架道路(機場系統到泰山轉接道)"},"geometry":{"type":"LineString","coordinates":[[121.29808,25.03755],[121.30666,25.0421]]}},{"type":"Feature","properties":{"id":"00001B0104900H","name":"國道1號汐止五股高架道路(機場系統到泰山轉接道)"},"geometry":{"type":"LineString","coordinates":[[121.28997,25.03234],[121.29808,25.03755]]}},{"type":"Feature","properties":{"id":"00001B0105000H","name":"國道1號汐止五股高架道路(機場系統到泰山轉接道)"},"geometry":{"type":"LineString","coordinates":[[121.28259,25.02631],[121.28579,25.02912],[121.28997,25.03234]]}},{"type":"Feature","properties":{"id":"00001B0105100H","name":"國道1號汐止五股高架道路(機場系統到泰山轉接道)"},"geometry":{"type":"LineString","coordinates":[[121.2809,25.0248],[121.28259,25.02631]]}},{"type":"Feature","properties":{"id":"00001B0105130H","name":"國道1號汐止五股高架道路(機場系統到泰山轉接道)"},"geometry":{"type":"LineString","coordinates":[[121.27554,25.01993],[121.2809,25.0248]]}},{"type":"Feature","properties":{"id":"00001B0105200H","name":"國道1號汐止五股高架道路(機場系統到泰山轉接道)"},"geometry":{"type":"LineString","coordinates":[[121.2744,25.01899],[121.27554,25.01993]]}},{"type":"Feature","properties":{"id":"00001B0105220H","name":"國道1號汐止五股高架道路(中壢轉接一到機場系統)"},"geometry":{"type":"LineString","coordinates":[[121.26794,25.01409],[121.2744,25.01899]]}},{"type":"Feature","properties":{"id":"00001B0105300H","name":"國道1號汐止五股高架道路(中壢轉接一到機場系統)"},"geometry":{"type":"LineString","coordinates":[[121.26039,25.00825],[121.26794,25.01409]]}},{"type":"Feature","properties":{"id":"00001B0105400H","name":"國道1號汐止五股高架道路(中壢轉接一到機場系統)"},"geometry":{"type":"LineString","coordinates":[[121.25285,25.00239],[121.26039,25.00825]]}},{"type":"Feature","properties":{"id":"00001B0105500H","name":"國道1號汐止五股高架道路(中壢轉接一到機場系統)"},"geometry":{"type":"LineString","coordinates":[[121.24563,24.99627],[121.24889,24.99924],[121.25285,25.00239]]}},{"type":"Feature","properties":{"id":"00001B0105600H","name":"國道1號汐止五股高架道路(中壢轉接一到機場系統)"},"geometry":{"type":"LineString","coordinates":[[121.23892,24.98962],[121.24563,24.99627]]}},{"type":"Feature","properties":{"id":"00001B0105700H","name":"國道1號汐止五股高架道路(中壢轉接一到機場系統)"},"geometry":{"type":"LineString","coordinates":[[121.23215,24.983],[121.23446,24.98508],[121.23892,24.98962]]}},{"type":"Feature","properties":{"id":"00001B0105800H","name":"國道1號汐止五股高架道路(中壢轉接一到機場系統)"},"geometry":{"type":"LineString","coordinates":[[121.22632,24.97818],[121.23215,24.983]]}},{"type":"Feature","properties":{"id":"00001B0106020H","name":"國道1號汐止五股高架道路(校前路到中壢轉接二)"},"geometry":{"type":"LineString","coordinates":[[121.21011,24.96487],[121.21335,24.96715],[121.2162,24.96954]]}},{"type":"Feature","properties":{"id":"00001B0106100H","name":"國道1號汐止五股高架道路(校前路到中壢轉接二)"},"geometry":{"type":"LineString","coordinates":[[121.20231,24.95934],[121.20483,24.96138],[121.21011,24.96487]]}},{"type":"Feature","properties":{"id":"00001B0106200H","name":"國道1號汐止五股高架道路(校前路到中壢轉接二)"},"geometry":{"type":"LineString","coordinates":[[121.19694,24.95195],[121.19797,24.95395],[121.19944,24.95618],[121.20231,24.95934]]}},{"type":"Feature","properties":{"id":"00001B0106300H","name":"國道1號汐止五股高架道路(校前路到中壢轉接二)"},"geometry":{"type":"LineString","coordinates":[[121.19422,24.94332],[121.19591,24.94923],[121.19694,24.95195]]}},{"type":"Feature","properties":{"id":"00001B0106400H","name":"國道1號汐止五股高架道路(校前路到中壢轉接二)"},"geometry":{"type":"LineString","coordinates":[[121.1897,24.93525],[121.19096,24.93655],[121.19252,24.93879],[121.19347,24.94087],[121.19422,24.94332]]}},{"type":"Feature","properties":{"id":"00001B0106500H","name":"國道1號汐止五股高架道路(校前路到中壢轉接二)"},"geometry":{"type":"LineString","coordinates":[[121.18103,24.93081],[121.1862,24.93279],[121.18804,24.9339],[121.1897,24.93525]]}},{"type":"Feature","properties":{"id":"00001B0106600H","name":"國道1號汐止五股高架道路(校前路到中壢轉接二)"},"geometry":{"type":"LineString","coordinates":[[121.17277,24.92616],[121.17482,24.92787],[121.17669,24.92902],[121.18103,24.93081]]}},{"type":"Feature","properties":{"id":"00001B0106700H","name":"國道1號汐止五股高架道路(校前路到中壢轉接二)"},"geometry":{"type":"LineString","coordinates":[[121.16811,24.91847],[121.16882,24.92042],[121.17011,24.92294],[121.17175,24.92512],[121.17277,24.92616]]}},{"type":"Feature","properties":{"id":"00001B0106800H","name":"國道1號汐止五股高架道路(校前路到中壢轉接二)"},"geometry":{"type":"LineString","coordinates":[[121.16514,24.90988],[121.16811,24.91847]]}},{"type":"Feature","properties":{"id":"00001B0106900H","name":"國道1號汐止五股高架道路(校前路到中壢轉接二)"},"geometry":{"type":"LineString","coordinates":[[121.15932,24.90269],[121.16112,24.90381],[121.16311,24.90578],[121.16429,24.90767],[121.16514,24.90988]]}},{"type":"Feature","properties":{"id":"00001B0107000H","name":"國道1號汐止五股高架道路(校前路到中壢轉接二)"},"geometry":{"type":"LineString","coordinates":[[121.15471,24.90117],[121.15755,24.90194],[121.15932,24.90269]]}},{"type":"Feature","properties":{"id":"00001B1004030H","name":""},"geometry":{"type":"LineString","coordinates":[[121.15398,24.90117],[121.15075,24.90067]]}},{"type":"Feature","properties":{"id":"00001B1101000F","name":""},"geometry":{"type":"LineString","coordinates":[[121.40865,25.05686],[121.41945,25.06382]]}},{"type":"Feature","properties":{"id":"00001B1104000H","name":""},"geometry":{"type":"LineString","coordinates":[[121.15094,24.89986],[121.154,24.90105]]}},{"type":"Feature","properties":{"id":"0000200000000H","name":"國道2號(大園到大竹)"},"geometry":{"type":"LineString","coordinates":[[121.21749,25.06577],[121.215,25.06376],[121.2138,25.0623],[121.21317,25.06044],[121.21328,25.05854]]}},{"type":"Feature","properties":{"id":"0000200000100H","name":"國道2號(大園到大竹)"},"geometry":{"type":"LineString","coordinates":[[121.21328,25.05854],[121.21379,25.057],[121.216,25.05207]]}},{"type":"Feature","properties":{"id":"0000200000180H","name":"國道2號(大園到大竹)"},"geometry":{"type":"LineString","coordinates":[[121.216,25.05207],[121.21687,25.05017]]}},{"type":"Feature","properties":{"id":"0000200000200H","name":"國道2號(大園到大竹)"},"geometry":{"type":"LineString","coordinates":[[121.21687,25.05017],[121.21975,25.04392],[121.22101,25.0419]]}},{"type":"Feature","properties":{"id":"0000200000300H","name":"國道2號(大園到大竹)"},"geometry":{"type":"LineString","coordinates":[[121.22101,25.0419],[121.2224,25.04031],[121.22436,25.03893],[121.22608,25.03812],[121.22922,25.03718]]}},{"type":"Feature","properties":{"id":"0000200000400H","name":"國道2號(大園到大竹)"},"geometry":{"type":"LineString","coordinates":[[121.22922,25.03718],[121.23148,25.03659]]}},{"type":"Feature","properties":{"id":"0000200000430H","name":"國道2號(大竹到機場系統)"},"geometry":{"type":"LineString","coordinates":[[121.23148,25.03659],[121.23887,25.03449]]}},{"type":"Feature","properties":{"id":"0000200000500H","name":"國道2號(大竹到機場系統)"},"geometry":{"type":"LineString","coordinates":[[121.23887,25.03449],[121.24169,25.0333],[121.24377,25.03219]]}},{"type":"Feature","properties":{"id":"0000200000560H","name":"國道2號(大竹到機場系統)"},"geometry":{"type":"LineString","coordinates":[[121.24377,25.03219],[121.24772,25.03008]]}},{"type":"Feature","properties":{"id":"0000200000600H","name":"國道2號(大竹到機場系統)"},"geometry":{"type":"LineString","coordinates":[[121.24772,25.03008],[121.25015,25.0288],[121.25281,25.0278],[121.25508,25.02742],[121.25708,25.02737]]}},{"type":"Feature","properties":{"id":"0000200000700H","name":"國道2號(大竹到機場系統)"},"geometry":{"type":"LineString","coordinates":[[121.25708,25.02737],[121.26362,25.02736],[121.2653,25.02699],[121.26704,25.02626]]}},{"type":"Feature","properties":{"id":"0000200000800H","name":"國道2號(大竹到機場系統)"},"geometry":{"type":"LineString","coordinates":[[121.26704,25.02626],[121.26821,25.02547]]}},{"type":"Feature","properties":{"id":"0000200000820H","name":"國道2號(機場系統到南桃園)"},"geometry":{"type":"LineString","coordinates":[[121.26821,25.02547],[121.27025,25.02333],[121.27316,25.01922]]}},{"type":"Feature","properties":{"id":"0000200000900H","name":"國道2號(機場系統到南桃園)"},"geometry":{"type":"LineString","coordinates":[[121.27316,25.01922],[121.27681,25.01431]]}},{"type":"Feature","properties":{"id":"0000200000970H","name":"國道2號(機場系統到南桃園)"},"geometry":{"type":"LineString","coordinates":[[121.27681,25.01431],[121.27909,25.0116]]}},{"type":"Feature","properties":{"id":"0000200001000H","name":"國道2號(機場系統到南桃園)"},"geometry":{"type":"LineString","coordinates":[[121.27909,25.0116],[121.2805,25.00964],[121.28167,25.00752],[121.28243,25.00563],[121.28312,25.0026]]}},{"type":"Feature","properties":{"id":"0000200001110H","name":"國道2號(南桃園到大湳)"},"geometry":{"type":"LineString","coordinates":[[121.28312,25.0026],[121.28335,24.99868],[121.28269,24.99465]]}},{"type":"Feature","properties":{"id":"0000200001200H","name":"國道2號(南桃園到大湳)"},"geometry":{"type":"LineString","coordinates":[[121.28269,24.99465],[121.28162,24.98936],[121.28164,24.98737],[121.28206,24.98511]]}},{"type":"Feature","properties":{"id":"0000200001300H","name":"國道2號(南桃園到大湳)"},"geometry":{"type":"LineString","coordinates":[[121.28206,24.98511],[121.28302,24.98275],[121.28402,24.98123],[121.28576,24.97934],[121.28759,24.97796]]}},{"type":"Feature","properties":{"id":"0000200001400H","name":"國道2號(南桃園到大湳)"},"geometry":{"type":"LineString","coordinates":[[121.28759,24.97796],[121.28926,24.97705],[121.29109,24.97635],[121.29693,24.97521]]}},{"type":"Feature","properties":{"id":"0000200001500H","name":"國道2號(南桃園到大湳)"},"geometry":{"type":"LineString","coordinates":[[121.29693,24.97521],[121.30688,24.97366]]}},{"type":"Feature","properties":{"id":"0000200001600H","name":"國道2號(南桃園到大湳)"},"geometry":{"type":"LineString","coordinates":[[121.30688,24.97366],[121.31213,24.97229],[121.31636,24.97041]]}},{"type":"Feature","properties":{"id":"0000200001700H","name":"國道2號(南桃園到大湳)"},"geometry":{"type":"LineString","coordinates":[[121.31636,24.97041],[121.31962,24.96838],[121.32202,24.96618]]}},{"type":"Feature","properties":{"id":"0000200001780H","name":"國道2號(南桃園到大湳)"},"geometry":{"type":"LineString","coordinates":[[121.32202,24.96618],[121.32351,24.96393]]}},{"type":"Feature","properties":{"id":"0000200001800H","name":"國道2號(大湳到鶯歌系統)"},"geometry":{"type":"LineString","coordinates":[[121.32351,24.96393],[121.32438,24.96158],[121.32486,24.95918],[121.32501,24.95691],[121.32491,24.95433]]}},{"type":"Feature","properties":{"id":"0000200001910H","name":"國道2號(大湳到鶯歌系統)"},"geometry":{"type":"LineString","coordinates":[[121.32491,24.95433],[121.32407,24.94577]]}},{"type":"Feature","properties":{"id":"0000200002000H","name":"國道2號(大湳到鶯歌系統)"},"geometry":{"type":"LineString","coordinates":[[121.32407,24.94577],[121.32378,24.94311]]}},{"type":"Feature","properties":{"id":"0000200002040F","name":"國道2號(大湳到鶯歌系統)"},"geometry":{"type":"LineString","coordinates":[[121.32378,24.94311],[121.32375,24.94278]]}},{"type":"Feature","properties":{"id":"0000200100000H","name":"國道2號(大竹到大園)"},"geometry":{"type":"LineString","coordinates":[[121.21341,25.05851],[121.21328,25.0604],[121.21393,25.06229],[121.21507,25.06367],[121.21757,25.06564]]}},{"type":"Feature","properties":{"id":"0000200100100H","name":"國道2號(大竹到大園)"},"geometry":{"type":"LineString","coordinates":[[121.21616,25.05213],[121.21382,25.05723],[121.21341,25.05851]]}},{"type":"Feature","properties":{"id":"0000200100180H","name":"國道2號(大竹到大園)"},"geometry":{"type":"LineString","coordinates":[[121.21714,25.05007],[121.21616,25.05213]]}},{"type":"Feature","properties":{"id":"0000200100200H","name":"國道2號(大竹到大園)"},"geometry":{"type":"LineString","coordinates":[[121.22131,25.04182],[121.21998,25.04398],[121.21714,25.05007]]}},{"type":"Feature","properties":{"id":"0000200100300H","name":"國道2號(大竹到大園)"},"geometry":{"type":"LineString","coordinates":[[121.22962,25.03728],[121.22611,25.03831],[121.22448,25.03907],[121.22274,25.04031],[121.22131,25.04182]]}},{"type":"Feature","properties":{"id":"0000200100400H","name":"國道2號(大竹到大園)"},"geometry":{"type":"LineString","coordinates":[[121.23151,25.03677],[121.22962,25.03728]]}},{"type":"Feature","properties":{"id":"0000200100420H","name":"國道2號(機場系統到大竹)"},"geometry":{"type":"LineString","coordinates":[[121.23925,25.03454],[121.23151,25.03677]]}},{"type":"Feature","properties":{"id":"0000200100500H","name":"國道2號(機場系統到大竹)"},"geometry":{"type":"LineString","coordinates":[[121.24386,25.03233],[121.23925,25.03454]]}},{"type":"Feature","properties":{"id":"0000200100560H","name":"國道2號(機場系統到大竹)"},"geometry":{"type":"LineString","coordinates":[[121.24809,25.03009],[121.24386,25.03233]]}},{"type":"Feature","properties":{"id":"0000200100600H","name":"國道2號(機場系統到大竹)"},"geometry":{"type":"LineString","coordinates":[[121.25747,25.02754],[121.25472,25.02763],[121.25263,25.02803],[121.25148,25.02841],[121.24809,25.03009]]}},{"type":"Feature","properties":{"id":"0000200100700H","name":"國道2號(機場系統到大竹)"},"geometry":{"type":"LineString","coordinates":[[121.26741,25.02625],[121.26549,25.02712],[121.26362,25.02753],[121.26169,25.02766],[121.25747,25.02754]]}},{"type":"Feature","properties":{"id":"0000200100800H","name":"國道2號(機場系統到大竹)"},"geometry":{"type":"LineString","coordinates":[[121.26829,25.02566],[121.26741,25.02625]]}},{"type":"Feature","properties":{"id":"0000200100820H","name":"國道2號(南桃園到機場系統)"},"geometry":{"type":"LineString","coordinates":[[121.27373,25.0186],[121.27064,25.02308],[121.26926,25.02479],[121.26829,25.02566]]}},{"type":"Feature","properties":{"id":"0000200100910H","name":"國道2號(南桃園到機場系統)"},"geometry":{"type":"LineString","coordinates":[[121.27899,25.01195],[121.27621,25.01524],[121.27373,25.0186]]}},{"type":"Feature","properties":{"id":"0000200101000H","name":"國道2號(南桃園到機場系統)"},"geometry":{"type":"LineString","coordinates":[[121.28319,25.00338],[121.28259,25.00563],[121.28144,25.0083],[121.27899,25.01195]]}},{"type":"Feature","properties":{"id":"0000200101100H","name":"國道2號(大湳到南桃園)"},"geometry":{"type":"LineString","coordinates":[[121.28304,24.99543],[121.2835,24.99923],[121.28319,25.00338]]}},{"type":"Feature","properties":{"id":"0000200101190H","name":"國道2號(大湳到南桃園)"},"geometry":{"type":"LineString","coordinates":[[121.28268,24.99392],[121.28304,24.99543]]}},{"type":"Feature","properties":{"id":"0000200101200H","name":"國道2號(大湳到南桃園)"},"geometry":{"type":"LineString","coordinates":[[121.28225,24.98496],[121.28183,24.98681],[121.28175,24.98896],[121.28216,24.99182],[121.28268,24.99392]]}},{"type":"Feature","properties":{"id":"0000200101300H","name":"國道2號(大湳到南桃園)"},"geometry":{"type":"LineString","coordinates":[[121.28797,24.97783],[121.28582,24.9794],[121.28425,24.98109],[121.28308,24.98287],[121.28225,24.98496]]}},{"type":"Feature","properties":{"id":"0000200101400H","name":"國道2號(大湳到南桃園)"},"geometry":{"type":"LineString","coordinates":[[121.29746,24.97522],[121.29176,24.97625],[121.29002,24.97682],[121.28797,24.97783]]}},{"type":"Feature","properties":{"id":"0000200101500H","name":"國道2號(大湳到南桃園)"},"geometry":{"type":"LineString","coordinates":[[121.3074,24.97365],[121.29746,24.97522]]}},{"type":"Feature","properties":{"id":"0000200101600H","name":"國道2號(大湳到南桃園)"},"geometry":{"type":"LineString","coordinates":[[121.31679,24.97028],[121.31219,24.97236],[121.3074,24.97365]]}},{"type":"Feature","properties":{"id":"0000200101700H","name":"國道2號(大湳到南桃園)"},"geometry":{"type":"LineString","coordinates":[[121.32211,24.96621],[121.31972,24.96842],[121.31679,24.97028]]}},{"type":"Feature","properties":{"id":"0000200101770H","name":"國道2號(大湳到南桃園)"},"geometry":{"type":"LineString","coordinates":[[121.32374,24.96369],[121.32211,24.96621]]}},{"type":"Feature","properties":{"id":"0000200101800H","name":"國道2號(鶯歌系統到大湳)"},"geometry":{"type":"LineString","coordinates":[[121.32505,24.9544],[121.32515,24.95704],[121.32492,24.95967],[121.32447,24.9618],[121.32374,24.96369]]}},{"type":"Feature","properties":{"id":"0000200101910H","name":"國道2號(鶯歌系統到大湳)"},"geometry":{"type":"LineString","coordinates":[[121.32418,24.94555],[121.32505,24.9544]]}},{"type":"Feature","properties":{"id":"0000200102000H","name":"國道2號(鶯歌系統到大湳)"},"geometry":{"type":"LineString","coordinates":[[121.32413,24.94329],[121.32418,24.94555]]}},{"type":"Feature","properties":{"id":"0000200102040F","name":"國道2號(鶯歌系統到大湳)"},"geometry":{"type":"LineString","coordinates":[[121.32435,24.94263],[121.32413,24.94329]]}},{"type":"Feature","properties":{"id":"0000201002000H","name":""},"geometry":{"type":"LineString","coordinates":[[121.2134,25.06177],[121.21277,25.06058],[121.21182,25.06014],[121.2115,25.05931]]}},{"type":"Feature","properties":{"id":"0000201002010H","name":""},"geometry":{"type":"LineString","coordinates":[[121.21233,25.05909],[121.21173,25.05959],[121.21176,25.05988],[121.21209,25.06014],[121.21272,25.06003],[121.21303,25.0593]]}},{"type":"Feature","properties":{"id":"0000201002020H","name":""},"geometry":{"type":"LineString","coordinates":[[121.21146,25.0592],[121.21326,25.05783],[121.216,25.05207]]}},{"type":"Feature","properties":{"id":"0000201003000H","name":""},"geometry":{"type":"LineString","coordinates":[[121.23148,25.03659],[121.23353,25.03586],[121.23456,25.03504]]}},{"type":"Feature","properties":{"id":"0000201003010H","name":""},"geometry":{"type":"LineString","coordinates":[[121.23456,25.03504],[121.23483,25.03435],[121.23483,25.03356],[121.23399,25.03223]]}},{"type":"Feature","properties":{"id":"0000201003040H","name":""},"geometry":{"type":"LineString","coordinates":[[121.23618,25.03369],[121.23717,25.0342],[121.2382,25.03433],[121.24067,25.0336]]}},{"type":"Feature","properties":{"id":"0000201003050H","name":""},"geometry":{"type":"LineString","coordinates":[[121.23634,25.03433],[121.23537,25.03419],[121.23505,25.03472],[121.23544,25.03509],[121.23653,25.03496],[121.23828,25.03452],[121.24067,25.0336]]}},{"type":"Feature","properties":{"id":"0000201004040H","name":""},"geometry":{"type":"LineString","coordinates":[[121.27034,25.02154],[121.27089,25.02009],[121.27081,25.01857],[121.27006,25.017],[121.26884,25.0155]]}},{"type":"Feature","properties":{"id":"0000201004060H","name":""},"geometry":{"type":"LineString","coordinates":[[121.27058,25.02148],[121.27111,25.02082],[121.27194,25.02033],[121.27307,25.01993],[121.27452,25.01974],[121.27637,25.01999],[121.27729,25.02059],[121.27784,25.02132]]}},{"type":"Feature","properties":{"id":"0000201004070H","name":""},"geometry":{"type":"LineString","coordinates":[[121.27058,25.02148],[121.27171,25.02056],[121.27294,25.02023],[121.27458,25.02013],[121.27631,25.02044],[121.27747,25.02116],[121.2809,25.0248]]}},{"type":"Feature","properties":{"id":"0000201004100H","name":""},"geometry":{"type":"LineString","coordinates":[[121.27105,25.01594],[121.27289,25.01651],[121.27421,25.01638],[121.27542,25.01579],[121.27681,25.01431]]}},{"type":"Feature","properties":{"id":"0000201005010H","name":""},"geometry":{"type":"LineString","coordinates":[[121.28319,25.00056],[121.28296,24.99929],[121.28268,24.99877],[121.28122,24.99803],[121.28042,24.99696],[121.27909,24.99595]]}},{"type":"Feature","properties":{"id":"0000201005020H","name":""},"geometry":{"type":"LineString","coordinates":[[121.28319,25.00056],[121.28296,24.99731],[121.28263,24.99697],[121.28228,24.99697],[121.28199,24.99715],[121.28194,24.99754],[121.28263,24.9982]]}},{"type":"Feature","properties":{"id":"0000201005030H","name":""},"geometry":{"type":"LineString","coordinates":[[121.28299,24.99859],[121.28125,24.99793],[121.28095,24.99737],[121.28118,24.99681],[121.28241,24.99632],[121.28278,24.99576]]}},{"type":"Feature","properties":{"id":"0000201005040H","name":""},"geometry":{"type":"LineString","coordinates":[[121.27967,24.99621],[121.28084,24.99693],[121.28151,24.99707],[121.28228,24.99662],[121.28278,24.99576]]}},{"type":"Feature","properties":{"id":"0000201006010H","name":""},"geometry":{"type":"LineString","coordinates":[[121.32307,24.96445],[121.32341,24.9629]]}},{"type":"Feature","properties":{"id":"0000201006020H","name":""},"geometry":{"type":"LineString","coordinates":[[121.32307,24.96445],[121.32366,24.9624],[121.3241,24.96195],[121.32489,24.96185],[121.32596,24.96269]]}},{"type":"Feature","properties":{"id":"0000201006030H","name":""},"geometry":{"type":"LineString","coordinates":[[121.32341,24.9629],[121.3236,24.9614],[121.32282,24.9608]]}},{"type":"Feature","properties":{"id":"0000201006060H","name":""},"geometry":{"type":"LineString","coordinates":[[121.323,24.96071],[121.32365,24.96079],[121.32406,24.96054],[121.32475,24.95887]]}},{"type":"Feature","properties":{"id":"0000201006070H","name":""},"geometry":{"type":"LineString","coordinates":[[121.32674,24.96464],[121.32613,24.96378],[121.32435,24.96333],[121.32379,24.96262],[121.32371,24.96191],[121.32452,24.95992],[121.32475,24.95887]]}},{"type":"Feature","properties":{"id":"0000201007000F","name":""},"geometry":{"type":"LineString","coordinates":[[121.32375,24.94278],[121.32338,24.94096],[121.32273,24.93977],[121.32149,24.93855],[121.31887,24.93683]]}},{"type":"Feature","properties":{"id":"0000201007010F","name":""},"geometry":{"type":"LineString","coordinates":[[121.32375,24.94278],[121.3237,24.94139],[121.32392,24.94063],[121.32456,24.93976],[121.32538,24.93923],[121.32691,24.93895],[121.32958,24.93935],[121.33136,24.93925]]}},{"type":"Feature","properties":{"id":"0000201102000H","name":""},"geometry":{"type":"LineString","coordinates":[[121.21616,25.05213],[121.21394,25.05734],[121.21395,25.05767],[121.21419,25.05798],[121.21461,25.058],[121.21575,25.0572]]}},{"type":"Feature","properties":{"id":"0000201102010H","name":""},"geometry":{"type":"LineString","coordinates":[[121.21345,25.05892],[121.21364,25.05964],[121.21439,25.05955],[121.21452,25.05916],[121.21436,25.05885],[121.21369,25.05872]]}},{"type":"Feature","properties":{"id":"0000201102030H","name":""},"geometry":{"type":"LineString","coordinates":[[121.21452,25.05838],[121.21466,25.0593],[121.21414,25.05987]]}},{"type":"Feature","properties":{"id":"0000201102040H","name":""},"geometry":{"type":"LineString","coordinates":[[121.21414,25.05987],[121.21363,25.06077],[121.21409,25.06233]]}},{"type":"Feature","properties":{"id":"0000201103010H","name":""},"geometry":{"type":"LineString","coordinates":[[121.24187,25.03362],[121.24031,25.03473],[121.23972,25.03555],[121.2396,25.03655],[121.24034,25.0375]]}},{"type":"Feature","properties":{"id":"0000201103020H","name":""},"geometry":{"type":"LineString","coordinates":[[121.24187,25.03362],[121.24071,25.03433],[121.23993,25.03452],[121.23707,25.03432],[121.23544,25.03375],[121.23399,25.03223]]}},{"type":"Feature","properties":{"id":"0000201103030H","name":""},"geometry":{"type":"LineString","coordinates":[[121.24007,25.03771],[121.23756,25.03579],[121.23615,25.03569]]}},{"type":"Feature","properties":{"id":"0000201103040H","name":""},"geometry":{"type":"LineString","coordinates":[[121.23811,25.03545],[121.23894,25.03594],[121.23935,25.03587],[121.23958,25.03556],[121.23943,25.03513],[121.23899,25.03499],[121.23615,25.03569]]}},{"type":"Feature","properties":{"id":"0000201104010H","name":""},"geometry":{"type":"LineString","coordinates":[[121.2774,25.0151],[121.27646,25.01712],[121.27636,25.01812],[121.27784,25.02132]]}},{"type":"Feature","properties":{"id":"0000201104060H","name":""},"geometry":{"type":"LineString","coordinates":[[121.27567,25.02109],[121.27439,25.02069],[121.27345,25.02068],[121.2724,25.02108],[121.27165,25.02186]]}},{"type":"Feature","properties":{"id":"0000201105010H","name":""},"geometry":{"type":"LineString","coordinates":[[121.28344,24.99666],[121.284,24.99875],[121.28454,24.99947]]}},{"type":"Feature","properties":{"id":"0000201105020H","name":""},"geometry":{"type":"LineString","coordinates":[[121.28344,24.99666],[121.28367,24.99759],[121.28369,25.00045],[121.28393,25.00084],[121.28433,25.00097],[121.28475,25.00079],[121.28489,25.00048],[121.28433,24.99959]]}},{"type":"Feature","properties":{"id":"0000201105030H","name":""},"geometry":{"type":"LineString","coordinates":[[121.28648,25.00191],[121.28566,25.00137],[121.28386,25.00176]]}},{"type":"Feature","properties":{"id":"0000201105040H","name":""},"geometry":{"type":"LineString","coordinates":[[121.28319,24.99858],[121.28461,24.99968],[121.28524,25.00047],[121.28515,25.00114],[121.28386,25.00176]]}},{"type":"Feature","properties":{"id":"0000201106010H","name":""},"geometry":{"type":"LineString","coordinates":[[121.32518,24.95884],[121.32488,24.96131],[121.32596,24.96269]]}},{"type":"Feature","properties":{"id":"0000201106020H","name":""},"geometry":{"type":"LineString","coordinates":[[121.32518,24.95884],[121.32431,24.9627],[121.32443,24.96314],[121.3248,24.96338],[121.32519,24.96332],[121.32545,24.96292],[121.32541,24.96248],[121.32501,24.96196]]}},{"type":"Feature","properties":{"id":"0000201106050H","name":""},"geometry":{"type":"LineString","coordinates":[[121.32674,24.96464],[121.32609,24.96387],[121.32548,24.96366],[121.32415,24.96389],[121.32338,24.96461]]}},{"type":"Feature","properties":{"id":"0000201106060H","name":""},"geometry":{"type":"LineString","coordinates":[[121.32588,24.96275],[121.32529,24.96339],[121.32394,24.96393],[121.32338,24.96461]]}},{"type":"Feature","properties":{"id":"0000201107000F","name":""},"geometry":{"type":"LineString","coordinates":[[121.33134,24.93944],[121.32811,24.93997],[121.32671,24.94046],[121.32526,24.94143],[121.32435,24.94263]]}},{"type":"Feature","properties":{"id":"0000210000000H","name":"國道2甲(圳頭到大園)"},"geometry":{"type":"LineString","coordinates":[[121.20097,25.07273],[121.20152,25.07145],[121.20197,25.07089],[121.20447,25.06954]]}},{"type":"Feature","properties":{"id":"0000210000062H","name":"國道2甲(圳頭到大園)"},"geometry":{"type":"LineString","coordinates":[[121.20447,25.06954],[121.20671,25.06794],[121.20906,25.06526]]}},{"type":"Feature","properties":{"id":"0000210100000H","name":"國道2甲(大園到圳頭)"},"geometry":{"type":"LineString","coordinates":[[121.20467,25.06981],[121.20214,25.07119],[121.20152,25.07188],[121.20111,25.07283]]}},{"type":"Feature","properties":{"id":"0000210100061H","name":"國道2甲(大園到圳頭)"},"geometry":{"type":"LineString","coordinates":[[121.2098,25.06464],[121.20718,25.06765],[121.20467,25.06981]]}},{"type":"Feature","properties":{"id":"0000211001000H","name":""},"geometry":{"type":"LineString","coordinates":[[121.20051,25.07353],[121.20097,25.07273]]}},{"type":"Feature","properties":{"id":"0000211001010H","name":""},"geometry":{"type":"LineString","coordinates":[[121.19966,25.07297],[121.20042,25.07326],[121.20097,25.07273]]}},{"type":"Feature","properties":{"id":"0000211002000H","name":""},"geometry":{"type":"LineString","coordinates":[[121.20906,25.06526],[121.21087,25.06308],[121.21205,25.06124],[121.21334,25.05736],[121.216,25.05207]]}},{"type":"Feature","properties":{"id":"0000211002010H","name":""},"geometry":{"type":"LineString","coordinates":[[121.20906,25.06526],[121.21109,25.06231],[121.21192,25.06186],[121.21271,25.06175],[121.21413,25.06223],[121.21757,25.06564]]}},{"type":"Feature","properties":{"id":"0000211101010H","name":""},"geometry":{"type":"LineString","coordinates":[[121.20111,25.07283],[121.20092,25.07365],[121.20148,25.07416]]}},{"type":"Feature","properties":{"id":"0000211102000H","name":""},"geometry":{"type":"LineString","coordinates":[[121.21749,25.06577],[121.21496,25.064],[121.21349,25.06243],[121.21285,25.06216],[121.21223,25.06224],[121.21183,25.0625],[121.2098,25.06464]]}},{"type":"Feature","properties":{"id":"0000211102010H","name":""},"geometry":{"type":"LineString","coordinates":[[121.21616,25.05213],[121.21333,25.06012],[121.21237,25.06164],[121.2098,25.06464]]}},{"type":"Feature","properties":{"id":"0000300000000C","name":"國道3號(基金到瑪東系統)"},"geometry":{"type":"LineString","coordinates":[[121.71532,25.14015],[121.71229,25.1384],[121.70971,25.13737]]}},{"type":"Feature","properties":{"id":"0000300000070C","name":"國道3號(基金到瑪東系統)"},"geometry":{"type":"LineString","coordinates":[[121.70971,25.13737],[121.70827,25.1369]]}},{"type":"Feature","properties":{"id":"0000300000080C","name":"國道3號(基金到瑪東系統)"},"geometry":{"type":"LineString","coordinates":[[121.70827,25.1369],[121.706,25.13621]]}},{"type":"Feature","properties":{"id":"0000300000100C","name":"國道3號(基金到瑪東系統)"},"geometry":{"type":"LineString","coordinates":[[121.706,25.13621],[121.70385,25.13536],[121.70167,25.13396],[121.70025,25.13272],[121.69872,25.13074]]}},{"type":"Feature","properties":{"id":"0000300000200C","name":"國道3號(基金到瑪東系統)"},"geometry":{"type":"LineString","coordinates":[[121.69872,25.13074],[121.69796,25.12911]]}},{"type":"Feature","properties":{"id":"0000300000220C","name":"國道3號(瑪東系統到汐止系統)"},"geometry":{"type":"LineString","coordinates":[[121.69796,25.12911],[121.69751,25.12733],[121.69694,25.12333],[121.69642,25.12169]]}},{"type":"Feature","properties":{"id":"0000300000300C","name":"國道3號(瑪東系統到汐止系統)"},"geometry":{"type":"LineString","coordinates":[[121.69642,25.12169],[121.69509,25.11939]]}},{"type":"Feature","properties":{"id":"0000300000350C","name":"國道3號(瑪東系統到汐止系統)"},"geometry":{"type":"LineString","coordinates":[[121.69509,25.11939],[121.69296,25.11723],[121.68977,25.11516]]}},{"type":"Feature","properties":{"id":"0000300000400C","name":"國道3號(瑪東系統到汐止系統)"},"geometry":{"type":"LineString","coordinates":[[121.68977,25.11516],[121.68794,25.11369],[121.6864,25.11199],[121.684,25.10789]]}},{"type":"Feature","properties":{"id":"0000300000520C","name":"國道3號(瑪東系統到汐止系統)"},"geometry":{"type":"LineString","coordinates":[[121.684,25.10789],[121.68218,25.10489],[121.68029,25.10268]]}},{"type":"Feature","properties":{"id":"0000300000570C","name":"國道3號(瑪東系統到汐止系統)"},"geometry":{"type":"LineString","coordinates":[[121.68029,25.10268],[121.67913,25.10152],[121.67795,25.10091]]}},{"type":"Feature","properties":{"id":"0000300000600C","name":"國道3號(瑪東系統到汐止系統)"},"geometry":{"type":"LineString","coordinates":[[121.67795,25.10091],[121.67606,25.10016]]}},{"type":"Feature","properties":{"id":"0000300000630C","name":"國道3號(瑪東系統到汐止系統)"},"geometry":{"type":"LineString","coordinates":[[121.67606,25.10016],[121.67073,25.09846],[121.66871,25.09752]]}},{"type":"Feature","properties":{"id":"0000300000700C","name":"國道3號(瑪東系統到汐止系統)"},"geometry":{"type":"LineString","coordinates":[[121.66871,25.09752],[121.66667,25.09619],[121.66349,25.09362],[121.66181,25.09273],[121.66028,25.09223]]}},{"type":"Feature","properties":{"id":"0000300000810C","name":"國道3號(瑪東系統到汐止系統)"},"geometry":{"type":"LineString","coordinates":[[121.66028,25.09223],[121.65831,25.09162]]}},{"type":"Feature","properties":{"id":"0000300000830F","name":"國道3號(瑪東系統到汐止系統)"},"geometry":{"type":"LineString","coordinates":[[121.65831,25.09162],[121.65404,25.09029]]}},{"type":"Feature","properties":{"id":"0000300000870F","name":"國道3號(瑪東系統到汐止系統)"},"geometry":{"type":"LineString","coordinates":[[121.65404,25.09029],[121.65173,25.08849]]}},{"type":"Feature","properties":{"id":"0000300000900F","name":"國道3號(瑪東系統到汐止系統)"},"geometry":{"type":"LineString","coordinates":[[121.65173,25.08849],[121.65062,25.08713],[121.64988,25.08583],[121.64784,25.07977]]}},{"type":"Feature","properties":{"id":"0000300001010F","name":"國道3號(汐止系統到新台五路)"},"geometry":{"type":"LineString","coordinates":[[121.64784,25.07977],[121.64525,25.07148]]}},{"type":"Feature","properties":{"id":"0000300001100F","name":"國道3號(汐止系統到新台五路)"},"geometry":{"type":"LineString","coordinates":[[121.64525,25.07148],[121.64378,25.06695]]}},{"type":"Feature","properties":{"id":"0000300001160F","name":"國道3號(汐止系統到新台五路)"},"geometry":{"type":"LineString","coordinates":[[121.64378,25.06695],[121.64245,25.06277]]}},{"type":"Feature","properties":{"id":"0000300001200F","name":"國道3號(汐止系統到新台五路)"},"geometry":{"type":"LineString","coordinates":[[121.64245,25.06277],[121.64112,25.05943]]}},{"type":"Feature","properties":{"id":"0000300001240F","name":"國道3號(新台五路到南港)"},"geometry":{"type":"LineString","coordinates":[[121.64112,25.05943],[121.63937,25.05709],[121.63749,25.05554]]}},{"type":"Feature","properties":{"id":"0000300001300F","name":"國道3號(新台五路到南港)"},"geometry":{"type":"LineString","coordinates":[[121.63749,25.05554],[121.63546,25.05443],[121.63244,25.05325]]}},{"type":"Feature","properties":{"id":"0000300001360F","name":"國道3號(新台五路到南港)"},"geometry":{"type":"LineString","coordinates":[[121.63244,25.05325],[121.63004,25.05206],[121.62825,25.05068]]}},{"type":"Feature","properties":{"id":"0000300001410F","name":"國道3號(新台五路到南港)"},"geometry":{"type":"LineString","coordinates":[[121.62825,25.05068],[121.62716,25.04949],[121.62604,25.04778],[121.62522,25.04563],[121.62467,25.04304]]}},{"type":"Feature","properties":{"id":"0000300001500F","name":"國道3號(南港到南港系統)"},"geometry":{"type":"LineString","coordinates":[[121.62467,25.04304],[121.62421,25.04095],[121.62351,25.03933]]}},{"type":"Feature","properties":{"id":"0000300001550A","name":"國道3號(南港到南港系統)"},"geometry":{"type":"LineString","coordinates":[[121.62351,25.03933],[121.62215,25.03729],[121.62008,25.03543]]}},{"type":"Feature","properties":{"id":"0000300001590A","name":"國道3號(南港到南港系統)"},"geometry":{"type":"LineString","coordinates":[[121.62008,25.03543],[121.61963,25.03512]]}},{"type":"Feature","properties":{"id":"0000300001600A","name":"國道3號(南港到南港系統)"},"geometry":{"type":"LineString","coordinates":[[121.61963,25.03512],[121.61774,25.03397]]}},{"type":"Feature","properties":{"id":"0000300001630A","name":"國道3號(南深路到木柵)"},"geometry":{"type":"LineString","coordinates":[[121.61774,25.03397],[121.61125,25.03016]]}},{"type":"Feature","properties":{"id":"0000300001700A","name":"國道3號(南深路到木柵)"},"geometry":{"type":"LineString","coordinates":[[121.61125,25.03016],[121.60538,25.02667],[121.60307,25.02495]]}},{"type":"Feature","properties":{"id":"0000300001800A","name":"國道3號(南深路到木柵)"},"geometry":{"type":"LineString","coordinates":[[121.60307,25.02495],[121.60195,25.02386]]}},{"type":"Feature","properties":{"id":"0000300001820A","name":"國道3號(南深路到木柵)"},"geometry":{"type":"LineString","coordinates":[[121.60195,25.02386],[121.59983,25.02108],[121.59888,25.01911],[121.59818,25.01702]]}},{"type":"Feature","properties":{"id":"0000300001900A","name":"國道3號(南深路到木柵)"},"geometry":{"type":"LineString","coordinates":[[121.59818,25.01702],[121.59764,25.01481]]}},{"type":"Feature","properties":{"id":"0000300001930F","name":"國道3號(南深路到木柵)"},"geometry":{"type":"LineString","coordinates":[[121.59764,25.01481],[121.59743,25.01391]]}},{"type":"Feature","properties":{"id":"0000300001940A","name":"國道3號(南深路到木柵)"},"geometry":{"type":"LineString","coordinates":[[121.59743,25.01391],[121.59719,25.01273]]}},{"type":"Feature","properties":{"id":"0000300001950F","name":"國道3號(南深路到木柵)"},"geometry":{"type":"LineString","coordinates":[[121.59719,25.01273],[121.59636,25.00908]]}},{"type":"Feature","properties":{"id":"0000300001990F","name":"國道3號(南深路到木柵)"},"geometry":{"type":"LineString","coordinates":[[121.59636,25.00908],[121.59583,25.00672]]}},{"type":"Feature","properties":{"id":"0000300002020A","name":"國道3號(南深路到木柵)"},"geometry":{"type":"LineString","coordinates":[[121.59583,25.00672],[121.5954,25.00475]]}},{"type":"Feature","properties":{"id":"0000300002040A","name":"國道3號(木柵到木柵休息站)"},"geometry":{"type":"LineString","coordinates":[[121.5954,25.00475],[121.59414,24.99905]]}},{"type":"Feature","properties":{"id":"0000300002110A","name":"國道3號(木柵到木柵休息站)"},"geometry":{"type":"LineString","coordinates":[[121.59414,24.99905],[121.59267,24.99232]]}},{"type":"Feature","properties":{"id":"0000300002190A","name":"國道3號(木柵到木柵休息站)"},"geometry":{"type":"LineString","coordinates":[[121.59267,24.99232],[121.59219,24.99064]]}},{"type":"Feature","properties":{"id":"0000300002200A","name":"國道3號(木柵到木柵休息站)"},"geometry":{"type":"LineString","coordinates":[[121.59219,24.99064],[121.5907,24.98682],[121.58965,24.98499],[121.5878,24.98271]]}},{"type":"Feature","properties":{"id":"0000300002300A","name":"國道3號(木柵到木柵休息站)"},"geometry":{"type":"LineString","coordinates":[[121.5878,24.98271],[121.58495,24.98015],[121.58296,24.97894]]}},{"type":"Feature","properties":{"id":"0000300002370A","name":"國道3號(木柵到木柵休息站)"},"geometry":{"type":"LineString","coordinates":[[121.58296,24.97894],[121.58108,24.97804]]}},{"type":"Feature","properties":{"id":"0000300002390A","name":"國道3號(木柵到木柵休息站)"},"geometry":{"type":"LineString","coordinates":[[121.58108,24.97804],[121.57992,24.97758]]}},{"type":"Feature","properties":{"id":"0000300002400A","name":"國道3號(木柵到木柵休息站)"},"geometry":{"type":"LineString","coordinates":[[121.57992,24.97758],[121.57795,24.97697],[121.5759,24.97662]]}},{"type":"Feature","properties":{"id":"0000300002450A","name":"國道3號(木柵到木柵休息站)"},"geometry":{"type":"LineString","coordinates":[[121.5759,24.97662],[121.57305,24.9764],[121.57042,24.97654]]}},{"type":"Feature","properties":{"id":"0000300002500A","name":"國道3號(木柵休息站到新店)"},"geometry":{"type":"LineString","coordinates":[[121.57042,24.97654],[121.56455,24.97752],[121.56276,24.9775],[121.56052,24.9771]]}},{"type":"Feature","properties":{"id":"0000300002600A","name":"國道3號(木柵休息站到新店)"},"geometry":{"type":"LineString","coordinates":[[121.56052,24.9771],[121.55829,24.97632],[121.55568,24.97491]]}},{"type":"Feature","properties":{"id":"0000300002650F","name":"國道3號(木柵休息站到新店)"},"geometry":{"type":"LineString","coordinates":[[121.55568,24.97491],[121.55552,24.97481]]}},{"type":"Feature","properties":{"id":"0000300002660F","name":"國道3號(新店到安坑)"},"geometry":{"type":"LineString","coordinates":[[121.55552,24.97481],[121.55231,24.97211]]}},{"type":"Feature","properties":{"id":"0000300002700F","name":"國道3號(新店到安坑)"},"geometry":{"type":"LineString","coordinates":[[121.55231,24.97211],[121.55128,24.971]]}},{"type":"Feature","properties":{"id":"0000300002720F","name":"國道3號(新店到安坑)"},"geometry":{"type":"LineString","coordinates":[[121.55128,24.971],[121.54648,24.9649]]}},{"type":"Feature","properties":{"id":"0000300002800F","name":"國道3號(新店到安坑)"},"geometry":{"type":"LineString","coordinates":[[121.54648,24.9649],[121.54449,24.96236]]}},{"type":"Feature","properties":{"id":"0000300002840F","name":"國道3號(新店到安坑)"},"geometry":{"type":"LineString","coordinates":[[121.54449,24.96236],[121.54354,24.96125]]}},{"type":"Feature","properties":{"id":"0000300002860F","name":"國道3號(新店到安坑)"},"geometry":{"type":"LineString","coordinates":[[121.54354,24.96125],[121.54145,24.95971],[121.53932,24.95878]]}},{"type":"Feature","properties":{"id":"0000300002910F","name":"國道3號(新店到安坑)"},"geometry":{"type":"LineString","coordinates":[[121.53932,24.95878],[121.53682,24.95865],[121.53461,24.9592],[121.53272,24.96031],[121.53118,24.96188]]}},{"type":"Feature","properties":{"id":"0000300003000F","name":"國道3號(新店到安坑)"},"geometry":{"type":"LineString","coordinates":[[121.53118,24.96188],[121.52841,24.96512]]}},{"type":"Feature","properties":{"id":"0000300003050F","name":"國道3號(新店到安坑)"},"geometry":{"type":"LineString","coordinates":[[121.52841,24.96512],[121.52511,24.96896]]}},{"type":"Feature","properties":{"id":"0000300003100F","name":"國道3號(安坑到中和)"},"geometry":{"type":"LineString","coordinates":[[121.52511,24.96896],[121.5209,24.97393]]}},{"type":"Feature","properties":{"id":"0000300003170F","name":"國道3號(安坑到中和)"},"geometry":{"type":"LineString","coordinates":[[121.5209,24.97393],[121.51878,24.97589]]}},{"type":"Feature","properties":{"id":"0000300003200F","name":"國道3號(安坑到中和)"},"geometry":{"type":"LineString","coordinates":[[121.51878,24.97589],[121.51597,24.97746],[121.51337,24.97808]]}},{"type":"Feature","properties":{"id":"0000300003260F","name":"國道3號(安坑到中和)"},"geometry":{"type":"LineString","coordinates":[[121.51337,24.97808],[121.50884,24.97807]]}},{"type":"Feature","properties":{"id":"0000300003310F","name":"國道3號(安坑到中和)"},"geometry":{"type":"LineString","coordinates":[[121.50884,24.97807],[121.50627,24.97816],[121.50412,24.97848],[121.50178,24.97909],[121.49985,24.97983]]}},{"type":"Feature","properties":{"id":"0000300003400F","name":"國道3號(安坑到中和)"},"geometry":{"type":"LineString","coordinates":[[121.49985,24.97983],[121.4981,24.98072]]}},{"type":"Feature","properties":{"id":"0000300003430F","name":"國道3號(安坑到中和)"},"geometry":{"type":"LineString","coordinates":[[121.4981,24.98072],[121.49189,24.9859]]}},{"type":"Feature","properties":{"id":"0000300003510F","name":"國道3號(安坑到中和)"},"geometry":{"type":"LineString","coordinates":[[121.49189,24.9859],[121.48935,24.98786]]}},{"type":"Feature","properties":{"id":"0000300003540F","name":"國道3號(中和到土城)"},"geometry":{"type":"LineString","coordinates":[[121.48935,24.98786],[121.48643,24.98907],[121.48358,24.98939]]}},{"type":"Feature","properties":{"id":"0000300003600F","name":"國道3號(中和到土城)"},"geometry":{"type":"LineString","coordinates":[[121.48358,24.98939],[121.48174,24.98921],[121.4798,24.98866],[121.47745,24.98735]]}},{"type":"Feature","properties":{"id":"0000300003670F","name":"國道3號(中和到土城)"},"geometry":{"type":"LineString","coordinates":[[121.47745,24.98735],[121.47492,24.98542]]}},{"type":"Feature","properties":{"id":"0000300003700F","name":"國道3號(中和到土城)"},"geometry":{"type":"LineString","coordinates":[[121.47492,24.98542],[121.46757,24.97941]]}},{"type":"Feature","properties":{"id":"0000300003800F","name":"國道3號(中和到土城)"},"geometry":{"type":"LineString","coordinates":[[121.46757,24.97941],[121.46542,24.97769],[121.46349,24.97651],[121.46129,24.97568],[121.45906,24.97527]]}},{"type":"Feature","properties":{"id":"0000300003900F","name":"國道3號(中和到土城)"},"geometry":{"type":"LineString","coordinates":[[121.45906,24.97527],[121.45265,24.9753],[121.45035,24.97496],[121.44925,24.97459]]}},{"type":"Feature","properties":{"id":"0000300004000F","name":"國道3號(中和到土城)"},"geometry":{"type":"LineString","coordinates":[[121.44925,24.97459],[121.44765,24.97383],[121.446,24.9726],[121.4447,24.97114],[121.44276,24.96804]]}},{"type":"Feature","properties":{"id":"0000300004100F","name":"國道3號(中和到土城)"},"geometry":{"type":"LineString","coordinates":[[121.44276,24.96804],[121.44172,24.96645],[121.44046,24.96497],[121.43901,24.96366],[121.43755,24.96268]]}},{"type":"Feature","properties":{"id":"0000300004180F","name":"國道3號(中和到土城)"},"geometry":{"type":"LineString","coordinates":[[121.43755,24.96268],[121.43583,24.96163]]}},{"type":"Feature","properties":{"id":"0000300004200F","name":"國道3號(中和到土城)"},"geometry":{"type":"LineString","coordinates":[[121.43583,24.96163],[121.43224,24.96032],[121.42817,24.9597]]}},{"type":"Feature","properties":{"id":"0000300004290F","name":"國道3號(土城到樹林)"},"geometry":{"type":"LineString","coordinates":[[121.42817,24.9597],[121.42635,24.95939]]}},{"type":"Feature","properties":{"id":"0000300004300F","name":"國道3號(土城到樹林)"},"geometry":{"type":"LineString","coordinates":[[121.42635,24.95939],[121.42436,24.95888],[121.42234,24.95799],[121.4202,24.95644],[121.41841,24.95445]]}},{"type":"Feature","properties":{"id":"0000300004400F","name":"國道3號(土城到樹林)"},"geometry":{"type":"LineString","coordinates":[[121.41841,24.95445],[121.41659,24.95254],[121.41498,24.95145],[121.41281,24.95058],[121.4101,24.95018]]}},{"type":"Feature","properties":{"id":"0000300004500F","name":"國道3號(土城到樹林)"},"geometry":{"type":"LineString","coordinates":[[121.4101,24.95018],[121.40385,24.9506]]}},{"type":"Feature","properties":{"id":"0000300004570F","name":"國道3號(土城到樹林)"},"geometry":{"type":"LineString","coordinates":[[121.40385,24.9506],[121.40019,24.95093]]}},{"type":"Feature","properties":{"id":"0000300004600F","name":"國道3號(樹林到三鶯)"},"geometry":{"type":"LineString","coordinates":[[121.40019,24.95093],[121.39027,24.9518]]}},{"type":"Feature","properties":{"id":"0000300004730F","name":"國道3號(樹林到三鶯)"},"geometry":{"type":"LineString","coordinates":[[121.39027,24.9518],[121.38498,24.95191],[121.3803,24.95137]]}},{"type":"Feature","properties":{"id":"0000300004800F","name":"國道3號(樹林到三鶯)"},"geometry":{"type":"LineString","coordinates":[[121.3803,24.95137],[121.37602,24.95025],[121.37109,24.9481]]}},{"type":"Feature","properties":{"id":"0000300004900F","name":"國道3號(樹林到三鶯)"},"geometry":{"type":"LineString","coordinates":[[121.37109,24.9481],[121.36738,24.94572],[121.36354,24.94232]]}},{"type":"Feature","properties":{"id":"0000300005000F","name":"國道3號(樹林到三鶯)"},"geometry":{"type":"LineString","coordinates":[[121.36354,24.94232],[121.36263,24.94142]]}},{"type":"Feature","properties":{"id":"0000300005020F","name":"國道3號(樹林到三鶯)"},"geometry":{"type":"LineString","coordinates":[[121.36263,24.94142],[121.35945,24.9385]]}},{"type":"Feature","properties":{"id":"0000300005060F","name":"國道3號(樹林到三鶯)"},"geometry":{"type":"LineString","coordinates":[[121.35945,24.9385],[121.35634,24.93642]]}},{"type":"Feature","properties":{"id":"0000300005100F","name":"國道3號(三鶯到鶯歌系統)"},"geometry":{"type":"LineString","coordinates":[[121.35634,24.93642],[121.35362,24.93539],[121.35161,24.93495],[121.349,24.93478],[121.34662,24.93498]]}},{"type":"Feature","properties":{"id":"0000300005200F","name":"國道3號(三鶯到鶯歌系統)"},"geometry":{"type":"LineString","coordinates":[[121.34662,24.93498],[121.34327,24.93572],[121.33727,24.93779]]}},{"type":"Feature","properties":{"id":"0000300005300F","name":"國道3號(三鶯到鶯歌系統)"},"geometry":{"type":"LineString","coordinates":[[121.33727,24.93779],[121.33407,24.93883],[121.33134,24.93944]]}},{"type":"Feature","properties":{"id":"0000300005370F","name":"國道3號(三鶯到鶯歌系統)"},"geometry":{"type":"LineString","coordinates":[[121.33134,24.93944],[121.32758,24.93965]]}},{"type":"Feature","properties":{"id":"0000300005400F","name":"國道3號(鶯歌系統到大溪)"},"geometry":{"type":"LineString","coordinates":[[121.32758,24.93965],[121.3255,24.93944],[121.32311,24.93886],[121.32089,24.93797],[121.31887,24.93683]]}},{"type":"Feature","properties":{"id":"0000300005500F","name":"國道3號(鶯歌系統到大溪)"},"geometry":{"type":"LineString","coordinates":[[121.31887,24.93683],[121.31753,24.93583]]}},{"type":"Feature","properties":{"id":"0000300005520H","name":"國道3號(鶯歌系統到大溪)"},"geometry":{"type":"LineString","coordinates":[[121.31753,24.93583],[121.31514,24.93347],[121.31188,24.92974]]}},{"type":"Feature","properties":{"id":"0000300005600H","name":"國道3號(鶯歌系統到大溪)"},"geometry":{"type":"LineString","coordinates":[[121.31188,24.92974],[121.30852,24.92684],[121.30401,24.92442]]}},{"type":"Feature","properties":{"id":"0000300005700H","name":"國道3號(鶯歌系統到大溪)"},"geometry":{"type":"LineString","coordinates":[[121.30401,24.92442],[121.30123,24.92304],[121.29927,24.92177],[121.2979,24.92057],[121.29641,24.91885]]}},{"type":"Feature","properties":{"id":"0000300005800H","name":"國道3號(鶯歌系統到大溪)"},"geometry":{"type":"LineString","coordinates":[[121.29641,24.91885],[121.29317,24.91308],[121.2915,24.91107]]}},{"type":"Feature","properties":{"id":"0000300005900H","name":"國道3號(鶯歌系統到大溪)"},"geometry":{"type":"LineString","coordinates":[[121.2915,24.91107],[121.28988,24.90978],[121.28788,24.90876]]}},{"type":"Feature","properties":{"id":"0000300005950H","name":"國道3號(鶯歌系統到大溪)"},"geometry":{"type":"LineString","coordinates":[[121.28788,24.90876],[121.28533,24.90802],[121.28285,24.90759]]}},{"type":"Feature","properties":{"id":"0000300006000H","name":"國道3號(鶯歌系統到大溪)"},"geometry":{"type":"LineString","coordinates":[[121.28285,24.90759],[121.28034,24.90715]]}},{"type":"Feature","properties":{"id":"0000300006030H","name":"國道3號(鶯歌系統到大溪)"},"geometry":{"type":"LineString","coordinates":[[121.28034,24.90715],[121.27716,24.90616]]}},{"type":"Feature","properties":{"id":"0000300006060H","name":"國道3號(鶯歌系統到大溪)"},"geometry":{"type":"LineString","coordinates":[[121.27716,24.90616],[121.27361,24.90409]]}},{"type":"Feature","properties":{"id":"0000300006100H","name":"國道3號(鶯歌系統到大溪)"},"geometry":{"type":"LineString","coordinates":[[121.27361,24.90409],[121.27008,24.90107]]}},{"type":"Feature","properties":{"id":"0000300006200H","name":"國道3號(鶯歌系統到大溪)"},"geometry":{"type":"LineString","coordinates":[[121.26714,24.89736],[121.26623,24.89581]]}},{"type":"Feature","properties":{"id":"0000300006220H","name":"國道3號(大溪到龍潭)"},"geometry":{"type":"LineString","coordinates":[[121.26623,24.89581],[121.2642,24.89158]]}},{"type":"Feature","properties":{"id":"0000300006280H","name":"國道3號(大溪到龍潭)"},"geometry":{"type":"LineString","coordinates":[[121.2642,24.89158],[121.26309,24.88917]]}},{"type":"Feature","properties":{"id":"0000300006300H","name":"國道3號(大溪到龍潭)"},"geometry":{"type":"LineString","coordinates":[[121.26309,24.88917],[121.2621,24.88741]]}},{"type":"Feature","properties":{"id":"0000300006330H","name":"國道3號(大溪到龍潭)"},"geometry":{"type":"LineString","coordinates":[[121.2621,24.88741],[121.25985,24.88451],[121.25706,24.88213]]}},{"type":"Feature","properties":{"id":"0000300006400H","name":"國道3號(大溪到龍潭)"},"geometry":{"type":"LineString","coordinates":[[121.25706,24.88213],[121.25375,24.88022],[121.24839,24.8778]]}},{"type":"Feature","properties":{"id":"0000300006500H","name":"國道3號(大溪到龍潭)"},"geometry":{"type":"LineString","coordinates":[[121.24839,24.8778],[121.24495,24.87558],[121.24112,24.87177]]}},{"type":"Feature","properties":{"id":"0000300006600H","name":"國道3號(大溪到龍潭)"},"geometry":{"type":"LineString","coordinates":[[121.24112,24.87177],[121.23782,24.86835],[121.23616,24.86694],[121.23406,24.86551]]}},{"type":"Feature","properties":{"id":"0000300006700H","name":"國道3號(大溪到龍潭)"},"geometry":{"type":"LineString","coordinates":[[121.23406,24.86551],[121.23165,24.86428],[121.22824,24.86307]]}},{"type":"Feature","properties":{"id":"0000300006770H","name":"國道3號(大溪到龍潭)"},"geometry":{"type":"LineString","coordinates":[[121.22824,24.86307],[121.22493,24.8622]]}},{"type":"Feature","properties":{"id":"0000300006800H","name":"國道3號(龍潭到高原)"},"geometry":{"type":"LineString","coordinates":[[121.22493,24.8622],[121.21788,24.86046]]}},{"type":"Feature","properties":{"id":"0000300006880H","name":"國道3號(龍潭到高原)"},"geometry":{"type":"LineString","coordinates":[[121.21788,24.86046],[121.2154,24.85968]]}},{"type":"Feature","properties":{"id":"0000300006900H","name":"國道3號(龍潭到高原)"},"geometry":{"type":"LineString","coordinates":[[121.2154,24.85968],[121.21052,24.85768],[121.20668,24.85542]]}},{"type":"Feature","properties":{"id":"0000300007000H","name":"國道3號(龍潭到高原)"},"geometry":{"type":"LineString","coordinates":[[121.20668,24.85542],[121.20453,24.85368],[121.20313,24.85221],[121.202,24.85075],[121.20065,24.84843]]}},{"type":"Feature","properties":{"id":"0000300007100H","name":"國道3號(龍潭到高原)"},"geometry":{"type":"LineString","coordinates":[[121.20065,24.84843],[121.19985,24.8465],[121.19924,24.84427]]}},{"type":"Feature","properties":{"id":"0000300007148H","name":"國道3號(龍潭到高原)"},"geometry":{"type":"LineString","coordinates":[[121.19924,24.84427],[121.19898,24.84215],[121.19896,24.83975]]}},{"type":"Feature","properties":{"id":"0000300007200H","name":"國道3號(高原到關西服務區)"},"geometry":{"type":"LineString","coordinates":[[121.19896,24.83975],[121.19949,24.83075]]}},{"type":"Feature","properties":{"id":"0000300007300H","name":"國道3號(高原到關西服務區)"},"geometry":{"type":"LineString","coordinates":[[121.19949,24.83075],[121.19977,24.82529]]}},{"type":"Feature","properties":{"id":"0000300007361H","name":"國道3號(高原到關西服務區)"},"geometry":{"type":"LineString","coordinates":[[121.19977,24.82529],[121.19997,24.82177]]}},{"type":"Feature","properties":{"id":"0000300007400H","name":"國道3號(高原到關西服務區)"},"geometry":{"type":"LineString","coordinates":[[121.19997,24.82177],[121.20023,24.81694]]}},{"type":"Feature","properties":{"id":"0000300007460J","name":"國道3號(高原到關西服務區)"},"geometry":{"type":"LineString","coordinates":[[121.20023,24.81694],[121.2004,24.81278]]}},{"type":"Feature","properties":{"id":"0000300007500J","name":"國道3號(高原到關西服務區)"},"geometry":{"type":"LineString","coordinates":[[121.2004,24.81278],[121.20024,24.80948],[121.19969,24.80692]]}},{"type":"Feature","properties":{"id":"0000300007570J","name":"國道3號(高原到關西服務區)"},"geometry":{"type":"LineString","coordinates":[[121.19969,24.80692],[121.19839,24.80404]]}},{"type":"Feature","properties":{"id":"0000300007600J","name":"國道3號(關西服務區到關西)"},"geometry":{"type":"LineString","coordinates":[[121.19839,24.80404],[121.19707,24.80218],[121.19523,24.80035],[121.19305,24.79882],[121.19074,24.79772]]}},{"type":"Feature","properties":{"id":"0000300007710J","name":"國道3號(關西服務區到關西)"},"geometry":{"type":"LineString","coordinates":[[121.19074,24.79772],[121.18877,24.7971]]}},{"type":"Feature","properties":{"id":"0000300007730J","name":"國道3號(關西服務區到關西)"},"geometry":{"type":"LineString","coordinates":[[121.18877,24.7971],[121.18602,24.79663],[121.18191,24.79678]]}},{"type":"Feature","properties":{"id":"0000300007800J","name":"國道3號(關西服務區到關西)"},"geometry":{"type":"LineString","coordinates":[[121.18191,24.79678],[121.1786,24.7976],[121.17627,24.79873]]}},{"type":"Feature","properties":{"id":"0000300007860J","name":"國道3號(關西服務區到關西)"},"geometry":{"type":"LineString","coordinates":[[121.17627,24.79873],[121.17294,24.80069]]}},{"type":"Feature","properties":{"id":"0000300007900J","name":"國道3號(關西服務區到關西)"},"geometry":{"type":"LineString","coordinates":[[121.17294,24.80069],[121.17196,24.80133]]}},{"type":"Feature","properties":{"id":"0000300007920J","name":"國道3號(關西到竹林)"},"geometry":{"type":"LineString","coordinates":[[121.17196,24.80133],[121.16813,24.80356],[121.16439,24.80526]]}},{"type":"Feature","properties":{"id":"0000300008000J","name":"國道3號(關西到竹林)"},"geometry":{"type":"LineString","coordinates":[[121.16439,24.80526],[121.1597,24.80664],[121.15472,24.80729]]}},{"type":"Feature","properties":{"id":"0000300008100J","name":"國道3號(關西到竹林)"},"geometry":{"type":"LineString","coordinates":[[121.15472,24.80729],[121.14944,24.80715],[121.14488,24.80631]]}},{"type":"Feature","properties":{"id":"0000300008200J","name":"國道3號(關西到竹林)"},"geometry":{"type":"LineString","coordinates":[[121.14488,24.80631],[121.14003,24.80463],[121.13598,24.80245]]}},{"type":"Feature","properties":{"id":"0000300008300J","name":"國道3號(關西到竹林)"},"geometry":{"type":"LineString","coordinates":[[121.13598,24.80245],[121.13255,24.79992],[121.12895,24.79619]]}},{"type":"Feature","properties":{"id":"0000300008400J","name":"國道3號(關西到竹林)"},"geometry":{"type":"LineString","coordinates":[[121.12895,24.79619],[121.12696,24.79333],[121.12434,24.78826]]}},{"type":"Feature","properties":{"id":"0000300008500J","name":"國道3號(關西到竹林)"},"geometry":{"type":"LineString","coordinates":[[121.12434,24.78826],[121.12305,24.78599],[121.1214,24.78392],[121.12013,24.78275],[121.11812,24.78142]]}},{"type":"Feature","properties":{"id":"0000300008600J","name":"國道3號(關西到竹林)"},"geometry":{"type":"LineString","coordinates":[[121.11812,24.78142],[121.11458,24.78],[121.11184,24.77951],[121.10867,24.77938]]}},{"type":"Feature","properties":{"id":"0000300008700J","name":"國道3號(關西到竹林)"},"geometry":{"type":"LineString","coordinates":[[121.10867,24.77938],[121.10203,24.77905],[121.09881,24.77851]]}},{"type":"Feature","properties":{"id":"0000300008800J","name":"國道3號(關西到竹林)"},"geometry":{"type":"LineString","coordinates":[[121.09881,24.77851],[121.09441,24.77719],[121.0898,24.77485]]}},{"type":"Feature","properties":{"id":"0000300008900J","name":"國道3號(關西到竹林)"},"geometry":{"type":"LineString","coordinates":[[121.0898,24.77485],[121.08697,24.77277],[121.08375,24.7697]]}},{"type":"Feature","properties":{"id":"0000300008990J","name":"國道3號(關西到竹林)"},"geometry":{"type":"LineString","coordinates":[[121.08375,24.7697],[121.08278,24.76855]]}},{"type":"Feature","properties":{"id":"0000300009000J","name":"國道3號(竹林到寶山休息站)"},"geometry":{"type":"LineString","coordinates":[[121.08278,24.76855],[121.07859,24.76386]]}},{"type":"Feature","properties":{"id":"0000300009070J","name":"國道3號(竹林到寶山休息站)"},"geometry":{"type":"LineString","coordinates":[[121.07859,24.76386],[121.07627,24.76177]]}},{"type":"Feature","properties":{"id":"0000300009100J","name":"國道3號(竹林到寶山休息站)"},"geometry":{"type":"LineString","coordinates":[[121.07627,24.76177],[121.07258,24.75937],[121.07086,24.75854],[121.06771,24.75742]]}},{"type":"Feature","properties":{"id":"0000300009200J","name":"國道3號(竹林到寶山休息站)"},"geometry":{"type":"LineString","coordinates":[[121.06771,24.75742],[121.06595,24.75706],[121.06272,24.75684],[121.06104,24.75689],[121.05802,24.75744]]}},{"type":"Feature","properties":{"id":"0000300009300J","name":"國道3號(竹林到寶山休息站)"},"geometry":{"type":"LineString","coordinates":[[121.05802,24.75744],[121.05652,24.75789],[121.05382,24.75907],[121.0494,24.76168]]}},{"type":"Feature","properties":{"id":"0000300009400J","name":"國道3號(竹林到寶山休息站)"},"geometry":{"type":"LineString","coordinates":[[121.0494,24.76168],[121.04691,24.76282],[121.04467,24.7634],[121.042,24.76366],[121.0398,24.7635]]}},{"type":"Feature","properties":{"id":"0000300009500J","name":"國道3號(竹林到寶山休息站)"},"geometry":{"type":"LineString","coordinates":[[121.0398,24.7635],[121.03757,24.76303],[121.03529,24.76214],[121.03328,24.76091],[121.03119,24.75927]]}},{"type":"Feature","properties":{"id":"0000300009600J","name":"國道3號(寶山休息站到寶山)"},"geometry":{"type":"LineString","coordinates":[[121.03119,24.75927],[121.02898,24.75738],[121.02734,24.75632]]}},{"type":"Feature","properties":{"id":"0000300009660J","name":"國道3號(寶山休息站到寶山)"},"geometry":{"type":"LineString","coordinates":[[121.02734,24.75632],[121.0247,24.75514],[121.02228,24.75455]]}},{"type":"Feature","properties":{"id":"0000300009710J","name":"國道3號(寶山休息站到寶山)"},"geometry":{"type":"LineString","coordinates":[[121.02228,24.75455],[121.02021,24.75432],[121.01808,24.75439],[121.01618,24.75468],[121.01332,24.75549]]}},{"type":"Feature","properties":{"id":"0000300009800J","name":"國道3號(寶山休息站到寶山)"},"geometry":{"type":"LineString","coordinates":[[121.01332,24.75549],[121.01214,24.75588]]}},{"type":"Feature","properties":{"id":"0000300009820J","name":"國道3號(寶山到新竹系統)"},"geometry":{"type":"LineString","coordinates":[[121.01214,24.75588],[121.00738,24.75714],[121.00362,24.75721]]}},{"type":"Feature","properties":{"id":"0000300009900J","name":"國道3號(寶山到新竹系統)"},"geometry":{"type":"LineString","coordinates":[[121.00362,24.75721],[121.00061,24.75668]]}},{"type":"Feature","properties":{"id":"0000300009940J","name":"國道3號(寶山到新竹系統)"},"geometry":{"type":"LineString","coordinates":[[121.00061,24.75668],[120.99809,24.75608],[120.99502,24.75576]]}},{"type":"Feature","properties":{"id":"0000300009990J","name":"國道3號(寶山到新竹系統)"},"geometry":{"type":"LineString","coordinates":[[120.99502,24.75576],[120.99392,24.75581]]}},{"type":"Feature","properties":{"id":"0000300010000J","name":"國道3號(新竹系統到茄苳)"},"geometry":{"type":"LineString","coordinates":[[120.99392,24.75581],[120.99086,24.75639],[120.98661,24.75786],[120.98446,24.75834]]}},{"type":"Feature","properties":{"id":"0000300010100J","name":"國道3號(新竹系統到茄苳)"},"geometry":{"type":"LineString","coordinates":[[120.98446,24.75834],[120.98285,24.75847]]}},{"type":"Feature","properties":{"id":"0000300010120J","name":"國道3號(新竹系統到茄苳)"},"geometry":{"type":"LineString","coordinates":[[120.98285,24.75847],[120.98107,24.75839],[120.97635,24.75766],[120.97463,24.7577]]}},{"type":"Feature","properties":{"id":"0000300010200J","name":"國道3號(新竹系統到茄苳)"},"geometry":{"type":"LineString","coordinates":[[120.97463,24.7577],[120.96748,24.75898]]}},{"type":"Feature","properties":{"id":"0000300010280O","name":"國道3號(新竹系統到茄苳)"},"geometry":{"type":"LineString","coordinates":[[120.96748,24.75898],[120.96387,24.75904]]}},{"type":"Feature","properties":{"id":"0000300010310O","name":"國道3號(茄苳到香山)"},"geometry":{"type":"LineString","coordinates":[[120.96387,24.75904],[120.9599,24.75824],[120.95548,24.7563]]}},{"type":"Feature","properties":{"id":"0000300010400O","name":"國道3號(茄苳到香山)"},"geometry":{"type":"LineString","coordinates":[[120.95548,24.7563],[120.95348,24.75527]]}},{"type":"Feature","properties":{"id":"0000300010430O","name":"國道3號(茄苳到香山)"},"geometry":{"type":"LineString","coordinates":[[120.95348,24.75527],[120.94949,24.75371],[120.94639,24.75319]]}},{"type":"Feature","properties":{"id":"0000300010500O","name":"國道3號(茄苳到香山)"},"geometry":{"type":"LineString","coordinates":[[120.94639,24.75319],[120.93832,24.75325],[120.93649,24.7531]]}},{"type":"Feature","properties":{"id":"0000300010600O","name":"國道3號(茄苳到香山)"},"geometry":{"type":"LineString","coordinates":[[120.93649,24.7531],[120.93403,24.75255],[120.93148,24.75151],[120.92951,24.75029],[120.92787,24.7489]]}},{"type":"Feature","properties":{"id":"0000300010700O","name":"國道3號(茄苳到香山)"},"geometry":{"type":"LineString","coordinates":[[120.92787,24.7489],[120.92396,24.7442],[120.92169,24.74188]]}},{"type":"Feature","properties":{"id":"0000300010800O","name":"國道3號(茄苳到香山)"},"geometry":{"type":"LineString","coordinates":[[120.92169,24.74188],[120.91908,24.73993],[120.91633,24.73846]]}},{"type":"Feature","properties":{"id":"0000300010870O","name":"國道3號(茄苳到香山)"},"geometry":{"type":"LineString","coordinates":[[120.91633,24.73846],[120.91337,24.73713]]}},{"type":"Feature","properties":{"id":"0000300010900O","name":"國道3號(茄苳到香山)"},"geometry":{"type":"LineString","coordinates":[[120.91337,24.73713],[120.90968,24.73523]]}},{"type":"Feature","properties":{"id":"0000300010950K","name":"國道3號(香山到西濱)"},"geometry":{"type":"LineString","coordinates":[[120.90968,24.73523],[120.90727,24.73352],[120.90545,24.73181]]}},{"type":"Feature","properties":{"id":"0000300011000K","name":"國道3號(香山到西濱)"},"geometry":{"type":"LineString","coordinates":[[120.90545,24.73181],[120.90433,24.73053],[120.90264,24.72808]]}},{"type":"Feature","properties":{"id":"0000300011060K","name":"國道3號(香山到西濱)"},"geometry":{"type":"LineString","coordinates":[[120.90264,24.72808],[120.90045,24.72409]]}},{"type":"Feature","properties":{"id":"0000300011100K","name":"國道3號(香山到西濱)"},"geometry":{"type":"LineString","coordinates":[[120.90045,24.72409],[120.8981,24.72018],[120.89524,24.71646]]}},{"type":"Feature","properties":{"id":"0000300011200K","name":"國道3號(香山到西濱)"},"geometry":{"type":"LineString","coordinates":[[120.89524,24.71646],[120.89193,24.71322],[120.88798,24.71043]]}},{"type":"Feature","properties":{"id":"0000300011300K","name":"國道3號(香山到西濱)"},"geometry":{"type":"LineString","coordinates":[[120.88798,24.71043],[120.88446,24.7086],[120.87916,24.70642]]}},{"type":"Feature","properties":{"id":"0000300011400K","name":"國道3號(西濱到竹南)"},"geometry":{"type":"LineString","coordinates":[[120.87916,24.70642],[120.87047,24.70302]]}},{"type":"Feature","properties":{"id":"0000300011500K","name":"國道3號(西濱到竹南)"},"geometry":{"type":"LineString","coordinates":[[120.87047,24.70302],[120.86495,24.70081],[120.86119,24.69885]]}},{"type":"Feature","properties":{"id":"0000300011600K","name":"國道3號(西濱到竹南)"},"geometry":{"type":"LineString","coordinates":[[120.86119,24.69885],[120.85771,24.69631],[120.85401,24.69269]]}},{"type":"Feature","properties":{"id":"0000300011700K","name":"國道3號(西濱到竹南)"},"geometry":{"type":"LineString","coordinates":[[120.85401,24.69269],[120.85038,24.68834],[120.84853,24.68524]]}},{"type":"Feature","properties":{"id":"0000300011800K","name":"國道3號(西濱到竹南)"},"geometry":{"type":"LineString","coordinates":[[120.84853,24.68524],[120.84779,24.68332],[120.84716,24.68027]]}},{"type":"Feature","properties":{"id":"0000300011860K","name":"國道3號(西濱到竹南)"},"geometry":{"type":"LineString","coordinates":[[120.84716,24.68027],[120.84722,24.67646]]}},{"type":"Feature","properties":{"id":"0000300011900K","name":"國道3號(竹南到大山)"},"geometry":{"type":"LineString","coordinates":[[120.84722,24.67646],[120.84723,24.67181]]}},{"type":"Feature","properties":{"id":"0000300011960K","name":"國道3號(竹南到大山)"},"geometry":{"type":"LineString","coordinates":[[120.84723,24.67181],[120.84632,24.66752]]}},{"type":"Feature","properties":{"id":"0000300012000K","name":"國道3號(竹南到大山)"},"geometry":{"type":"LineString","coordinates":[[120.84632,24.66752],[120.84551,24.66536],[120.84442,24.66324],[120.84176,24.65959]]}},{"type":"Feature","properties":{"id":"0000300012100K","name":"國道3號(竹南到大山)"},"geometry":{"type":"LineString","coordinates":[[120.84176,24.65959],[120.83972,24.65743],[120.835,24.65303]]}},{"type":"Feature","properties":{"id":"0000300012200K","name":"國道3號(竹南到大山)"},"geometry":{"type":"LineString","coordinates":[[120.835,24.65303],[120.82806,24.64663]]}},{"type":"Feature","properties":{"id":"0000300012300K","name":"國道3號(竹南到大山)"},"geometry":{"type":"LineString","coordinates":[[120.82806,24.64663],[120.82093,24.64]]}},{"type":"Feature","properties":{"id":"0000300012410K","name":"國道3號(大山到後龍)"},"geometry":{"type":"LineString","coordinates":[[120.82093,24.64],[120.81788,24.63646],[120.81571,24.63274]]}},{"type":"Feature","properties":{"id":"0000300012500K","name":"國道3號(大山到後龍)"},"geometry":{"type":"LineString","coordinates":[[120.81571,24.63274],[120.81518,24.63156]]}},{"type":"Feature","properties":{"id":"0000300012520K","name":"國道3號(大山到後龍)"},"geometry":{"type":"LineString","coordinates":[[120.81518,24.63156],[120.81413,24.62803],[120.81339,24.62405]]}},{"type":"Feature","properties":{"id":"0000300012600K","name":"國道3號(大山到後龍)"},"geometry":{"type":"LineString","coordinates":[[120.81339,24.62405],[120.81281,24.62141],[120.81204,24.61924],[120.80997,24.61568]]}},{"type":"Feature","properties":{"id":"0000300012700K","name":"國道3號(大山到後龍)"},"geometry":{"type":"LineString","coordinates":[[120.80997,24.61568],[120.80838,24.61382],[120.80698,24.61254],[120.80473,24.61093],[120.80268,24.6098]]}},{"type":"Feature","properties":{"id":"0000300012800K","name":"國道3號(大山到後龍)"},"geometry":{"type":"LineString","coordinates":[[120.80268,24.6098],[120.79653,24.60699],[120.79395,24.60558]]}},{"type":"Feature","properties":{"id":"0000300012900K","name":"國道3號(大山到後龍)"},"geometry":{"type":"LineString","coordinates":[[120.79395,24.60558],[120.78983,24.6025]]}},{"type":"Feature","properties":{"id":"0000300012960K","name":"國道3號(大山到後龍)"},"geometry":{"type":"LineString","coordinates":[[120.78983,24.6025],[120.78693,24.59926]]}},{"type":"Feature","properties":{"id":"0000300013000K","name":"國道3號(後龍到西湖服務區)"},"geometry":{"type":"LineString","coordinates":[[120.78693,24.59926],[120.78395,24.59564],[120.78194,24.59367]]}},{"type":"Feature","properties":{"id":"0000300013090K","name":"國道3號(後龍到西湖服務區)"},"geometry":{"type":"LineString","coordinates":[[120.78194,24.59367],[120.7805,24.59248]]}},{"type":"Feature","properties":{"id":"0000300013100K","name":"國道3號(後龍到西湖服務區)"},"geometry":{"type":"LineString","coordinates":[[120.7805,24.59248],[120.77744,24.59045],[120.77224,24.58757]]}},{"type":"Feature","properties":{"id":"0000300013200K","name":"國道3號(後龍到西湖服務區)"},"geometry":{"type":"LineString","coordinates":[[120.77224,24.58757],[120.76836,24.58468],[120.7666,24.58291],[120.76532,24.58121]]}},{"type":"Feature","properties":{"id":"0000300013300K","name":"國道3號(後龍到西湖服務區)"},"geometry":{"type":"LineString","coordinates":[[120.76532,24.58121],[120.76416,24.57928],[120.76338,24.57755],[120.7621,24.57278]]}},{"type":"Feature","properties":{"id":"0000300013400K","name":"國道3號(後龍到西湖服務區)"},"geometry":{"type":"LineString","coordinates":[[120.7621,24.57278],[120.76154,24.57019]]}},{"type":"Feature","properties":{"id":"0000300013430K","name":"國道3號(西湖服務區到通霄)"},"geometry":{"type":"LineString","coordinates":[[120.76154,24.57019],[120.76082,24.5676],[120.75926,24.56417]]}},{"type":"Feature","properties":{"id":"0000300013500K","name":"國道3號(西湖服務區到通霄)"},"geometry":{"type":"LineString","coordinates":[[120.75926,24.56417],[120.75732,24.56125]]}},{"type":"Feature","properties":{"id":"0000300013540K","name":"國道3號(西湖服務區到通霄)"},"geometry":{"type":"LineString","coordinates":[[120.75732,24.56125],[120.75336,24.557]]}},{"type":"Feature","properties":{"id":"0000300013600K","name":"國道3號(西湖服務區到通霄)"},"geometry":{"type":"LineString","coordinates":[[120.75336,24.557],[120.74932,24.55293],[120.74699,24.55013]]}},{"type":"Feature","properties":{"id":"0000300013700K","name":"國道3號(西湖服務區到通霄)"},"geometry":{"type":"LineString","coordinates":[[120.74699,24.55013],[120.74477,24.54701],[120.74197,24.54238]]}},{"type":"Feature","properties":{"id":"0000300013800K","name":"國道3號(西湖服務區到通霄)"},"geometry":{"type":"LineString","coordinates":[[120.74197,24.54238],[120.7389,24.53755],[120.73671,24.53479]]}},{"type":"Feature","properties":{"id":"0000300013900K","name":"國道3號(西湖服務區到通霄)"},"geometry":{"type":"LineString","coordinates":[[120.73671,24.53479],[120.73475,24.53268],[120.72998,24.52821]]}},{"type":"Feature","properties":{"id":"0000300014000K","name":"國道3號(西湖服務區到通霄)"},"geometry":{"type":"LineString","coordinates":[[120.72998,24.52821],[120.72672,24.52472],[120.72421,24.52096]]}},{"type":"Feature","properties":{"id":"0000300014100K","name":"國道3號(西湖服務區到通霄)"},"geometry":{"type":"LineString","coordinates":[[120.72421,24.52096],[120.72168,24.51653],[120.71932,24.51315]]}},{"type":"Feature","properties":{"id":"0000300014200K","name":"國道3號(西湖服務區到通霄)"},"geometry":{"type":"LineString","coordinates":[[120.71932,24.51315],[120.71658,24.51026],[120.71243,24.50672]]}},{"type":"Feature","properties":{"id":"0000300014300K","name":"國道3號(西湖服務區到通霄)"},"geometry":{"type":"LineString","coordinates":[[120.71243,24.50672],[120.70897,24.50362]]}},{"type":"Feature","properties":{"id":"0000300014350K","name":"國道3號(西湖服務區到通霄)"},"geometry":{"type":"LineString","coordinates":[[120.70897,24.50362],[120.70757,24.50195],[120.70626,24.4998]]}},{"type":"Feature","properties":{"id":"0000300014400K","name":"國道3號(通霄到苑裡)"},"geometry":{"type":"LineString","coordinates":[[120.70626,24.4998],[120.70518,24.49709],[120.70365,24.49041]]}},{"type":"Feature","properties":{"id":"0000300014510K","name":"國道3號(通霄到苑裡)"},"geometry":{"type":"LineString","coordinates":[[120.70365,24.49041],[120.70306,24.48863],[120.70213,24.48666],[120.70093,24.48485],[120.69946,24.48316]]}},{"type":"Feature","properties":{"id":"0000300014600K","name":"國道3號(通霄到苑裡)"},"geometry":{"type":"LineString","coordinates":[[120.69946,24.48316],[120.69744,24.48136],[120.69176,24.47756]]}},{"type":"Feature","properties":{"id":"0000300014700K","name":"國道3號(通霄到苑裡)"},"geometry":{"type":"LineString","coordinates":[[120.69176,24.47756],[120.68742,24.47454],[120.68426,24.47172]]}},{"type":"Feature","properties":{"id":"0000300014800K","name":"國道3號(通霄到苑裡)"},"geometry":{"type":"LineString","coordinates":[[120.68426,24.47172],[120.68151,24.46806],[120.68033,24.4658],[120.67961,24.46388]]}},{"type":"Feature","properties":{"id":"0000300014900K","name":"國道3號(通霄到苑裡)"},"geometry":{"type":"LineString","coordinates":[[120.67961,24.46388],[120.67863,24.45975],[120.6783,24.45501]]}},{"type":"Feature","properties":{"id":"0000300015000K","name":"國道3號(通霄到苑裡)"},"geometry":{"type":"LineString","coordinates":[[120.6783,24.45501],[120.67862,24.4505],[120.67959,24.44614]]}},{"type":"Feature","properties":{"id":"0000300015100K","name":"國道3號(通霄到苑裡)"},"geometry":{"type":"LineString","coordinates":[[120.67959,24.44614],[120.68234,24.4375]]}},{"type":"Feature","properties":{"id":"0000300015200K","name":"國道3號(通霄到苑裡)"},"geometry":{"type":"LineString","coordinates":[[120.68234,24.4375],[120.68291,24.43491],[120.68315,24.43275],[120.6831,24.43024],[120.68284,24.42855]]}},{"type":"Feature","properties":{"id":"0000300015300K","name":"國道3號(通霄到苑裡)"},"geometry":{"type":"LineString","coordinates":[[120.68284,24.42855],[120.68159,24.42479],[120.67899,24.42032]]}},{"type":"Feature","properties":{"id":"0000300015400K","name":"國道3號(通霄到苑裡)"},"geometry":{"type":"LineString","coordinates":[[120.67899,24.42032],[120.67406,24.41253]]}},{"type":"Feature","properties":{"id":"0000300015500K","name":"國道3號(通霄到苑裡)"},"geometry":{"type":"LineString","coordinates":[[120.67406,24.41253],[120.67229,24.40869],[120.67084,24.40405]]}},{"type":"Feature","properties":{"id":"0000300015600K","name":"國道3號(通霄到苑裡)"},"geometry":{"type":"LineString","coordinates":[[120.67084,24.40405],[120.67061,24.40314]]}},{"type":"Feature","properties":{"id":"0000300015620K","name":"國道3號(苑裡到大甲)"},"geometry":{"type":"LineString","coordinates":[[120.67061,24.40314],[120.66887,24.3946]]}},{"type":"Feature","properties":{"id":"0000300015710B","name":"國道3號(苑裡到大甲)"},"geometry":{"type":"LineString","coordinates":[[120.66887,24.3946],[120.66815,24.39098]]}},{"type":"Feature","properties":{"id":"0000300015750B","name":"國道3號(苑裡到大甲)"},"geometry":{"type":"LineString","coordinates":[[120.66815,24.39098],[120.66724,24.38637]]}},{"type":"Feature","properties":{"id":"0000300015800B","name":"國道3號(苑裡到大甲)"},"geometry":{"type":"LineString","coordinates":[[120.66724,24.38637],[120.66541,24.37753]]}},{"type":"Feature","properties":{"id":"0000300015900B","name":"國道3號(苑裡到大甲)"},"geometry":{"type":"LineString","coordinates":[[120.66541,24.37753],[120.66376,24.36867]]}},{"type":"Feature","properties":{"id":"0000300016000B","name":"國道3號(苑裡到大甲)"},"geometry":{"type":"LineString","coordinates":[[120.66376,24.36867],[120.66196,24.35982]]}},{"type":"Feature","properties":{"id":"0000300016100B","name":"國道3號(苑裡到大甲)"},"geometry":{"type":"LineString","coordinates":[[120.66196,24.35982],[120.66096,24.35609],[120.65914,24.35121]]}},{"type":"Feature","properties":{"id":"0000300016200B","name":"國道3號(苑裡到大甲)"},"geometry":{"type":"LineString","coordinates":[[120.65914,24.35121],[120.65688,24.34687],[120.6542,24.34347]]}},{"type":"Feature","properties":{"id":"0000300016300B","name":"國道3號(苑裡到大甲)"},"geometry":{"type":"LineString","coordinates":[[120.6542,24.34347],[120.65181,24.34135],[120.64904,24.33953]]}},{"type":"Feature","properties":{"id":"0000300016370B","name":"國道3號(苑裡到大甲)"},"geometry":{"type":"LineString","coordinates":[[120.64904,24.33953],[120.64628,24.33824]]}},{"type":"Feature","properties":{"id":"0000300016400B","name":"國道3號(大甲到中港系統)"},"geometry":{"type":"LineString","coordinates":[[120.64628,24.33824],[120.63782,24.33561]]}},{"type":"Feature","properties":{"id":"0000300016500B","name":"國道3號(大甲到中港系統)"},"geometry":{"type":"LineString","coordinates":[[120.63782,24.33561],[120.63493,24.33453],[120.63269,24.33344],[120.62858,24.33061]]}},{"type":"Feature","properties":{"id":"0000300016600B","name":"國道3號(大甲到中港系統)"},"geometry":{"type":"LineString","coordinates":[[120.62858,24.33061],[120.62675,24.32894],[120.62484,24.32676],[120.62271,24.32346]]}},{"type":"Feature","properties":{"id":"0000300016700B","name":"國道3號(大甲到中港系統)"},"geometry":{"type":"LineString","coordinates":[[120.62271,24.32346],[120.61912,24.3151]]}},{"type":"Feature","properties":{"id":"0000300016800B","name":"國道3號(大甲到中港系統)"},"geometry":{"type":"LineString","coordinates":[[120.61912,24.3151],[120.61819,24.31331]]}},{"type":"Feature","properties":{"id":"0000300016830B","name":"國道3號(中港系統到清水服務區)"},"geometry":{"type":"LineString","coordinates":[[120.61819,24.31331],[120.61623,24.31046],[120.61362,24.30768]]}},{"type":"Feature","properties":{"id":"0000300016900B","name":"國道3號(中港系統到清水服務區)"},"geometry":{"type":"LineString","coordinates":[[120.61362,24.30768],[120.60955,24.30459]]}},{"type":"Feature","properties":{"id":"0000300016960B","name":"國道3號(中港系統到清水服務區)"},"geometry":{"type":"LineString","coordinates":[[120.60955,24.30459],[120.60606,24.30195]]}},{"type":"Feature","properties":{"id":"0000300017000B","name":"國道3號(中港系統到清水服務區)"},"geometry":{"type":"LineString","coordinates":[[120.60606,24.30195],[120.60431,24.29989],[120.60329,24.2982],[120.6025,24.29616],[120.60203,24.29393]]}},{"type":"Feature","properties":{"id":"0000300017100B","name":"國道3號(中港系統到清水服務區)"},"geometry":{"type":"LineString","coordinates":[[120.60203,24.29393],[120.60134,24.28797],[120.60072,24.28534]]}},{"type":"Feature","properties":{"id":"0000300017200B","name":"國道3號(清水服務區到沙鹿)"},"geometry":{"type":"LineString","coordinates":[[120.60072,24.28534],[120.59955,24.28267],[120.59792,24.28033]]}},{"type":"Feature","properties":{"id":"0000300017260B","name":"國道3號(清水服務區到沙鹿)"},"geometry":{"type":"LineString","coordinates":[[120.59792,24.28033],[120.59552,24.27739]]}},{"type":"Feature","properties":{"id":"0000300017300B","name":"國道3號(清水服務區到沙鹿)"},"geometry":{"type":"LineString","coordinates":[[120.59552,24.27739],[120.59266,24.27333],[120.59076,24.26954]]}},{"type":"Feature","properties":{"id":"0000300017400B","name":"國道3號(清水服務區到沙鹿)"},"geometry":{"type":"LineString","coordinates":[[120.59076,24.26954],[120.58942,24.26561],[120.58857,24.2608]]}},{"type":"Feature","properties":{"id":"0000300017500B","name":"國道3號(清水服務區到沙鹿)"},"geometry":{"type":"LineString","coordinates":[[120.58857,24.2608],[120.58851,24.25726],[120.58888,24.25436]]}},{"type":"Feature","properties":{"id":"0000300017580B","name":"國道3號(清水服務區到沙鹿)"},"geometry":{"type":"LineString","coordinates":[[120.58888,24.25436],[120.58957,24.25193]]}},{"type":"Feature","properties":{"id":"0000300017600B","name":"國道3號(沙鹿到龍井)"},"geometry":{"type":"LineString","coordinates":[[120.58957,24.25193],[120.59277,24.24475]]}},{"type":"Feature","properties":{"id":"0000300017690B","name":"國道3號(沙鹿到龍井)"},"geometry":{"type":"LineString","coordinates":[[120.59277,24.24475],[120.59313,24.24355]]}},{"type":"Feature","properties":{"id":"0000300017700B","name":"國道3號(沙鹿到龍井)"},"geometry":{"type":"LineString","coordinates":[[120.59313,24.24355],[120.59362,24.24135],[120.59383,24.23916],[120.5937,24.23684],[120.59324,24.23461]]}},{"type":"Feature","properties":{"id":"0000300017800B","name":"國道3號(沙鹿到龍井)"},"geometry":{"type":"LineString","coordinates":[[120.59324,24.23461],[120.59189,24.23116],[120.58895,24.22656]]}},{"type":"Feature","properties":{"id":"0000300017900B","name":"國道3號(沙鹿到龍井)"},"geometry":{"type":"LineString","coordinates":[[120.58895,24.22656],[120.58695,24.22285],[120.58535,24.21824]]}},{"type":"Feature","properties":{"id":"0000300018000B","name":"國道3號(沙鹿到龍井)"},"geometry":{"type":"LineString","coordinates":[[120.58535,24.21824],[120.58383,24.21332],[120.5824,24.20966]]}},{"type":"Feature","properties":{"id":"0000300018100B","name":"國道3號(沙鹿到龍井)"},"geometry":{"type":"LineString","coordinates":[[120.5824,24.20966],[120.58017,24.20515],[120.57796,24.20164]]}},{"type":"Feature","properties":{"id":"0000300018200B","name":"國道3號(沙鹿到龍井)"},"geometry":{"type":"LineString","coordinates":[[120.57796,24.20164],[120.57608,24.1991]]}},{"type":"Feature","properties":{"id":"0000300018240B","name":"國道3號(龍井到和美)"},"geometry":{"type":"LineString","coordinates":[[120.57608,24.1991],[120.57353,24.19632],[120.57166,24.19478]]}},{"type":"Feature","properties":{"id":"0000300018300B","name":"國道3號(龍井到和美)"},"geometry":{"type":"LineString","coordinates":[[120.57166,24.19478],[120.56925,24.19325],[120.56591,24.19188]]}},{"type":"Feature","properties":{"id":"0000300018370B","name":"國道3號(龍井到和美)"},"geometry":{"type":"LineString","coordinates":[[120.56591,24.19188],[120.56279,24.19106]]}},{"type":"Feature","properties":{"id":"0000300018400B","name":"國道3號(龍井到和美)"},"geometry":{"type":"LineString","coordinates":[[120.56279,24.19106],[120.55966,24.19032],[120.55788,24.18967],[120.55547,24.18832],[120.55403,24.18718]]}},{"type":"Feature","properties":{"id":"0000300018500B","name":"國道3號(龍井到和美)"},"geometry":{"type":"LineString","coordinates":[[120.55403,24.18718],[120.55169,24.18436],[120.54915,24.17943]]}},{"type":"Feature","properties":{"id":"0000300018600B","name":"國道3號(龍井到和美)"},"geometry":{"type":"LineString","coordinates":[[120.54915,24.17943],[120.54768,24.17714],[120.54625,24.17559],[120.54441,24.17415],[120.54247,24.17305]]}},{"type":"Feature","properties":{"id":"0000300018700B","name":"國道3號(龍井到和美)"},"geometry":{"type":"LineString","coordinates":[[120.54247,24.17305],[120.53728,24.17053],[120.53559,24.16938],[120.53426,24.16818]]}},{"type":"Feature","properties":{"id":"0000300018800B","name":"國道3號(龍井到和美)"},"geometry":{"type":"LineString","coordinates":[[120.53426,24.16818],[120.52985,24.1627],[120.52822,24.1611]]}},{"type":"Feature","properties":{"id":"0000300018900B","name":"國道3號(龍井到和美)"},"geometry":{"type":"LineString","coordinates":[[120.52822,24.1611],[120.52456,24.15813],[120.52233,24.1558]]}},{"type":"Feature","properties":{"id":"0000300018990N","name":"國道3號(龍井到和美)"},"geometry":{"type":"LineString","coordinates":[[120.52233,24.1558],[120.52148,24.1546]]}},{"type":"Feature","properties":{"id":"0000300019000N","name":"國道3號(龍井到和美)"},"geometry":{"type":"LineString","coordinates":[[120.52148,24.1546],[120.5203,24.15237],[120.51965,24.1505],[120.51922,24.14815],[120.51916,24.14609]]}},{"type":"Feature","properties":{"id":"0000300019100N","name":"國道3號(和美到彰化系統)"},"geometry":{"type":"LineString","coordinates":[[120.51916,24.14609],[120.51934,24.14445],[120.52004,24.14185],[120.5222,24.13762]]}},{"type":"Feature","properties":{"id":"0000300019200N","name":"國道3號(和美到彰化系統)"},"geometry":{"type":"LineString","coordinates":[[120.5222,24.13762],[120.52438,24.13372]]}},{"type":"Feature","properties":{"id":"0000300019250N","name":"國道3號(和美到彰化系統)"},"geometry":{"type":"LineString","coordinates":[[120.52438,24.13372],[120.52674,24.12964]]}},{"type":"Feature","properties":{"id":"0000300019300N","name":"國道3號(和美到彰化系統)"},"geometry":{"type":"LineString","coordinates":[[120.52674,24.12964],[120.52937,24.12525],[120.53239,24.12248]]}},{"type":"Feature","properties":{"id":"0000300019400N","name":"國道3號(和美到彰化系統)"},"geometry":{"type":"LineString","coordinates":[[120.53239,24.12248],[120.53962,24.11637]]}},{"type":"Feature","properties":{"id":"0000300019500N","name":"國道3號(和美到彰化系統)"},"geometry":{"type":"LineString","coordinates":[[120.53962,24.11637],[120.54397,24.11242],[120.54694,24.11039]]}},{"type":"Feature","properties":{"id":"0000300019600N","name":"國道3號(和美到彰化系統)"},"geometry":{"type":"LineString","coordinates":[[120.54694,24.11039],[120.54996,24.10877]]}},{"type":"Feature","properties":{"id":"0000300019640N","name":"國道3號(彰化系統到快官)"},"geometry":{"type":"LineString","coordinates":[[120.54996,24.10877],[120.55179,24.10793],[120.5558,24.1066]]}},{"type":"Feature","properties":{"id":"0000300019700N","name":"國道3號(彰化系統到快官)"},"geometry":{"type":"LineString","coordinates":[[120.5558,24.1066],[120.5581,24.10606],[120.5612,24.10562]]}},{"type":"Feature","properties":{"id":"0000300019760N","name":"國道3號(彰化系統到快官)"},"geometry":{"type":"LineString","coordinates":[[120.5612,24.10562],[120.5655,24.1052]]}},{"type":"Feature","properties":{"id":"0000300019800N","name":"國道3號(彰化系統到快官)"},"geometry":{"type":"LineString","coordinates":[[120.5655,24.1052],[120.57152,24.10448],[120.57518,24.10361]]}},{"type":"Feature","properties":{"id":"0000300019900N","name":"國道3號(彰化系統到快官)"},"geometry":{"type":"LineString","coordinates":[[120.57518,24.10361],[120.57769,24.10279],[120.58424,24.10012]]}},{"type":"Feature","properties":{"id":"0000300020000N","name":"國道3號(彰化系統到快官)"},"geometry":{"type":"LineString","coordinates":[[120.58424,24.10012],[120.58672,24.09941],[120.5938,24.09793]]}},{"type":"Feature","properties":{"id":"0000300020100N","name":"國道3號(彰化系統到快官)"},"geometry":{"type":"LineString","coordinates":[[120.5938,24.09793],[120.59488,24.09758]]}},{"type":"Feature","properties":{"id":"0000300020120N","name":"國道3號(彰化系統到快官)"},"geometry":{"type":"LineString","coordinates":[[120.59488,24.09758],[120.59879,24.09586],[120.60226,24.09337]]}},{"type":"Feature","properties":{"id":"0000300020200N","name":"國道3號(快官到烏日)"},"geometry":{"type":"LineString","coordinates":[[120.60226,24.09337],[120.60934,24.08712]]}},{"type":"Feature","properties":{"id":"0000300020300N","name":"國道3號(快官到烏日)"},"geometry":{"type":"LineString","coordinates":[[120.60934,24.08712],[120.61098,24.08583]]}},{"type":"Feature","properties":{"id":"0000300020330N","name":"國道3號(快官到烏日)"},"geometry":{"type":"LineString","coordinates":[[120.61098,24.08583],[120.61314,24.08456],[120.61544,24.08368]]}},{"type":"Feature","properties":{"id":"0000300020380B","name":"國道3號(快官到烏日)"},"geometry":{"type":"LineString","coordinates":[[120.61544,24.08368],[120.61784,24.08317]]}},{"type":"Feature","properties":{"id":"0000300020400B","name":"國道3號(快官到烏日)"},"geometry":{"type":"LineString","coordinates":[[120.61784,24.08317],[120.62425,24.0825],[120.62749,24.08147]]}},{"type":"Feature","properties":{"id":"0000300020500B","name":"國道3號(快官到烏日)"},"geometry":{"type":"LineString","coordinates":[[120.62749,24.08147],[120.62937,24.08051],[120.63119,24.07915],[120.63295,24.07734],[120.63449,24.07518]]}},{"type":"Feature","properties":{"id":"0000300020600B","name":"國道3號(快官到烏日)"},"geometry":{"type":"LineString","coordinates":[[120.63449,24.07518],[120.63589,24.07333],[120.6373,24.07193],[120.63952,24.07036],[120.64097,24.0696]]}},{"type":"Feature","properties":{"id":"0000300020700B","name":"國道3號(烏日到中投)"},"geometry":{"type":"LineString","coordinates":[[120.64097,24.0696],[120.64289,24.06888],[120.64544,24.06832],[120.65085,24.06779]]}},{"type":"Feature","properties":{"id":"0000300020800B","name":"國道3號(烏日到中投)"},"geometry":{"type":"LineString","coordinates":[[120.65085,24.06779],[120.65561,24.06726]]}},{"type":"Feature","properties":{"id":"0000300020850B","name":"國道3號(中投到霧峰)"},"geometry":{"type":"LineString","coordinates":[[120.65561,24.06726],[120.66083,24.06598]]}},{"type":"Feature","properties":{"id":"0000300020900B","name":"國道3號(中投到霧峰)"},"geometry":{"type":"LineString","coordinates":[[120.66083,24.06598],[120.66481,24.0644],[120.66926,24.06191]]}},{"type":"Feature","properties":{"id":"0000300021000B","name":"國道3號(中投到霧峰)"},"geometry":{"type":"LineString","coordinates":[[120.66926,24.06191],[120.67221,24.05972],[120.67504,24.05703]]}},{"type":"Feature","properties":{"id":"0000300021080B","name":"國道3號(中投到霧峰)"},"geometry":{"type":"LineString","coordinates":[[120.67504,24.05703],[120.67639,24.05522]]}},{"type":"Feature","properties":{"id":"0000300021100B","name":"國道3號(霧峰到霧峰系統)"},"geometry":{"type":"LineString","coordinates":[[120.67639,24.05522],[120.67761,24.05306],[120.67822,24.05148],[120.67872,24.04953],[120.67897,24.04729]]}},{"type":"Feature","properties":{"id":"0000300021200B","name":"國道3號(霧峰到霧峰系統)"},"geometry":{"type":"LineString","coordinates":[[120.67897,24.04729],[120.67884,24.0448],[120.67832,24.0426]]}},{"type":"Feature","properties":{"id":"0000300021250B","name":"國道3號(霧峰到霧峰系統)"},"geometry":{"type":"LineString","coordinates":[[120.67832,24.0426],[120.67753,24.04044],[120.67627,24.03802]]}},{"type":"Feature","properties":{"id":"0000300021300B","name":"國道3號(霧峰系統到草屯)"},"geometry":{"type":"LineString","coordinates":[[120.67627,24.03802],[120.67074,24.03021]]}},{"type":"Feature","properties":{"id":"0000300021410B","name":"國道3號(霧峰系統到草屯)"},"geometry":{"type":"LineString","coordinates":[[120.67074,24.03021],[120.66663,24.02467]]}},{"type":"Feature","properties":{"id":"0000300021480B","name":"國道3號(霧峰系統到草屯)"},"geometry":{"type":"LineString","coordinates":[[120.66663,24.02467],[120.66534,24.0229]]}},{"type":"Feature","properties":{"id":"0000300021510N","name":"國道3號(霧峰系統到草屯)"},"geometry":{"type":"LineString","coordinates":[[120.66534,24.0229],[120.6628,24.01917],[120.6605,24.01523]]}},{"type":"Feature","properties":{"id":"0000300021600N","name":"國道3號(霧峰系統到草屯)"},"geometry":{"type":"LineString","coordinates":[[120.6605,24.01523],[120.65867,24.01239],[120.65613,24.00973]]}},{"type":"Feature","properties":{"id":"0000300021680N","name":"國道3號(霧峰系統到草屯)"},"geometry":{"type":"LineString","coordinates":[[120.65613,24.00973],[120.65478,24.00844]]}},{"type":"Feature","properties":{"id":"0000300021700M","name":"國道3號(霧峰系統到草屯)"},"geometry":{"type":"LineString","coordinates":[[120.65478,24.00844],[120.65238,24.0057],[120.65088,24.00279]]}},{"type":"Feature","properties":{"id":"0000300021780M","name":"國道3號(草屯到中興系統)"},"geometry":{"type":"LineString","coordinates":[[120.65088,24.00279],[120.65022,24.00023]]}},{"type":"Feature","properties":{"id":"0000300021800M","name":"國道3號(草屯到中興系統)"},"geometry":{"type":"LineString","coordinates":[[120.65022,24.00023],[120.6501,23.99833],[120.6503,23.99625],[120.65168,23.99144]]}},{"type":"Feature","properties":{"id":"0000300021900M","name":"國道3號(草屯到中興系統)"},"geometry":{"type":"LineString","coordinates":[[120.65168,23.99144],[120.65232,23.98915],[120.65264,23.98707],[120.65271,23.98488],[120.65245,23.98254]]}},{"type":"Feature","properties":{"id":"0000300022000M","name":"國道3號(草屯到中興系統)"},"geometry":{"type":"LineString","coordinates":[[120.65245,23.98254],[120.65168,23.9797],[120.64928,23.97404]]}},{"type":"Feature","properties":{"id":"0000300022100M","name":"國道3號(草屯到中興系統)"},"geometry":{"type":"LineString","coordinates":[[120.64928,23.97404],[120.64869,23.97195],[120.64846,23.96978],[120.64864,23.9674],[120.64922,23.96523]]}},{"type":"Feature","properties":{"id":"0000300022200M","name":"國道3號(中興系統到中興)"},"geometry":{"type":"LineString","coordinates":[[120.64922,23.96523],[120.65043,23.96274],[120.6519,23.96079]]}},{"type":"Feature","properties":{"id":"0000300022260M","name":"國道3號(中興系統到中興)"},"geometry":{"type":"LineString","coordinates":[[120.6519,23.96079],[120.65344,23.95935],[120.655,23.95824]]}},{"type":"Feature","properties":{"id":"0000300022300M","name":"國道3號(中興系統到中興)"},"geometry":{"type":"LineString","coordinates":[[120.655,23.95824],[120.65779,23.95682]]}},{"type":"Feature","properties":{"id":"0000300022340M","name":"國道3號(中興系統到中興)"},"geometry":{"type":"LineString","coordinates":[[120.65779,23.95682],[120.66194,23.95514],[120.66375,23.95416]]}},{"type":"Feature","properties":{"id":"0000300022400M","name":"國道3號(中興系統到中興)"},"geometry":{"type":"LineString","coordinates":[[120.66375,23.95416],[120.66573,23.95269]]}},{"type":"Feature","properties":{"id":"0000300022430M","name":"國道3號(中興到南投)"},"geometry":{"type":"LineString","coordinates":[[120.66573,23.95269],[120.66768,23.95084],[120.66984,23.94715]]}},{"type":"Feature","properties":{"id":"0000300022500M","name":"國道3號(中興到南投)"},"geometry":{"type":"LineString","coordinates":[[120.66984,23.94715],[120.67139,23.94376]]}},{"type":"Feature","properties":{"id":"0000300022550M","name":"國道3號(中興到南投)"},"geometry":{"type":"LineString","coordinates":[[120.67139,23.94376],[120.67313,23.94115],[120.67477,23.93956]]}},{"type":"Feature","properties":{"id":"0000300022600M","name":"國道3號(中興到南投)"},"geometry":{"type":"LineString","coordinates":[[120.67477,23.93956],[120.67725,23.93735],[120.67835,23.93606],[120.67936,23.93441],[120.6802,23.93215]]}},{"type":"Feature","properties":{"id":"0000300022700M","name":"國道3號(中興到南投)"},"geometry":{"type":"LineString","coordinates":[[120.6802,23.93215],[120.68062,23.93033]]}},{"type":"Feature","properties":{"id":"0000300022730M","name":"國道3號(中興到南投)"},"geometry":{"type":"LineString","coordinates":[[120.68062,23.93033],[120.68155,23.92643],[120.68198,23.92534],[120.68302,23.92366]]}},{"type":"Feature","properties":{"id":"0000300022800M","name":"國道3號(南投到南投服務區)"},"geometry":{"type":"LineString","coordinates":[[120.68302,23.92366],[120.68495,23.92161],[120.68852,23.91925],[120.69025,23.91767]]}},{"type":"Feature","properties":{"id":"0000300022900M","name":"國道3號(南投到南投服務區)"},"geometry":{"type":"LineString","coordinates":[[120.69025,23.91767],[120.69127,23.9164]]}},{"type":"Feature","properties":{"id":"0000300022920M","name":"國道3號(南投到南投服務區)"},"geometry":{"type":"LineString","coordinates":[[120.69127,23.9164],[120.69266,23.91467],[120.69391,23.91353],[120.69553,23.91246],[120.69722,23.91166]]}},{"type":"Feature","properties":{"id":"0000300023000M","name":"國道3號(南投到南投服務區)"},"geometry":{"type":"LineString","coordinates":[[120.69722,23.91166],[120.69952,23.91048],[120.7014,23.90884],[120.70243,23.90737],[120.70353,23.90499]]}},{"type":"Feature","properties":{"id":"0000300023100M","name":"國道3號(南投到南投服務區)"},"geometry":{"type":"LineString","coordinates":[[120.70353,23.90499],[120.70413,23.90391]]}},{"type":"Feature","properties":{"id":"0000300023120M","name":"國道3號(南投到南投服務區)"},"geometry":{"type":"LineString","coordinates":[[120.70413,23.90391],[120.7055,23.90228],[120.70806,23.90016],[120.70945,23.8986]]}},{"type":"Feature","properties":{"id":"0000300023200M","name":"國道3號(南投服務區到名間)"},"geometry":{"type":"LineString","coordinates":[[120.70945,23.8986],[120.71049,23.89646],[120.7109,23.89446],[120.71084,23.89253],[120.71009,23.88933]]}},{"type":"Feature","properties":{"id":"0000300023300M","name":"國道3號(南投服務區到名間)"},"geometry":{"type":"LineString","coordinates":[[120.71009,23.88933],[120.70956,23.88385],[120.70862,23.88047]]}},{"type":"Feature","properties":{"id":"0000300023400M","name":"國道3號(南投服務區到名間)"},"geometry":{"type":"LineString","coordinates":[[120.70862,23.88047],[120.70563,23.87191]]}},{"type":"Feature","properties":{"id":"0000300023500M","name":"國道3號(南投服務區到名間)"},"geometry":{"type":"LineString","coordinates":[[120.70563,23.87191],[120.70273,23.86332]]}},{"type":"Feature","properties":{"id":"0000300023600M","name":"國道3號(名間到竹山)"},"geometry":{"type":"LineString","coordinates":[[120.70273,23.86332],[120.70192,23.85951],[120.70185,23.85563]]}},{"type":"Feature","properties":{"id":"0000300023690M","name":"國道3號(名間到竹山)"},"geometry":{"type":"LineString","coordinates":[[120.70185,23.85563],[120.70201,23.85445]]}},{"type":"Feature","properties":{"id":"0000300023700M","name":"國道3號(名間到竹山)"},"geometry":{"type":"LineString","coordinates":[[120.70201,23.85445],[120.7027,23.8516],[120.70434,23.84672]]}},{"type":"Feature","properties":{"id":"0000300023790M","name":"國道3號(名間到竹山)"},"geometry":{"type":"LineString","coordinates":[[120.70434,23.84672],[120.70454,23.84578]]}},{"type":"Feature","properties":{"id":"0000300023800M","name":"國道3號(名間到竹山)"},"geometry":{"type":"LineString","coordinates":[[120.70454,23.84578],[120.70528,23.84108],[120.7069,23.83714]]}},{"type":"Feature","properties":{"id":"0000300023900M","name":"國道3號(名間到竹山)"},"geometry":{"type":"LineString","coordinates":[[120.7069,23.83714],[120.70769,23.83501],[120.70815,23.833],[120.70837,23.83063],[120.70825,23.82829]]}},{"type":"Feature","properties":{"id":"0000300024000M","name":"國道3號(名間到竹山)"},"geometry":{"type":"LineString","coordinates":[[120.70825,23.82829],[120.70795,23.82654],[120.70706,23.82378],[120.70608,23.82181],[120.70481,23.81992]]}},{"type":"Feature","properties":{"id":"0000300024100M","name":"國道3號(名間到竹山)"},"geometry":{"type":"LineString","coordinates":[[120.70481,23.81992],[120.70023,23.815],[120.6987,23.81291]]}},{"type":"Feature","properties":{"id":"0000300024200M","name":"國道3號(名間到竹山)"},"geometry":{"type":"LineString","coordinates":[[120.6987,23.81291],[120.69786,23.8111],[120.69736,23.80891],[120.69738,23.80656],[120.69794,23.80427]]}},{"type":"Feature","properties":{"id":"0000300024300M","name":"國道3號(名間到竹山)"},"geometry":{"type":"LineString","coordinates":[[120.69794,23.80427],[120.70007,23.79963]]}},{"type":"Feature","properties":{"id":"0000300024360M","name":"國道3號(竹山到南雲)"},"geometry":{"type":"LineString","coordinates":[[120.70007,23.79963],[120.70153,23.79651]]}},{"type":"Feature","properties":{"id":"0000300024400M","name":"國道3號(竹山到南雲)"},"geometry":{"type":"LineString","coordinates":[[120.70153,23.79651],[120.70409,23.79082],[120.70444,23.78922],[120.70449,23.78741]]}},{"type":"Feature","properties":{"id":"0000300024500M","name":"國道3號(竹山到南雲)"},"geometry":{"type":"LineString","coordinates":[[120.70449,23.78741],[120.70412,23.7852],[120.70332,23.78322],[120.70214,23.78143],[120.70018,23.77957]]}},{"type":"Feature","properties":{"id":"0000300024600M","name":"國道3號(竹山到南雲)"},"geometry":{"type":"LineString","coordinates":[[120.70018,23.77957],[120.69848,23.77851],[120.69631,23.77764],[120.69369,23.77718],[120.69103,23.77725]]}},{"type":"Feature","properties":{"id":"0000300024700M","name":"國道3號(竹山到南雲)"},"geometry":{"type":"LineString","coordinates":[[120.69103,23.77725],[120.6813,23.77846]]}},{"type":"Feature","properties":{"id":"0000300024800M","name":"國道3號(竹山到南雲)"},"geometry":{"type":"LineString","coordinates":[[120.6813,23.77846],[120.67851,23.77864],[120.67598,23.77851],[120.67153,23.77755]]}},{"type":"Feature","properties":{"id":"0000300024900M","name":"國道3號(竹山到南雲)"},"geometry":{"type":"LineString","coordinates":[[120.67153,23.77755],[120.66655,23.77561],[120.66326,23.77485]]}},{"type":"Feature","properties":{"id":"0000300024990M","name":"國道3號(南雲到斗六)"},"geometry":{"type":"LineString","coordinates":[[120.66326,23.77485],[120.66048,23.7746],[120.65443,23.77449]]}},{"type":"Feature","properties":{"id":"0000300025090M","name":"國道3號(南雲到斗六)"},"geometry":{"type":"LineString","coordinates":[[120.65443,23.77449],[120.65249,23.77445]]}},{"type":"Feature","properties":{"id":"0000300025100M","name":"國道3號(南雲到斗六)"},"geometry":{"type":"LineString","coordinates":[[120.65249,23.77445],[120.6479,23.77436]]}},{"type":"Feature","properties":{"id":"0000300025150P","name":"國道3號(南雲到斗六)"},"geometry":{"type":"LineString","coordinates":[[120.6479,23.77436],[120.64266,23.77427]]}},{"type":"Feature","properties":{"id":"0000300025200P","name":"國道3號(南雲到斗六)"},"geometry":{"type":"LineString","coordinates":[[120.64266,23.77427],[120.63285,23.77417]]}},{"type":"Feature","properties":{"id":"0000300025300P","name":"國道3號(南雲到斗六)"},"geometry":{"type":"LineString","coordinates":[[120.63285,23.77417],[120.63019,23.77453],[120.62331,23.77622]]}},{"type":"Feature","properties":{"id":"0000300025400P","name":"國道3號(南雲到斗六)"},"geometry":{"type":"LineString","coordinates":[[120.62331,23.77622],[120.62063,23.7764],[120.61817,23.77618],[120.61589,23.77561],[120.61374,23.77471]]}},{"type":"Feature","properties":{"id":"0000300025500P","name":"國道3號(南雲到斗六)"},"geometry":{"type":"LineString","coordinates":[[120.61374,23.77471],[120.6113,23.77318],[120.6099,23.77193],[120.60842,23.77016],[120.60728,23.76812]]}},{"type":"Feature","properties":{"id":"0000300025600P","name":"國道3號(南雲到斗六)"},"geometry":{"type":"LineString","coordinates":[[120.60728,23.76812],[120.60534,23.76212],[120.6042,23.7596]]}},{"type":"Feature","properties":{"id":"0000300025700P","name":"國道3號(南雲到斗六)"},"geometry":{"type":"LineString","coordinates":[[120.6042,23.7596],[120.60302,23.75779],[120.60119,23.75573],[120.5977,23.75298]]}},{"type":"Feature","properties":{"id":"0000300025800P","name":"國道3號(南雲到斗六)"},"geometry":{"type":"LineString","coordinates":[[120.5977,23.75298],[120.5957,23.75131],[120.59423,23.74964],[120.59313,23.74793],[120.59222,23.74566]]}},{"type":"Feature","properties":{"id":"0000300025900P","name":"國道3號(南雲到斗六)"},"geometry":{"type":"LineString","coordinates":[[120.59222,23.74566],[120.59169,23.74267],[120.59169,23.7413],[120.59201,23.73904]]}},{"type":"Feature","properties":{"id":"0000300025980P","name":"國道3號(南雲到斗六)"},"geometry":{"type":"LineString","coordinates":[[120.59201,23.73904],[120.59275,23.73687]]}},{"type":"Feature","properties":{"id":"0000300026000P","name":"國道3號(南雲到斗六)"},"geometry":{"type":"LineString","coordinates":[[120.59275,23.73687],[120.59421,23.73435],[120.59806,23.72934]]}},{"type":"Feature","properties":{"id":"0000300026100P","name":"國道3號(斗六到古坑(北))"},"geometry":{"type":"LineString","coordinates":[[120.59806,23.72934],[120.59882,23.72836]]}},{"type":"Feature","properties":{"id":"0000300026120P","name":"國道3號(斗六到古坑(北))"},"geometry":{"type":"LineString","coordinates":[[120.59882,23.72836],[120.60194,23.72399],[120.60295,23.72156]]}},{"type":"Feature","properties":{"id":"0000300026200P","name":"國道3號(斗六到古坑(北))"},"geometry":{"type":"LineString","coordinates":[[120.60295,23.72156],[120.60339,23.71963],[120.6035,23.71725],[120.60281,23.71263]]}},{"type":"Feature","properties":{"id":"0000300026300P","name":"國道3號(斗六到古坑(北))"},"geometry":{"type":"LineString","coordinates":[[120.60281,23.71263],[120.60269,23.7107],[120.60325,23.70553],[120.60325,23.70368]]}},{"type":"Feature","properties":{"id":"0000300026400P","name":"國道3號(斗六到古坑(北))"},"geometry":{"type":"LineString","coordinates":[[120.60325,23.70368],[120.60308,23.70199],[120.60252,23.69956],[120.60158,23.69721],[120.60039,23.69514]]}},{"type":"Feature","properties":{"id":"0000300026500P","name":"國道3號(斗六到古坑(北))"},"geometry":{"type":"LineString","coordinates":[[120.60039,23.69514],[120.59923,23.69358],[120.59438,23.68804]]}},{"type":"Feature","properties":{"id":"0000300026600P","name":"國道3號(斗六到古坑(北))"},"geometry":{"type":"LineString","coordinates":[[120.59438,23.68804],[120.59274,23.68537],[120.59013,23.67994]]}},{"type":"Feature","properties":{"id":"0000300026700P","name":"國道3號(斗六到古坑(北))"},"geometry":{"type":"LineString","coordinates":[[120.59013,23.67994],[120.58921,23.67861],[120.5877,23.67696],[120.5855,23.67533]]}},{"type":"Feature","properties":{"id":"0000300026780P","name":"國道3號(斗六到古坑(北))"},"geometry":{"type":"LineString","coordinates":[[120.5855,23.67533],[120.58309,23.67388]]}},{"type":"Feature","properties":{"id":"0000300026800P","name":"國道3號(古坑(北)到古坑系統)"},"geometry":{"type":"LineString","coordinates":[[120.58309,23.67388],[120.57879,23.67104],[120.57729,23.6697],[120.57576,23.66797]]}},{"type":"Feature","properties":{"id":"0000300026900P","name":"國道3號(古坑(北)到古坑系統)"},"geometry":{"type":"LineString","coordinates":[[120.57576,23.66797],[120.57498,23.66699],[120.57405,23.66523],[120.57286,23.66237]]}},{"type":"Feature","properties":{"id":"0000300026970P","name":"國道3號(古坑系統到古坑(南))"},"geometry":{"type":"LineString","coordinates":[[120.57286,23.66237],[120.57232,23.65962]]}},{"type":"Feature","properties":{"id":"0000300027000P","name":"國道3號(古坑系統到古坑(南))"},"geometry":{"type":"LineString","coordinates":[[120.57232,23.65962],[120.57221,23.65627],[120.57275,23.65065]]}},{"type":"Feature","properties":{"id":"0000300027100P","name":"國道3號(古坑(南)到古坑服務區)"},"geometry":{"type":"LineString","coordinates":[[120.57275,23.65065],[120.57287,23.64606],[120.57257,23.6425]]}},{"type":"Feature","properties":{"id":"0000300027200P","name":"國道3號(古坑(南)到古坑服務區)"},"geometry":{"type":"LineString","coordinates":[[120.57257,23.6425],[120.57151,23.63742],[120.56994,23.63302]]}},{"type":"Feature","properties":{"id":"0000300027300P","name":"國道3號(古坑(南)到古坑服務區)"},"geometry":{"type":"LineString","coordinates":[[120.56994,23.63302],[120.56853,23.63012],[120.56516,23.62521]]}},{"type":"Feature","properties":{"id":"0000300027400P","name":"國道3號(古坑(南)到古坑服務區)"},"geometry":{"type":"LineString","coordinates":[[120.56516,23.62521],[120.56139,23.62066],[120.5588,23.61843]]}},{"type":"Feature","properties":{"id":"0000300027500P","name":"國道3號(古坑(南)到古坑服務區)"},"geometry":{"type":"LineString","coordinates":[[120.5588,23.61843],[120.55483,23.61558],[120.55078,23.61333]]}},{"type":"Feature","properties":{"id":"0000300027600P","name":"國道3號(古坑(南)到古坑服務區)"},"geometry":{"type":"LineString","coordinates":[[120.55078,23.61333],[120.54696,23.61169],[120.5431,23.61045]]}},{"type":"Feature","properties":{"id":"0000300027690P","name":"國道3號(古坑(南)到古坑服務區)"},"geometry":{"type":"LineString","coordinates":[[120.5431,23.61045],[120.54168,23.61005]]}},{"type":"Feature","properties":{"id":"0000300027700P","name":"國道3號(古坑服務區到梅山)"},"geometry":{"type":"LineString","coordinates":[[120.54168,23.61005],[120.53898,23.60933]]}},{"type":"Feature","properties":{"id":"0000300027730P","name":"國道3號(古坑服務區到梅山)"},"geometry":{"type":"LineString","coordinates":[[120.53898,23.60933],[120.53542,23.6082],[120.53253,23.60686]]}},{"type":"Feature","properties":{"id":"0000300027800P","name":"國道3號(古坑服務區到梅山)"},"geometry":{"type":"LineString","coordinates":[[120.53253,23.60686],[120.53097,23.60591]]}},{"type":"Feature","properties":{"id":"0000300027820P","name":"國道3號(古坑服務區到梅山)"},"geometry":{"type":"LineString","coordinates":[[120.53097,23.60591],[120.52775,23.60316]]}},{"type":"Feature","properties":{"id":"0000300027870Q","name":"國道3號(古坑服務區到梅山)"},"geometry":{"type":"LineString","coordinates":[[120.52775,23.60316],[120.52701,23.60231]]}},{"type":"Feature","properties":{"id":"0000300027880Q","name":"國道3號(古坑服務區到梅山)"},"geometry":{"type":"LineString","coordinates":[[120.52701,23.60231],[120.52539,23.60006]]}},{"type":"Feature","properties":{"id":"0000300027910Q","name":"國道3號(梅山到竹崎)"},"geometry":{"type":"LineString","coordinates":[[120.52539,23.60006],[120.52105,23.59259]]}},{"type":"Feature","properties":{"id":"0000300028000Q","name":"國道3號(梅山到竹崎)"},"geometry":{"type":"LineString","coordinates":[[120.52105,23.59259],[120.51954,23.59051]]}},{"type":"Feature","properties":{"id":"0000300028040Q","name":"國道3號(梅山到竹崎)"},"geometry":{"type":"LineString","coordinates":[[120.51954,23.59051],[120.51763,23.58835],[120.5148,23.5857]]}},{"type":"Feature","properties":{"id":"0000300028100Q","name":"國道3號(梅山到竹崎)"},"geometry":{"type":"LineString","coordinates":[[120.5148,23.5857],[120.51106,23.58189],[120.50873,23.57865]]}},{"type":"Feature","properties":{"id":"0000300028200Q","name":"國道3號(梅山到竹崎)"},"geometry":{"type":"LineString","coordinates":[[120.50873,23.57865],[120.50707,23.57543]]}},{"type":"Feature","properties":{"id":"0000300028240Q","name":"國道3號(梅山到竹崎)"},"geometry":{"type":"LineString","coordinates":[[120.50707,23.57543],[120.50626,23.57334]]}},{"type":"Feature","properties":{"id":"0000300028270Q","name":"國道3號(梅山到竹崎)"},"geometry":{"type":"LineString","coordinates":[[120.50626,23.57334],[120.50543,23.5702]]}},{"type":"Feature","properties":{"id":"0000300028300Q","name":"國道3號(梅山到竹崎)"},"geometry":{"type":"LineString","coordinates":[[120.50543,23.5702],[120.50494,23.56589],[120.50493,23.56124]]}},{"type":"Feature","properties":{"id":"0000300028400Q","name":"國道3號(梅山到竹崎)"},"geometry":{"type":"LineString","coordinates":[[120.50493,23.56124],[120.50494,23.55699]]}},{"type":"Feature","properties":{"id":"0000300028450Q","name":"國道3號(梅山到竹崎)"},"geometry":{"type":"LineString","coordinates":[[120.50494,23.55699],[120.50495,23.55466]]}},{"type":"Feature","properties":{"id":"0000300028480Q","name":"國道3號(梅山到竹崎)"},"geometry":{"type":"LineString","coordinates":[[120.50495,23.55466],[120.50492,23.55225]]}},{"type":"Feature","properties":{"id":"0000300028500Q","name":"國道3號(梅山到竹崎)"},"geometry":{"type":"LineString","coordinates":[[120.50492,23.55225],[120.50463,23.55014],[120.50381,23.54756],[120.50294,23.54584],[120.50162,23.54394]]}},{"type":"Feature","properties":{"id":"0000300028600Q","name":"國道3號(梅山到竹崎)"},"geometry":{"type":"LineString","coordinates":[[120.50162,23.54394],[120.49953,23.54181],[120.49427,23.53807]]}},{"type":"Feature","properties":{"id":"0000300028700Q","name":"國道3號(梅山到竹崎)"},"geometry":{"type":"LineString","coordinates":[[120.49427,23.53807],[120.49088,23.53497],[120.48802,23.53116]]}},{"type":"Feature","properties":{"id":"0000300028800Q","name":"國道3號(梅山到竹崎)"},"geometry":{"type":"LineString","coordinates":[[120.48802,23.53116],[120.48593,23.52692]]}},{"type":"Feature","properties":{"id":"0000300028860Q","name":"國道3號(梅山到竹崎)"},"geometry":{"type":"LineString","coordinates":[[120.48593,23.52692],[120.48487,23.52269]]}},{"type":"Feature","properties":{"id":"0000300028900Q","name":"國道3號(梅山到竹崎)"},"geometry":{"type":"LineString","coordinates":[[120.48487,23.52269],[120.48466,23.5207],[120.48469,23.51822],[120.48498,23.51591],[120.48548,23.5138]]}},{"type":"Feature","properties":{"id":"0000300029000Q","name":"國道3號(竹崎到中埔)"},"geometry":{"type":"LineString","coordinates":[[120.48548,23.5138],[120.48704,23.50994],[120.48966,23.50572]]}},{"type":"Feature","properties":{"id":"0000300029100Q","name":"國道3號(竹崎到中埔)"},"geometry":{"type":"LineString","coordinates":[[120.48966,23.50572],[120.49212,23.50177],[120.49308,23.49943],[120.49372,23.49684]]}},{"type":"Feature","properties":{"id":"0000300029210Q","name":"國道3號(竹崎到中埔)"},"geometry":{"type":"LineString","coordinates":[[120.49372,23.49684],[120.4944,23.4923],[120.49496,23.4901]]}},{"type":"Feature","properties":{"id":"0000300029290I","name":"國道3號(竹崎到中埔)"},"geometry":{"type":"LineString","coordinates":[[120.49496,23.4901],[120.49545,23.48872]]}},{"type":"Feature","properties":{"id":"0000300029300I","name":"國道3號(竹崎到中埔)"},"geometry":{"type":"LineString","coordinates":[[120.49545,23.48872],[120.4962,23.48711]]}},{"type":"Feature","properties":{"id":"0000300029320I","name":"國道3號(竹崎到中埔)"},"geometry":{"type":"LineString","coordinates":[[120.4962,23.48711],[120.49817,23.48384],[120.49942,23.48049]]}},{"type":"Feature","properties":{"id":"0000300029410I","name":"國道3號(竹崎到中埔)"},"geometry":{"type":"LineString","coordinates":[[120.49942,23.48049],[120.50019,23.4766]]}},{"type":"Feature","properties":{"id":"0000300029450I","name":"國道3號(竹崎到中埔)"},"geometry":{"type":"LineString","coordinates":[[120.50019,23.4766],[120.50025,23.47402],[120.49999,23.47159]]}},{"type":"Feature","properties":{"id":"0000300029500I","name":"國道3號(竹崎到中埔)"},"geometry":{"type":"LineString","coordinates":[[120.49999,23.47159],[120.49961,23.46988],[120.4986,23.46724],[120.4973,23.4649],[120.4962,23.46339]]}},{"type":"Feature","properties":{"id":"0000300029600I","name":"國道3號(竹崎到中埔)"},"geometry":{"type":"LineString","coordinates":[[120.4962,23.46339],[120.49323,23.46025],[120.48944,23.45691]]}},{"type":"Feature","properties":{"id":"0000300029700I","name":"國道3號(竹崎到中埔)"},"geometry":{"type":"LineString","coordinates":[[120.48944,23.45691],[120.48705,23.45434]]}},{"type":"Feature","properties":{"id":"0000300029740Q","name":"國道3號(中埔到水上系統)"},"geometry":{"type":"LineString","coordinates":[[120.48705,23.45434],[120.48666,23.45379]]}},{"type":"Feature","properties":{"id":"0000300029750Q","name":"國道3號(中埔到水上系統)"},"geometry":{"type":"LineString","coordinates":[[120.48666,23.45379],[120.48532,23.45177],[120.48412,23.44941]]}},{"type":"Feature","properties":{"id":"0000300029800Q","name":"國道3號(中埔到水上系統)"},"geometry":{"type":"LineString","coordinates":[[120.48412,23.44941],[120.48275,23.44609]]}},{"type":"Feature","properties":{"id":"0000300029840Q","name":"國道3號(中埔到水上系統)"},"geometry":{"type":"LineString","coordinates":[[120.48275,23.44609],[120.48047,23.44127]]}},{"type":"Feature","properties":{"id":"0000300029900Q","name":"國道3號(中埔到水上系統)"},"geometry":{"type":"LineString","coordinates":[[120.48047,23.44127],[120.47948,23.43972]]}},{"type":"Feature","properties":{"id":"0000300029920Q","name":"國道3號(中埔到水上系統)"},"geometry":{"type":"LineString","coordinates":[[120.47948,23.43972],[120.47726,23.43689],[120.47434,23.43408]]}},{"type":"Feature","properties":{"id":"0000300030000Q","name":"國道3號(水上系統到白河)"},"geometry":{"type":"LineString","coordinates":[[120.47434,23.43408],[120.47018,23.43069]]}},{"type":"Feature","properties":{"id":"0000300030060Q","name":"國道3號(水上系統到白河)"},"geometry":{"type":"LineString","coordinates":[[120.47018,23.43069],[120.46732,23.42781]]}},{"type":"Feature","properties":{"id":"0000300030100Q","name":"國道3號(水上系統到白河)"},"geometry":{"type":"LineString","coordinates":[[120.46732,23.42781],[120.46623,23.42636]]}},{"type":"Feature","properties":{"id":"0000300030120Q","name":"國道3號(水上系統到白河)"},"geometry":{"type":"LineString","coordinates":[[120.46623,23.42636],[120.46258,23.41996]]}},{"type":"Feature","properties":{"id":"0000300030200Q","name":"國道3號(水上系統到白河)"},"geometry":{"type":"LineString","coordinates":[[120.46258,23.41996],[120.46117,23.41799],[120.45924,23.41599],[120.45755,23.41467],[120.45583,23.41363]]}},{"type":"Feature","properties":{"id":"0000300030300Q","name":"國道3號(水上系統到白河)"},"geometry":{"type":"LineString","coordinates":[[120.45583,23.41363],[120.4524,23.41218],[120.44657,23.41098]]}},{"type":"Feature","properties":{"id":"0000300030400Q","name":"國道3號(水上系統到白河)"},"geometry":{"type":"LineString","coordinates":[[120.44657,23.41098],[120.44525,23.41075]]}},{"type":"Feature","properties":{"id":"0000300030420D","name":"國道3號(水上系統到白河)"},"geometry":{"type":"LineString","coordinates":[[120.44525,23.41075],[120.44287,23.41014],[120.44058,23.40924],[120.43762,23.40744]]}},{"type":"Feature","properties":{"id":"0000300030500D","name":"國道3號(水上系統到白河)"},"geometry":{"type":"LineString","coordinates":[[120.43762,23.40744],[120.43589,23.40597],[120.43456,23.40446],[120.43303,23.40219],[120.43202,23.40012]]}},{"type":"Feature","properties":{"id":"0000300030600D","name":"國道3號(水上系統到白河)"},"geometry":{"type":"LineString","coordinates":[[120.43202,23.40012],[120.43068,23.3962],[120.4298,23.39137]]}},{"type":"Feature","properties":{"id":"0000300030700D","name":"國道3號(水上系統到白河)"},"geometry":{"type":"LineString","coordinates":[[120.4298,23.39137],[120.42968,23.38643],[120.43017,23.38239]]}},{"type":"Feature","properties":{"id":"0000300030800D","name":"國道3號(水上系統到白河)"},"geometry":{"type":"LineString","coordinates":[[120.43017,23.38239],[120.43104,23.37864],[120.43252,23.37365]]}},{"type":"Feature","properties":{"id":"0000300030900D","name":"國道3號(水上系統到白河)"},"geometry":{"type":"LineString","coordinates":[[120.43252,23.37365],[120.4352,23.36499]]}},{"type":"Feature","properties":{"id":"0000300031000D","name":"國道3號(水上系統到白河)"},"geometry":{"type":"LineString","coordinates":[[120.4352,23.36499],[120.43786,23.35632]]}},{"type":"Feature","properties":{"id":"0000300031100D","name":"國道3號(水上系統到白河)"},"geometry":{"type":"LineString","coordinates":[[120.43786,23.35632],[120.43908,23.35142]]}},{"type":"Feature","properties":{"id":"0000300031160D","name":"國道3號(白河到東山服務區)"},"geometry":{"type":"LineString","coordinates":[[120.43908,23.35142],[120.43939,23.34749]]}},{"type":"Feature","properties":{"id":"0000300031200D","name":"國道3號(白河到東山服務區)"},"geometry":{"type":"LineString","coordinates":[[120.43939,23.34749],[120.439,23.34439],[120.43835,23.3423]]}},{"type":"Feature","properties":{"id":"0000300031260D","name":"國道3號(白河到東山服務區)"},"geometry":{"type":"LineString","coordinates":[[120.43835,23.3423],[120.43679,23.33892]]}},{"type":"Feature","properties":{"id":"0000300031300D","name":"國道3號(白河到東山服務區)"},"geometry":{"type":"LineString","coordinates":[[120.43679,23.33892],[120.43242,23.33089]]}},{"type":"Feature","properties":{"id":"0000300031400D","name":"國道3號(白河到東山服務區)"},"geometry":{"type":"LineString","coordinates":[[120.43242,23.33089],[120.43117,23.32754],[120.42973,23.32225]]}},{"type":"Feature","properties":{"id":"0000300031500D","name":"國道3號(白河到東山服務區)"},"geometry":{"type":"LineString","coordinates":[[120.42973,23.32225],[120.42825,23.31625],[120.42728,23.31355]]}},{"type":"Feature","properties":{"id":"0000300031600D","name":"國道3號(白河到東山服務區)"},"geometry":{"type":"LineString","coordinates":[[120.42728,23.31355],[120.42528,23.31005],[120.42365,23.30811],[120.42166,23.30629]]}},{"type":"Feature","properties":{"id":"0000300031700D","name":"國道3號(白河到東山服務區)"},"geometry":{"type":"LineString","coordinates":[[120.42166,23.30629],[120.41865,23.3043],[120.41323,23.30182]]}},{"type":"Feature","properties":{"id":"0000300031800D","name":"國道3號(白河到東山服務區)"},"geometry":{"type":"LineString","coordinates":[[120.41323,23.30182],[120.40763,23.29918],[120.40479,23.29729]]}},{"type":"Feature","properties":{"id":"0000300031900D","name":"國道3號(東山服務區到柳營)"},"geometry":{"type":"LineString","coordinates":[[120.40479,23.29729],[120.40141,23.29419],[120.39857,23.29037]]}},{"type":"Feature","properties":{"id":"0000300032000D","name":"國道3號(東山服務區到柳營)"},"geometry":{"type":"LineString","coordinates":[[120.39857,23.29037],[120.3974,23.28847]]}},{"type":"Feature","properties":{"id":"0000300032030D","name":"國道3號(東山服務區到柳營)"},"geometry":{"type":"LineString","coordinates":[[120.3974,23.28847],[120.39566,23.28565]]}},{"type":"Feature","properties":{"id":"0000300032070D","name":"國道3號(東山服務區到柳營)"},"geometry":{"type":"LineString","coordinates":[[120.39566,23.28565],[120.39436,23.28375]]}},{"type":"Feature","properties":{"id":"0000300032090D","name":"國道3號(東山服務區到柳營)"},"geometry":{"type":"LineString","coordinates":[[120.39436,23.28375],[120.39352,23.28268]]}},{"type":"Feature","properties":{"id":"0000300032100D","name":"國道3號(東山服務區到柳營)"},"geometry":{"type":"LineString","coordinates":[[120.39352,23.28268],[120.39259,23.28161]]}},{"type":"Feature","properties":{"id":"0000300032120D","name":"國道3號(東山服務區到柳營)"},"geometry":{"type":"LineString","coordinates":[[120.39259,23.28161],[120.38997,23.27922],[120.38626,23.27677]]}},{"type":"Feature","properties":{"id":"0000300032200D","name":"國道3號(東山服務區到柳營)"},"geometry":{"type":"LineString","coordinates":[[120.38626,23.27677],[120.38387,23.27536]]}},{"type":"Feature","properties":{"id":"0000300032230D","name":"國道3號(柳營到烏山頭)"},"geometry":{"type":"LineString","coordinates":[[120.38387,23.27536],[120.38068,23.27312],[120.37875,23.27106]]}},{"type":"Feature","properties":{"id":"0000300032300D","name":"國道3號(柳營到烏山頭)"},"geometry":{"type":"LineString","coordinates":[[120.37875,23.27106],[120.37757,23.26926],[120.37658,23.26689],[120.3761,23.26455],[120.376,23.26256]]}},{"type":"Feature","properties":{"id":"0000300032400D","name":"國道3號(柳營到烏山頭)"},"geometry":{"type":"LineString","coordinates":[[120.376,23.26256],[120.37605,23.26037]]}},{"type":"Feature","properties":{"id":"0000300032430D","name":"國道3號(柳營到烏山頭)"},"geometry":{"type":"LineString","coordinates":[[120.37605,23.26037],[120.37594,23.25668],[120.3751,23.25369]]}},{"type":"Feature","properties":{"id":"0000300032500D","name":"國道3號(柳營到烏山頭)"},"geometry":{"type":"LineString","coordinates":[[120.3751,23.25369],[120.3743,23.25207],[120.37291,23.25012],[120.36916,23.24673]]}},{"type":"Feature","properties":{"id":"0000300032600D","name":"國道3號(柳營到烏山頭)"},"geometry":{"type":"LineString","coordinates":[[120.36916,23.24673],[120.36707,23.24481],[120.36574,23.24322],[120.36449,23.24132],[120.36356,23.23939]]}},{"type":"Feature","properties":{"id":"0000300032700D","name":"國道3號(柳營到烏山頭)"},"geometry":{"type":"LineString","coordinates":[[120.36356,23.23939],[120.36251,23.23574],[120.36195,23.23054]]}},{"type":"Feature","properties":{"id":"0000300032800D","name":"國道3號(柳營到烏山頭)"},"geometry":{"type":"LineString","coordinates":[[120.36195,23.23054],[120.36113,23.22624],[120.35931,23.22196]]}},{"type":"Feature","properties":{"id":"0000300032900D","name":"國道3號(柳營到烏山頭)"},"geometry":{"type":"LineString","coordinates":[[120.35931,23.22196],[120.35723,23.21753]]}},{"type":"Feature","properties":{"id":"0000300032960D","name":"國道3號(柳營到烏山頭)"},"geometry":{"type":"LineString","coordinates":[[120.35723,23.21753],[120.3561,23.21349]]}},{"type":"Feature","properties":{"id":"0000300033000D","name":"國道3號(烏山頭到官田系統)"},"geometry":{"type":"LineString","coordinates":[[120.3561,23.21349],[120.35549,23.20768]]}},{"type":"Feature","properties":{"id":"0000300033070D","name":"國道3號(烏山頭到官田系統)"},"geometry":{"type":"LineString","coordinates":[[120.35549,23.20768],[120.35543,23.20452]]}},{"type":"Feature","properties":{"id":"0000300033100D","name":"國道3號(烏山頭到官田系統)"},"geometry":{"type":"LineString","coordinates":[[120.35543,23.20452],[120.35523,23.19553]]}},{"type":"Feature","properties":{"id":"0000300033200D","name":"國道3號(烏山頭到官田系統)"},"geometry":{"type":"LineString","coordinates":[[120.35523,23.19553],[120.35504,23.18654]]}},{"type":"Feature","properties":{"id":"0000300033300D","name":"國道3號(烏山頭到官田系統)"},"geometry":{"type":"LineString","coordinates":[[120.35504,23.18654],[120.35471,23.17755]]}},{"type":"Feature","properties":{"id":"0000300033400D","name":"國道3號(烏山頭到官田系統)"},"geometry":{"type":"LineString","coordinates":[[120.35471,23.17755],[120.35388,23.17239]]}},{"type":"Feature","properties":{"id":"0000300033460D","name":"國道3號(官田系統到善化)"},"geometry":{"type":"LineString","coordinates":[[120.35388,23.17239],[120.35285,23.16873]]}},{"type":"Feature","properties":{"id":"0000300033500D","name":"國道3號(官田系統到善化)"},"geometry":{"type":"LineString","coordinates":[[120.35285,23.16873],[120.35131,23.1648],[120.34932,23.16097]]}},{"type":"Feature","properties":{"id":"0000300033600D","name":"國道3號(官田系統到善化)"},"geometry":{"type":"LineString","coordinates":[[120.34932,23.16097],[120.34752,23.15815],[120.34496,23.15483]]}},{"type":"Feature","properties":{"id":"0000300033680D","name":"國道3號(官田系統到善化)"},"geometry":{"type":"LineString","coordinates":[[120.34496,23.15483],[120.34346,23.15311]]}},{"type":"Feature","properties":{"id":"0000300033700D","name":"國道3號(官田系統到善化)"},"geometry":{"type":"LineString","coordinates":[[120.34346,23.15311],[120.3399,23.14905]]}},{"type":"Feature","properties":{"id":"0000300033760D","name":"國道3號(官田系統到善化)"},"geometry":{"type":"LineString","coordinates":[[120.3399,23.14905],[120.33754,23.14595]]}},{"type":"Feature","properties":{"id":"0000300033800D","name":"國道3號(官田系統到善化)"},"geometry":{"type":"LineString","coordinates":[[120.33754,23.14595],[120.3354,23.14192],[120.33474,23.14001],[120.3342,23.13756]]}},{"type":"Feature","properties":{"id":"0000300033900D","name":"國道3號(官田系統到善化)"},"geometry":{"type":"LineString","coordinates":[[120.3342,23.13756],[120.33344,23.13056],[120.33287,23.12781]]}},{"type":"Feature","properties":{"id":"0000300034010D","name":"國道3號(善化到新化系統)"},"geometry":{"type":"LineString","coordinates":[[120.33287,23.12781],[120.3319,23.12462],[120.32968,23.11959]]}},{"type":"Feature","properties":{"id":"0000300034110D","name":"國道3號(善化到新化系統)"},"geometry":{"type":"LineString","coordinates":[[120.32968,23.11959],[120.32824,23.1158],[120.32746,23.11148]]}},{"type":"Feature","properties":{"id":"0000300034200D","name":"國道3號(善化到新化系統)"},"geometry":{"type":"LineString","coordinates":[[120.32746,23.11148],[120.32738,23.10749],[120.32784,23.10252]]}},{"type":"Feature","properties":{"id":"0000300034300D","name":"國道3號(善化到新化系統)"},"geometry":{"type":"LineString","coordinates":[[120.32784,23.10252],[120.32845,23.09349]]}},{"type":"Feature","properties":{"id":"0000300034400D","name":"國道3號(善化到新化系統)"},"geometry":{"type":"LineString","coordinates":[[120.32845,23.09349],[120.32901,23.08457]]}},{"type":"Feature","properties":{"id":"0000300034500D","name":"國道3號(善化到新化系統)"},"geometry":{"type":"LineString","coordinates":[[120.32901,23.08457],[120.32905,23.07852],[120.32849,23.07502]]}},{"type":"Feature","properties":{"id":"0000300034610D","name":"國道3號(善化到新化系統)"},"geometry":{"type":"LineString","coordinates":[[120.32849,23.07502],[120.32813,23.07381]]}},{"type":"Feature","properties":{"id":"0000300034620D","name":"國道3號(善化到新化系統)"},"geometry":{"type":"LineString","coordinates":[[120.32813,23.07381],[120.32645,23.06982]]}},{"type":"Feature","properties":{"id":"0000300034670D","name":"國道3號(新化系統到新化休息站)"},"geometry":{"type":"LineString","coordinates":[[120.32645,23.06982],[120.32509,23.06712]]}},{"type":"Feature","properties":{"id":"0000300034700D","name":"國道3號(新化系統到新化休息站)"},"geometry":{"type":"LineString","coordinates":[[120.32509,23.06712],[120.32314,23.06277],[120.32174,23.05799]]}},{"type":"Feature","properties":{"id":"0000300034810D","name":"國道3號(新化系統到新化休息站)"},"geometry":{"type":"LineString","coordinates":[[120.32174,23.05799],[120.32115,23.05395],[120.32136,23.04979]]}},{"type":"Feature","properties":{"id":"0000300034900D","name":"國道3號(新化系統到新化休息站)"},"geometry":{"type":"LineString","coordinates":[[120.32136,23.04979],[120.32237,23.04605],[120.32454,23.04136]]}},{"type":"Feature","properties":{"id":"0000300035000D","name":"國道3號(新化休息站到關廟)"},"geometry":{"type":"LineString","coordinates":[[120.32454,23.04136],[120.32625,23.03747],[120.32703,23.03443]]}},{"type":"Feature","properties":{"id":"0000300035090D","name":"國道3號(新化休息站到關廟)"},"geometry":{"type":"LineString","coordinates":[[120.32703,23.03443],[120.3273,23.03273]]}},{"type":"Feature","properties":{"id":"0000300035100D","name":"國道3號(新化休息站到關廟)"},"geometry":{"type":"LineString","coordinates":[[120.3273,23.03273],[120.32743,23.03011],[120.32726,23.02774]]}},{"type":"Feature","properties":{"id":"0000300035160D","name":"國道3號(新化休息站到關廟)"},"geometry":{"type":"LineString","coordinates":[[120.32726,23.02774],[120.32701,23.02601],[120.3264,23.02379]]}},{"type":"Feature","properties":{"id":"0000300035200D","name":"國道3號(新化休息站到關廟)"},"geometry":{"type":"LineString","coordinates":[[120.3264,23.02379],[120.32518,23.02072],[120.32226,23.01564]]}},{"type":"Feature","properties":{"id":"0000300035300D","name":"國道3號(新化休息站到關廟)"},"geometry":{"type":"LineString","coordinates":[[120.32226,23.01564],[120.32057,23.01195],[120.31998,23.00946],[120.31979,23.0071]]}},{"type":"Feature","properties":{"id":"0000300035400D","name":"國道3號(新化休息站到關廟)"},"geometry":{"type":"LineString","coordinates":[[120.31979,23.0071],[120.32019,23.00143],[120.3202,22.99812]]}},{"type":"Feature","properties":{"id":"0000300035500D","name":"國道3號(新化休息站到關廟)"},"geometry":{"type":"LineString","coordinates":[[120.3202,22.99812],[120.31975,22.99275],[120.31979,22.98916]]}},{"type":"Feature","properties":{"id":"0000300035600D","name":"國道3號(關廟到關廟服務區)"},"geometry":{"type":"LineString","coordinates":[[120.31979,22.98916],[120.32013,22.98658],[120.32072,22.98408],[120.32226,22.98013]]}},{"type":"Feature","properties":{"id":"0000300035710D","name":"國道3號(關廟到關廟服務區)"},"geometry":{"type":"LineString","coordinates":[[120.32226,22.98013],[120.32346,22.97816],[120.32477,22.97658],[120.32771,22.97418]]}},{"type":"Feature","properties":{"id":"0000300035800D","name":"國道3號(關廟到關廟服務區)"},"geometry":{"type":"LineString","coordinates":[[120.32771,22.97418],[120.32957,22.97317],[120.33138,22.97247],[120.33743,22.97101]]}},{"type":"Feature","properties":{"id":"0000300035900D","name":"國道3號(關廟到關廟服務區)"},"geometry":{"type":"LineString","coordinates":[[120.33743,22.97101],[120.33977,22.96997],[120.34169,22.96858],[120.34342,22.96683],[120.34461,22.9651]]}},{"type":"Feature","properties":{"id":"0000300036000D","name":"國道3號(關廟到關廟服務區)"},"geometry":{"type":"LineString","coordinates":[[120.34461,22.9651],[120.3469,22.96073],[120.34811,22.95921],[120.34978,22.9576]]}},{"type":"Feature","properties":{"id":"0000300036100D","name":"國道3號(關廟到關廟服務區)"},"geometry":{"type":"LineString","coordinates":[[120.34978,22.9576],[120.35136,22.95607],[120.35289,22.95399],[120.35394,22.95181],[120.35448,22.94983]]}},{"type":"Feature","properties":{"id":"0000300036200D","name":"國道3號(關廟到關廟服務區)"},"geometry":{"type":"LineString","coordinates":[[120.35448,22.94983],[120.3547,22.94833],[120.35453,22.94534],[120.35322,22.94102]]}},{"type":"Feature","properties":{"id":"0000300036300D","name":"國道3號(關廟服務區到田寮)"},"geometry":{"type":"LineString","coordinates":[[120.35322,22.94102],[120.35201,22.93686],[120.3516,22.93323]]}},{"type":"Feature","properties":{"id":"0000300036390D","name":"國道3號(關廟服務區到田寮)"},"geometry":{"type":"LineString","coordinates":[[120.3516,22.93323],[120.35157,22.9322]]}},{"type":"Feature","properties":{"id":"0000300036400D","name":"國道3號(關廟服務區到田寮)"},"geometry":{"type":"LineString","coordinates":[[120.35157,22.9322],[120.3514,22.92849],[120.35065,22.92482]]}},{"type":"Feature","properties":{"id":"0000300036490D","name":"國道3號(關廟服務區到田寮)"},"geometry":{"type":"LineString","coordinates":[[120.35065,22.92482],[120.35024,22.92332]]}},{"type":"Feature","properties":{"id":"0000300036500D","name":"國道3號(關廟服務區到田寮)"},"geometry":{"type":"LineString","coordinates":[[120.35024,22.92332],[120.34933,22.9187],[120.34939,22.91442]]}},{"type":"Feature","properties":{"id":"0000300036600D","name":"國道3號(關廟服務區到田寮)"},"geometry":{"type":"LineString","coordinates":[[120.34939,22.91442],[120.35024,22.91044],[120.35124,22.90786],[120.35226,22.90591]]}},{"type":"Feature","properties":{"id":"0000300036700D","name":"國道3號(關廟服務區到田寮)"},"geometry":{"type":"LineString","coordinates":[[120.35226,22.90591],[120.35723,22.89817]]}},{"type":"Feature","properties":{"id":"0000300036800D","name":"國道3號(關廟服務區到田寮)"},"geometry":{"type":"LineString","coordinates":[[120.35723,22.89817],[120.3584,22.89608]]}},{"type":"Feature","properties":{"id":"0000300036830E","name":"國道3號(關廟服務區到田寮)"},"geometry":{"type":"LineString","coordinates":[[120.3584,22.89608],[120.35959,22.89335],[120.36051,22.88973]]}},{"type":"Feature","properties":{"id":"0000300036900E","name":"國道3號(田寮到燕巢系統)"},"geometry":{"type":"LineString","coordinates":[[120.36051,22.88973],[120.36076,22.88726],[120.36062,22.88332]]}},{"type":"Feature","properties":{"id":"0000300036980E","name":"國道3號(田寮到燕巢系統)"},"geometry":{"type":"LineString","coordinates":[[120.36062,22.88332],[120.36046,22.88074]]}},{"type":"Feature","properties":{"id":"0000300037000E","name":"國道3號(田寮到燕巢系統)"},"geometry":{"type":"LineString","coordinates":[[120.36046,22.88074],[120.36068,22.87708]]}},{"type":"Feature","properties":{"id":"0000300037050E","name":"國道3號(田寮到燕巢系統)"},"geometry":{"type":"LineString","coordinates":[[120.36068,22.87708],[120.36123,22.87426],[120.36204,22.87194]]}},{"type":"Feature","properties":{"id":"0000300037100E","name":"國道3號(田寮到燕巢系統)"},"geometry":{"type":"LineString","coordinates":[[120.36204,22.87194],[120.36414,22.86797],[120.36708,22.86441]]}},{"type":"Feature","properties":{"id":"0000300037200E","name":"國道3號(田寮到燕巢系統)"},"geometry":{"type":"LineString","coordinates":[[120.36708,22.86441],[120.3741,22.85818]]}},{"type":"Feature","properties":{"id":"0000300037300E","name":"國道3號(田寮到燕巢系統)"},"geometry":{"type":"LineString","coordinates":[[120.3741,22.85818],[120.37866,22.85422],[120.38099,22.8518]]}},{"type":"Feature","properties":{"id":"0000300037400E","name":"國道3號(田寮到燕巢系統)"},"geometry":{"type":"LineString","coordinates":[[120.38099,22.8518],[120.3821,22.85037],[120.38608,22.84413]]}},{"type":"Feature","properties":{"id":"0000300037500E","name":"國道3號(田寮到燕巢系統)"},"geometry":{"type":"LineString","coordinates":[[120.38608,22.84413],[120.38796,22.84207],[120.38966,22.84071],[120.39346,22.83857]]}},{"type":"Feature","properties":{"id":"0000300037600E","name":"國道3號(田寮到燕巢系統)"},"geometry":{"type":"LineString","coordinates":[[120.39346,22.83857],[120.40236,22.83487]]}},{"type":"Feature","properties":{"id":"0000300037700E","name":"國道3號(田寮到燕巢系統)"},"geometry":{"type":"LineString","coordinates":[[120.40236,22.83487],[120.40684,22.83264],[120.41071,22.83014]]}},{"type":"Feature","properties":{"id":"0000300037800E","name":"國道3號(田寮到燕巢系統)"},"geometry":{"type":"LineString","coordinates":[[120.41071,22.83014],[120.41493,22.82665],[120.41762,22.82373]]}},{"type":"Feature","properties":{"id":"0000300037900E","name":"國道3號(田寮到燕巢系統)"},"geometry":{"type":"LineString","coordinates":[[120.41762,22.82373],[120.41948,22.82127]]}},{"type":"Feature","properties":{"id":"0000300037940E","name":"國道3號(田寮到燕巢系統)"},"geometry":{"type":"LineString","coordinates":[[120.41948,22.82127],[120.4212,22.81833],[120.42234,22.81585]]}},{"type":"Feature","properties":{"id":"0000300038000E","name":"國道3號(田寮到燕巢系統)"},"geometry":{"type":"LineString","coordinates":[[120.42234,22.81585],[120.42434,22.8114],[120.42555,22.80735]]}},{"type":"Feature","properties":{"id":"0000300038100E","name":"國道3號(田寮到燕巢系統)"},"geometry":{"type":"LineString","coordinates":[[120.42555,22.80735],[120.42583,22.80576]]}},{"type":"Feature","properties":{"id":"0000300038120E","name":"國道3號(田寮到燕巢系統)"},"geometry":{"type":"LineString","coordinates":[[120.42583,22.80576],[120.42623,22.80238],[120.42628,22.79837]]}},{"type":"Feature","properties":{"id":"0000300038200E","name":"國道3號(燕巢系統到九如)"},"geometry":{"type":"LineString","coordinates":[[120.42628,22.79837],[120.4257,22.78938]]}},{"type":"Feature","properties":{"id":"0000300038300E","name":"國道3號(燕巢系統到九如)"},"geometry":{"type":"LineString","coordinates":[[120.4257,22.78938],[120.42569,22.78823]]}},{"type":"Feature","properties":{"id":"0000300038320E","name":"國道3號(燕巢系統到九如)"},"geometry":{"type":"LineString","coordinates":[[120.42569,22.78823],[120.42633,22.78342]]}},{"type":"Feature","properties":{"id":"0000300038370E","name":"國道3號(燕巢系統到九如)"},"geometry":{"type":"LineString","coordinates":[[120.42633,22.78342],[120.42756,22.78009]]}},{"type":"Feature","properties":{"id":"0000300038410E","name":"國道3號(燕巢系統到九如)"},"geometry":{"type":"LineString","coordinates":[[120.42756,22.78009],[120.43002,22.77642],[120.43149,22.77486],[120.43305,22.77356]]}},{"type":"Feature","properties":{"id":"0000300038500E","name":"國道3號(燕巢系統到九如)"},"geometry":{"type":"LineString","coordinates":[[120.43305,22.77356],[120.43566,22.77186],[120.44152,22.76926]]}},{"type":"Feature","properties":{"id":"0000300038600E","name":"國道3號(燕巢系統到九如)"},"geometry":{"type":"LineString","coordinates":[[120.44152,22.76926],[120.45037,22.76549]]}},{"type":"Feature","properties":{"id":"0000300038700E","name":"國道3號(燕巢系統到九如)"},"geometry":{"type":"LineString","coordinates":[[120.45037,22.76549],[120.45438,22.76374]]}},{"type":"Feature","properties":{"id":"0000300038750T","name":"國道3號(燕巢系統到九如)"},"geometry":{"type":"LineString","coordinates":[[120.45438,22.76374],[120.45922,22.7617]]}},{"type":"Feature","properties":{"id":"0000300038800T","name":"國道3號(燕巢系統到九如)"},"geometry":{"type":"LineString","coordinates":[[120.45922,22.7617],[120.46352,22.75993],[120.46826,22.75849]]}},{"type":"Feature","properties":{"id":"0000300038900T","name":"國道3號(燕巢系統到九如)"},"geometry":{"type":"LineString","coordinates":[[120.46826,22.75849],[120.47168,22.75782],[120.47785,22.75708]]}},{"type":"Feature","properties":{"id":"0000300039000T","name":"國道3號(燕巢系統到九如)"},"geometry":{"type":"LineString","coordinates":[[120.47785,22.75708],[120.48406,22.75622],[120.48835,22.75497]]}},{"type":"Feature","properties":{"id":"0000300039110T","name":"國道3號(燕巢系統到九如)"},"geometry":{"type":"LineString","coordinates":[[120.48835,22.75497],[120.49124,22.75367]]}},{"type":"Feature","properties":{"id":"0000300039150T","name":"國道3號(九如到屏東)"},"geometry":{"type":"LineString","coordinates":[[120.49124,22.75367],[120.49309,22.75259],[120.49578,22.75062]]}},{"type":"Feature","properties":{"id":"0000300039200T","name":"國道3號(九如到屏東)"},"geometry":{"type":"LineString","coordinates":[[120.49578,22.75062],[120.49903,22.74731],[120.50175,22.74355]]}},{"type":"Feature","properties":{"id":"0000300039300T","name":"國道3號(九如到屏東)"},"geometry":{"type":"LineString","coordinates":[[120.50175,22.74355],[120.5047,22.73946],[120.50761,22.73641]]}},{"type":"Feature","properties":{"id":"0000300039400T","name":"國道3號(九如到屏東)"},"geometry":{"type":"LineString","coordinates":[[120.50761,22.73641],[120.50973,22.73466],[120.51525,22.73087]]}},{"type":"Feature","properties":{"id":"0000300039500T","name":"國道3號(九如到屏東)"},"geometry":{"type":"LineString","coordinates":[[120.51525,22.73087],[120.51858,22.7282],[120.52199,22.72437]]}},{"type":"Feature","properties":{"id":"0000300039600T","name":"國道3號(屏東到長治)"},"geometry":{"type":"LineString","coordinates":[[120.52199,22.72437],[120.525,22.72029]]}},{"type":"Feature","properties":{"id":"0000300039660T","name":"國道3號(屏東到長治)"},"geometry":{"type":"LineString","coordinates":[[120.525,22.72029],[120.52753,22.71697]]}},{"type":"Feature","properties":{"id":"0000300039700T","name":"國道3號(屏東到長治)"},"geometry":{"type":"LineString","coordinates":[[120.52753,22.71697],[120.53038,22.71361],[120.53385,22.71016]]}},{"type":"Feature","properties":{"id":"0000300039800T","name":"國道3號(屏東到長治)"},"geometry":{"type":"LineString","coordinates":[[120.53385,22.71016],[120.53766,22.70697],[120.54129,22.70441]]}},{"type":"Feature","properties":{"id":"0000300039900T","name":"國道3號(屏東到長治)"},"geometry":{"type":"LineString","coordinates":[[120.54129,22.70441],[120.54762,22.70078]]}},{"type":"Feature","properties":{"id":"0000300039980T","name":"國道3號(屏東到長治)"},"geometry":{"type":"LineString","coordinates":[[120.54762,22.70078],[120.5496,22.69975]]}},{"type":"Feature","properties":{"id":"0000300040000T","name":"國道3號(屏東到長治)"},"geometry":{"type":"LineString","coordinates":[[120.5496,22.69975],[120.55407,22.6972],[120.55743,22.69441]]}},{"type":"Feature","properties":{"id":"0000300040100T","name":"國道3號(長治到麟洛)"},"geometry":{"type":"LineString","coordinates":[[120.55743,22.69441],[120.55885,22.69281],[120.56025,22.69079]]}},{"type":"Feature","properties":{"id":"0000300040150T","name":"國道3號(長治到麟洛)"},"geometry":{"type":"LineString","coordinates":[[120.56025,22.69079],[120.56146,22.68855],[120.56221,22.68664]]}},{"type":"Feature","properties":{"id":"0000300040200T","name":"國道3號(長治到麟洛)"},"geometry":{"type":"LineString","coordinates":[[120.56221,22.68664],[120.56271,22.68485],[120.5631,22.68217],[120.56293,22.67773]]}},{"type":"Feature","properties":{"id":"0000300040300T","name":"國道3號(長治到麟洛)"},"geometry":{"type":"LineString","coordinates":[[120.56293,22.67773],[120.56191,22.67354],[120.56013,22.66915]]}},{"type":"Feature","properties":{"id":"0000300040400T","name":"國道3號(長治到麟洛)"},"geometry":{"type":"LineString","coordinates":[[120.56013,22.66915],[120.55758,22.66466],[120.55516,22.66145]]}},{"type":"Feature","properties":{"id":"0000300040500T","name":"國道3號(長治到麟洛)"},"geometry":{"type":"LineString","coordinates":[[120.55516,22.66145],[120.5489,22.65454]]}},{"type":"Feature","properties":{"id":"0000300040600T","name":"國道3號(長治到麟洛)"},"geometry":{"type":"LineString","coordinates":[[120.5489,22.65454],[120.54475,22.64962]]}},{"type":"Feature","properties":{"id":"0000300040670T","name":"國道3號(長治到麟洛)"},"geometry":{"type":"LineString","coordinates":[[120.54475,22.64962],[120.54307,22.64735]]}},{"type":"Feature","properties":{"id":"0000300040700T","name":"國道3號(麟洛到竹田系統)"},"geometry":{"type":"LineString","coordinates":[[120.54307,22.64735],[120.54089,22.64411],[120.53824,22.63954]]}},{"type":"Feature","properties":{"id":"0000300040800T","name":"國道3號(麟洛到竹田系統)"},"geometry":{"type":"LineString","coordinates":[[120.53824,22.63954],[120.53596,22.63488],[120.53453,22.63124]]}},{"type":"Feature","properties":{"id":"0000300040900T","name":"國道3號(麟洛到竹田系統)"},"geometry":{"type":"LineString","coordinates":[[120.53453,22.63124],[120.53419,22.63025]]}},{"type":"Feature","properties":{"id":"0000300040920T","name":"國道3號(麟洛到竹田系統)"},"geometry":{"type":"LineString","coordinates":[[120.53419,22.63025],[120.53323,22.62651],[120.5326,22.62246]]}},{"type":"Feature","properties":{"id":"0000300041000T","name":"國道3號(麟洛到竹田系統)"},"geometry":{"type":"LineString","coordinates":[[120.5326,22.62246],[120.53195,22.61676],[120.53134,22.61353]]}},{"type":"Feature","properties":{"id":"0000300041100T","name":"國道3號(麟洛到竹田系統)"},"geometry":{"type":"LineString","coordinates":[[120.53134,22.61353],[120.53002,22.60899],[120.52852,22.60491]]}},{"type":"Feature","properties":{"id":"0000300041200T","name":"國道3號(麟洛到竹田系統)"},"geometry":{"type":"LineString","coordinates":[[120.52852,22.60491],[120.5259,22.59625]]}},{"type":"Feature","properties":{"id":"0000300041300T","name":"國道3號(麟洛到竹田系統)"},"geometry":{"type":"LineString","coordinates":[[120.5259,22.59625],[120.52474,22.59141],[120.52455,22.58739]]}},{"type":"Feature","properties":{"id":"0000300041400T","name":"國道3號(麟洛到竹田系統)"},"geometry":{"type":"LineString","coordinates":[[120.52455,22.58739],[120.52515,22.58326],[120.52664,22.57785]]}},{"type":"Feature","properties":{"id":"0000300041510T","name":"國道3號(竹田系統到崁頂)"},"geometry":{"type":"LineString","coordinates":[[120.52664,22.57785],[120.52776,22.57333],[120.52814,22.56979]]}},{"type":"Feature","properties":{"id":"0000300041600T","name":"國道3號(竹田系統到崁頂)"},"geometry":{"type":"LineString","coordinates":[[120.52814,22.56979],[120.52803,22.56704]]}},{"type":"Feature","properties":{"id":"0000300041640T","name":"國道3號(竹田系統到崁頂)"},"geometry":{"type":"LineString","coordinates":[[120.52803,22.56704],[120.52744,22.56386],[120.52646,22.56102]]}},{"type":"Feature","properties":{"id":"0000300041700T","name":"國道3號(竹田系統到崁頂)"},"geometry":{"type":"LineString","coordinates":[[120.52646,22.56102],[120.52225,22.55293]]}},{"type":"Feature","properties":{"id":"0000300041800T","name":"國道3號(竹田系統到崁頂)"},"geometry":{"type":"LineString","coordinates":[[120.52225,22.55293],[120.52031,22.5485],[120.51921,22.5444]]}},{"type":"Feature","properties":{"id":"0000300041900T","name":"國道3號(竹田系統到崁頂)"},"geometry":{"type":"LineString","coordinates":[[120.51921,22.5444],[120.51868,22.53988],[120.51885,22.53544]]}},{"type":"Feature","properties":{"id":"0000300042000T","name":"國道3號(竹田系統到崁頂)"},"geometry":{"type":"LineString","coordinates":[[120.51885,22.53544],[120.51956,22.53152],[120.52115,22.52673]]}},{"type":"Feature","properties":{"id":"0000300042100T","name":"國道3號(崁頂到南州)"},"geometry":{"type":"LineString","coordinates":[[120.52115,22.52673],[120.52374,22.51984]]}},{"type":"Feature","properties":{"id":"0000300042190T","name":"國道3號(崁頂到南州)"},"geometry":{"type":"LineString","coordinates":[[120.52374,22.51984],[120.52415,22.51818]]}},{"type":"Feature","properties":{"id":"0000300042200T","name":"國道3號(崁頂到南州)"},"geometry":{"type":"LineString","coordinates":[[120.52415,22.51818],[120.52467,22.51465],[120.52478,22.50924]]}},{"type":"Feature","properties":{"id":"0000300042300T","name":"國道3號(崁頂到南州)"},"geometry":{"type":"LineString","coordinates":[[120.52478,22.50924],[120.52502,22.50438],[120.52602,22.50036]]}},{"type":"Feature","properties":{"id":"0000300042400T","name":"國道3號(南州到林邊)"},"geometry":{"type":"LineString","coordinates":[[120.52602,22.50036],[120.5281,22.49518]]}},{"type":"Feature","properties":{"id":"0000300042470T","name":"國道3號(南州到林邊)"},"geometry":{"type":"LineString","coordinates":[[120.5281,22.49518],[120.5294,22.49193]]}},{"type":"Feature","properties":{"id":"0000300042500T","name":"國道3號(南州到林邊)"},"geometry":{"type":"LineString","coordinates":[[120.5294,22.49193],[120.53047,22.48861],[120.53101,22.48615]]}},{"type":"Feature","properties":{"id":"0000300042570T","name":"國道3號(南州到林邊)"},"geometry":{"type":"LineString","coordinates":[[120.53101,22.48615],[120.53141,22.48314]]}},{"type":"Feature","properties":{"id":"0000300042600T","name":"國道3號(南州到林邊)"},"geometry":{"type":"LineString","coordinates":[[120.53141,22.48314],[120.53146,22.47895],[120.53076,22.47421]]}},{"type":"Feature","properties":{"id":"0000300042700T","name":"國道3號(南州到林邊)"},"geometry":{"type":"LineString","coordinates":[[120.53076,22.47421],[120.52959,22.47035],[120.52742,22.4658]]}},{"type":"Feature","properties":{"id":"0000300042800T","name":"國道3號(南州到林邊)"},"geometry":{"type":"LineString","coordinates":[[120.52742,22.4658],[120.52483,22.46201],[120.52169,22.45859]]}},{"type":"Feature","properties":{"id":"0000300042900T","name":"國道3號(南州到林邊)"},"geometry":{"type":"LineString","coordinates":[[120.52169,22.45859],[120.51454,22.4525]]}},{"type":"Feature","properties":{"id":"0000300043000T","name":"國道3號(林邊到大鵬灣端)"},"geometry":{"type":"LineString","coordinates":[[120.51454,22.4525],[120.5094,22.44833]]}},{"type":"Feature","properties":{"id":"0000300043080T","name":"國道3號(林邊到大鵬灣端)"},"geometry":{"type":"LineString","coordinates":[[120.5094,22.44833],[120.50724,22.44655]]}},{"type":"Feature","properties":{"id":"0000300043100T","name":"國道3號(林邊到大鵬灣端)"},"geometry":{"type":"LineString","coordinates":[[120.50724,22.44655],[120.50281,22.44295],[120.50183,22.44234],[120.4999,22.44164],[120.49824,22.44148]]}},{"type":"Feature","properties":{"id":"0000300100000C","name":"國道3號(瑪東系統到基金)"},"geometry":{"type":"LineString","coordinates":[[121.71043,25.1373],[121.71625,25.14049]]}},{"type":"Feature","properties":{"id":"0000300100060C","name":"國道3號(瑪東系統到基金)"},"geometry":{"type":"LineString","coordinates":[[121.70843,25.1366],[121.71043,25.1373]]}},{"type":"Feature","properties":{"id":"0000300100080C","name":"國道3號(瑪東系統到基金)"},"geometry":{"type":"LineString","coordinates":[[121.70615,25.13597],[121.70843,25.1366]]}},{"type":"Feature","properties":{"id":"0000300100100C","name":"國道3號(瑪東系統到基金)"},"geometry":{"type":"LineString","coordinates":[[121.69879,25.12992],[121.69938,25.13124],[121.70114,25.13319],[121.70337,25.13477],[121.70615,25.13597]]}},{"type":"Feature","properties":{"id":"0000300100200C","name":"國道3號(瑪東系統到基金)"},"geometry":{"type":"LineString","coordinates":[[121.69861,25.12948],[121.69879,25.12992]]}},{"type":"Feature","properties":{"id":"0000300100210C","name":"國道3號(汐止系統到瑪東系統)"},"geometry":{"type":"LineString","coordinates":[[121.69655,25.12152],[121.69714,25.12333],[121.69812,25.1281],[121.69861,25.12948]]}},{"type":"Feature","properties":{"id":"0000300100300C","name":"國道3號(汐止系統到瑪東系統)"},"geometry":{"type":"LineString","coordinates":[[121.69519,25.11921],[121.69655,25.12152]]}},{"type":"Feature","properties":{"id":"0000300100330C","name":"國道3號(汐止系統到瑪東系統)"},"geometry":{"type":"LineString","coordinates":[[121.68987,25.11503],[121.69307,25.1171],[121.69519,25.11921]]}},{"type":"Feature","properties":{"id":"0000300100400C","name":"國道3號(汐止系統到瑪東系統)"},"geometry":{"type":"LineString","coordinates":[[121.68418,25.10771],[121.68563,25.11052],[121.68657,25.11193],[121.68795,25.11348],[121.68987,25.11503]]}},{"type":"Feature","properties":{"id":"0000300100520C","name":"國道3號(汐止系統到瑪東系統)"},"geometry":{"type":"LineString","coordinates":[[121.68061,25.10249],[121.68245,25.10461],[121.68418,25.10771]]}},{"type":"Feature","properties":{"id":"0000300100570C","name":"國道3號(汐止系統到瑪東系統)"},"geometry":{"type":"LineString","coordinates":[[121.6782,25.10062],[121.6795,25.10138],[121.68061,25.10249]]}},{"type":"Feature","properties":{"id":"0000300100600C","name":"國道3號(汐止系統到瑪東系統)"},"geometry":{"type":"LineString","coordinates":[[121.67623,25.09986],[121.6782,25.10062]]}},{"type":"Feature","properties":{"id":"0000300100630C","name":"國道3號(汐止系統到瑪東系統)"},"geometry":{"type":"LineString","coordinates":[[121.66886,25.09742],[121.67115,25.09842],[121.67623,25.09986]]}},{"type":"Feature","properties":{"id":"0000300100700C","name":"國道3號(汐止系統到瑪東系統)"},"geometry":{"type":"LineString","coordinates":[[121.66023,25.09184],[121.66184,25.09237],[121.6634,25.09321],[121.66702,25.09624],[121.66886,25.09742]]}},{"type":"Feature","properties":{"id":"0000300100810C","name":"國道3號(汐止系統到瑪東系統)"},"geometry":{"type":"LineString","coordinates":[[121.65906,25.09148],[121.66023,25.09184]]}},{"type":"Feature","properties":{"id":"0000300100820F","name":"國道3號(汐止系統到瑪東系統)"},"geometry":{"type":"LineString","coordinates":[[121.65423,25.09001],[121.65906,25.09148]]}},{"type":"Feature","properties":{"id":"0000300100880F","name":"國道3號(汐止系統到瑪東系統)"},"geometry":{"type":"LineString","coordinates":[[121.65196,25.08832],[121.65423,25.09001]]}},{"type":"Feature","properties":{"id":"0000300100900F","name":"國道3號(汐止系統到瑪東系統)"},"geometry":{"type":"LineString","coordinates":[[121.64812,25.08007],[121.64988,25.08539],[121.65077,25.08694],[121.65196,25.08832]]}},{"type":"Feature","properties":{"id":"0000300101000F","name":"國道3號(新台五路到汐止系統)"},"geometry":{"type":"LineString","coordinates":[[121.64536,25.07137],[121.64812,25.08007]]}},{"type":"Feature","properties":{"id":"0000300101100F","name":"國道3號(新台五路到汐止系統)"},"geometry":{"type":"LineString","coordinates":[[121.64411,25.06749],[121.64536,25.07137]]}},{"type":"Feature","properties":{"id":"0000300101150F","name":"國道3號(新台五路到汐止系統)"},"geometry":{"type":"LineString","coordinates":[[121.64257,25.06263],[121.64411,25.06749]]}},{"type":"Feature","properties":{"id":"0000300101200F","name":"國道3號(新台五路到汐止系統)"},"geometry":{"type":"LineString","coordinates":[[121.64169,25.06012],[121.64257,25.06263]]}},{"type":"Feature","properties":{"id":"0000300101230F","name":"國道3號(南港到新台五路)"},"geometry":{"type":"LineString","coordinates":[[121.63723,25.0552],[121.63989,25.05745],[121.64169,25.06012]]}},{"type":"Feature","properties":{"id":"0000300101300F","name":"國道3號(南港到新台五路)"},"geometry":{"type":"LineString","coordinates":[[121.63597,25.05451],[121.63723,25.0552]]}},{"type":"Feature","properties":{"id":"0000300101320F","name":"國道3號(南港到新台五路)"},"geometry":{"type":"LineString","coordinates":[[121.62858,25.05075],[121.63132,25.05258],[121.63597,25.05451]]}},{"type":"Feature","properties":{"id":"0000300101400F","name":"國道3號(南港到新台五路)"},"geometry":{"type":"LineString","coordinates":[[121.62775,25.04992],[121.62858,25.05075]]}},{"type":"Feature","properties":{"id":"0000300101420F","name":"國道3號(南港系統到南港)"},"geometry":{"type":"LineString","coordinates":[[121.62469,25.04218],[121.62517,25.0448],[121.62587,25.04713],[121.62655,25.04836],[121.62775,25.04992]]}},{"type":"Feature","properties":{"id":"0000300101510F","name":"國道3號(南港系統到南港)"},"geometry":{"type":"LineString","coordinates":[[121.62367,25.0392],[121.62469,25.04218]]}},{"type":"Feature","properties":{"id":"0000300101540A","name":"國道3號(南港系統到南港)"},"geometry":{"type":"LineString","coordinates":[[121.62312,25.03829],[121.62367,25.0392]]}},{"type":"Feature","properties":{"id":"0000300101570A","name":"國道3號(南港系統到南港)"},"geometry":{"type":"LineString","coordinates":[[121.61979,25.035],[121.62142,25.03628],[121.62312,25.03829]]}},{"type":"Feature","properties":{"id":"0000300101600A","name":"國道3號(南港系統到南港)"},"geometry":{"type":"LineString","coordinates":[[121.619,25.0345],[121.61979,25.035]]}},{"type":"Feature","properties":{"id":"0000300101610A","name":"國道3號(木柵到南深路)"},"geometry":{"type":"LineString","coordinates":[[121.61586,25.03266],[121.619,25.0345]]}},{"type":"Feature","properties":{"id":"0000300101650A","name":"國道3號(木柵到南深路)"},"geometry":{"type":"LineString","coordinates":[[121.61139,25.03006],[121.61586,25.03266]]}},{"type":"Feature","properties":{"id":"0000300101700A","name":"國道3號(木柵到南深路)"},"geometry":{"type":"LineString","coordinates":[[121.60334,25.02472],[121.60648,25.02712],[121.61139,25.03006]]}},{"type":"Feature","properties":{"id":"0000300101800A","name":"國道3號(木柵到南深路)"},"geometry":{"type":"LineString","coordinates":[[121.6024,25.02376],[121.60334,25.02472]]}},{"type":"Feature","properties":{"id":"0000300101820A","name":"國道3號(木柵到南深路)"},"geometry":{"type":"LineString","coordinates":[[121.59862,25.01701],[121.6002,25.0208],[121.6024,25.02376]]}},{"type":"Feature","properties":{"id":"0000300101900A","name":"國道3號(木柵到南深路)"},"geometry":{"type":"LineString","coordinates":[[121.59805,25.01481],[121.59862,25.01701]]}},{"type":"Feature","properties":{"id":"0000300101930F","name":"國道3號(木柵到南深路)"},"geometry":{"type":"LineString","coordinates":[[121.59681,25.00933],[121.59805,25.01481]]}},{"type":"Feature","properties":{"id":"0000300101990F","name":"國道3號(木柵到南深路)"},"geometry":{"type":"LineString","coordinates":[[121.59654,25.00805],[121.59681,25.00933]]}},{"type":"Feature","properties":{"id":"0000300102000F","name":"國道3號(木柵到南深路)"},"geometry":{"type":"LineString","coordinates":[[121.59596,25.00539],[121.59654,25.00805]]}},{"type":"Feature","properties":{"id":"0000300102030F","name":"國道3號(木柵到南深路)"},"geometry":{"type":"LineString","coordinates":[[121.59587,25.00497],[121.59596,25.00539]]}},{"type":"Feature","properties":{"id":"0000300102040A","name":"國道3號(木柵休息站到木柵)"},"geometry":{"type":"LineString","coordinates":[[121.59458,24.99921],[121.59587,25.00497]]}},{"type":"Feature","properties":{"id":"0000300102100A","name":"國道3號(木柵休息站到木柵)"},"geometry":{"type":"LineString","coordinates":[[121.59352,24.99436],[121.59458,24.99921]]}},{"type":"Feature","properties":{"id":"0000300102160A","name":"國道3號(木柵休息站到木柵)"},"geometry":{"type":"LineString","coordinates":[[121.59299,24.99207],[121.59352,24.99436]]}},{"type":"Feature","properties":{"id":"0000300102190A","name":"國道3號(木柵休息站到木柵)"},"geometry":{"type":"LineString","coordinates":[[121.59255,24.99044],[121.59299,24.99207]]}},{"type":"Feature","properties":{"id":"0000300102200A","name":"國道3號(木柵休息站到木柵)"},"geometry":{"type":"LineString","coordinates":[[121.58821,24.98248],[121.58921,24.98364],[121.59097,24.98648],[121.59255,24.99044]]}},{"type":"Feature","properties":{"id":"0000300102300A","name":"國道3號(木柵休息站到木柵)"},"geometry":{"type":"LineString","coordinates":[[121.58299,24.97844],[121.58547,24.98001],[121.58821,24.98248]]}},{"type":"Feature","properties":{"id":"0000300102370A","name":"國道3號(木柵休息站到木柵)"},"geometry":{"type":"LineString","coordinates":[[121.5813,24.97764],[121.58299,24.97844]]}},{"type":"Feature","properties":{"id":"0000300102390A","name":"國道3號(木柵休息站到木柵)"},"geometry":{"type":"LineString","coordinates":[[121.58029,24.97723],[121.5813,24.97764]]}},{"type":"Feature","properties":{"id":"0000300102400A","name":"國道3號(木柵休息站到木柵)"},"geometry":{"type":"LineString","coordinates":[[121.576,24.97618],[121.57808,24.97656],[121.58029,24.97723]]}},{"type":"Feature","properties":{"id":"0000300102450A","name":"國道3號(木柵休息站到木柵)"},"geometry":{"type":"LineString","coordinates":[[121.57182,24.976],[121.576,24.97618]]}},{"type":"Feature","properties":{"id":"0000300102490A","name":"國道3號(木柵休息站到木柵)"},"geometry":{"type":"LineString","coordinates":[[121.5706,24.97611],[121.57182,24.976]]}},{"type":"Feature","properties":{"id":"0000300102500A","name":"國道3號(新店到木柵休息站)"},"geometry":{"type":"LineString","coordinates":[[121.56916,24.97629],[121.5706,24.97611]]}},{"type":"Feature","properties":{"id":"0000300102520A","name":"國道3號(新店到木柵休息站)"},"geometry":{"type":"LineString","coordinates":[[121.56085,24.97698],[121.56239,24.97724],[121.56412,24.97725],[121.56916,24.97629]]}},{"type":"Feature","properties":{"id":"0000300102600A","name":"國道3號(新店到木柵休息站)"},"geometry":{"type":"LineString","coordinates":[[121.55631,24.97501],[121.55837,24.97615],[121.56085,24.97698]]}},{"type":"Feature","properties":{"id":"0000300102650A","name":"國道3號(新店到木柵休息站)"},"geometry":{"type":"LineString","coordinates":[[121.5558,24.97468],[121.55631,24.97501]]}},{"type":"Feature","properties":{"id":"0000300102660F","name":"國道3號(安坑到新店)"},"geometry":{"type":"LineString","coordinates":[[121.55355,24.97288],[121.5558,24.97468]]}},{"type":"Feature","properties":{"id":"0000300102690F","name":"國道3號(安坑到新店)"},"geometry":{"type":"LineString","coordinates":[[121.55271,24.97206],[121.55355,24.97288]]}},{"type":"Feature","properties":{"id":"0000300102700F","name":"國道3號(安坑到新店)"},"geometry":{"type":"LineString","coordinates":[[121.55182,24.97109],[121.55271,24.97206]]}},{"type":"Feature","properties":{"id":"0000300102720F","name":"國道3號(安坑到新店)"},"geometry":{"type":"LineString","coordinates":[[121.54691,24.96485],[121.55182,24.97109]]}},{"type":"Feature","properties":{"id":"0000300102800F","name":"國道3號(安坑到新店)"},"geometry":{"type":"LineString","coordinates":[[121.54478,24.96216],[121.54691,24.96485]]}},{"type":"Feature","properties":{"id":"0000300102840F","name":"國道3號(安坑到新店)"},"geometry":{"type":"LineString","coordinates":[[121.54385,24.96109],[121.54478,24.96216]]}},{"type":"Feature","properties":{"id":"0000300102860F","name":"國道3號(安坑到新店)"},"geometry":{"type":"LineString","coordinates":[[121.53974,24.95858],[121.54222,24.95976],[121.54385,24.96109]]}},{"type":"Feature","properties":{"id":"0000300102910F","name":"國道3號(安坑到新店)"},"geometry":{"type":"LineString","coordinates":[[121.53145,24.9613],[121.53337,24.9596],[121.53536,24.95868],[121.53758,24.95833],[121.53974,24.95858]]}},{"type":"Feature","properties":{"id":"0000300103000F","name":"國道3號(安坑到新店)"},"geometry":{"type":"LineString","coordinates":[[121.52822,24.96502],[121.53145,24.9613]]}},{"type":"Feature","properties":{"id":"0000300103060F","name":"國道3號(安坑到新店)"},"geometry":{"type":"LineString","coordinates":[[121.52536,24.96837],[121.52822,24.96502]]}},{"type":"Feature","properties":{"id":"0000300103100F","name":"國道3號(中和到安坑)"},"geometry":{"type":"LineString","coordinates":[[121.52402,24.96993],[121.52536,24.96837]]}},{"type":"Feature","properties":{"id":"0000300103130F","name":"國道3號(中和到安坑)"},"geometry":{"type":"LineString","coordinates":[[121.52103,24.97338],[121.52402,24.96993]]}},{"type":"Feature","properties":{"id":"0000300103180F","name":"國道3號(中和到安坑)"},"geometry":{"type":"LineString","coordinates":[[121.51906,24.97533],[121.52103,24.97338]]}},{"type":"Feature","properties":{"id":"0000300103200F","name":"國道3號(中和到安坑)"},"geometry":{"type":"LineString","coordinates":[[121.51513,24.9773],[121.51722,24.9765],[121.51906,24.97533]]}},{"type":"Feature","properties":{"id":"0000300103250F","name":"國道3號(中和到安坑)"},"geometry":{"type":"LineString","coordinates":[[121.51234,24.97772],[121.51513,24.9773]]}},{"type":"Feature","properties":{"id":"0000300103280F","name":"國道3號(中和到安坑)"},"geometry":{"type":"LineString","coordinates":[[121.5097,24.97766],[121.51234,24.97772]]}},{"type":"Feature","properties":{"id":"0000300103300F","name":"國道3號(中和到安坑)"},"geometry":{"type":"LineString","coordinates":[[121.50849,24.97763],[121.5097,24.97766]]}},{"type":"Feature","properties":{"id":"0000300103320F","name":"國道3號(中和到安坑)"},"geometry":{"type":"LineString","coordinates":[[121.50007,24.97924],[121.50401,24.978],[121.50662,24.97766],[121.50849,24.97763]]}},{"type":"Feature","properties":{"id":"0000300103400F","name":"國道3號(中和到安坑)"},"geometry":{"type":"LineString","coordinates":[[121.49749,24.98055],[121.50007,24.97924]]}},{"type":"Feature","properties":{"id":"0000300103440F","name":"國道3號(中和到安坑)"},"geometry":{"type":"LineString","coordinates":[[121.49247,24.98483],[121.49749,24.98055]]}},{"type":"Feature","properties":{"id":"0000300103500F","name":"國道3號(中和到安坑)"},"geometry":{"type":"LineString","coordinates":[[121.4916,24.98557],[121.49247,24.98483]]}},{"type":"Feature","properties":{"id":"0000300103520F","name":"國道3號(中和到安坑)"},"geometry":{"type":"LineString","coordinates":[[121.48819,24.98797],[121.48984,24.987],[121.4916,24.98557]]}},{"type":"Feature","properties":{"id":"0000300103560F","name":"國道3號(土城到中和)"},"geometry":{"type":"LineString","coordinates":[[121.48388,24.98904],[121.48596,24.98878],[121.48819,24.98797]]}},{"type":"Feature","properties":{"id":"0000300103600F","name":"國道3號(土城到中和)"},"geometry":{"type":"LineString","coordinates":[[121.47656,24.98647],[121.47831,24.98768],[121.48031,24.98855],[121.48228,24.98897],[121.48388,24.98904]]}},{"type":"Feature","properties":{"id":"0000300103690F","name":"國道3號(土城到中和)"},"geometry":{"type":"LineString","coordinates":[[121.47512,24.98533],[121.47656,24.98647]]}},{"type":"Feature","properties":{"id":"0000300103700F","name":"國道3號(土城到中和)"},"geometry":{"type":"LineString","coordinates":[[121.46778,24.9793],[121.47512,24.98533]]}},{"type":"Feature","properties":{"id":"0000300103800F","name":"國道3號(土城到中和)"},"geometry":{"type":"LineString","coordinates":[[121.4593,24.97508],[121.46162,24.97555],[121.46381,24.97644],[121.46778,24.9793]]}},{"type":"Feature","properties":{"id":"0000300103900F","name":"國道3號(土城到中和)"},"geometry":{"type":"LineString","coordinates":[[121.44948,24.97448],[121.45099,24.9749],[121.45283,24.97513],[121.4593,24.97508]]}},{"type":"Feature","properties":{"id":"0000300104000F","name":"國道3號(土城到中和)"},"geometry":{"type":"LineString","coordinates":[[121.44295,24.96798],[121.44443,24.97042],[121.4457,24.97205],[121.44705,24.97322],[121.44948,24.97448]]}},{"type":"Feature","properties":{"id":"0000300104100F","name":"國道3號(土城到中和)"},"geometry":{"type":"LineString","coordinates":[[121.43605,24.96154],[121.43838,24.96293],[121.43987,24.96414],[121.4414,24.96574],[121.44295,24.96798]]}},{"type":"Feature","properties":{"id":"0000300104200F","name":"國道3號(土城到中和)"},"geometry":{"type":"LineString","coordinates":[[121.43194,24.96006],[121.43352,24.96049],[121.43605,24.96154]]}},{"type":"Feature","properties":{"id":"0000300104250F","name":"國道3號(樹林到土城)"},"geometry":{"type":"LineString","coordinates":[[121.42573,24.95908],[121.43194,24.96006]]}},{"type":"Feature","properties":{"id":"0000300104310F","name":"國道3號(樹林到土城)"},"geometry":{"type":"LineString","coordinates":[[121.41859,24.95436],[121.42016,24.95614],[121.42144,24.95719],[121.42336,24.95829],[121.42573,24.95908]]}},{"type":"Feature","properties":{"id":"0000300104400F","name":"國道3號(樹林到土城)"},"geometry":{"type":"LineString","coordinates":[[121.41034,24.95001],[121.41307,24.95046],[121.41508,24.95129],[121.41683,24.95249],[121.41859,24.95436]]}},{"type":"Feature","properties":{"id":"0000300104500F","name":"國道3號(樹林到土城)"},"geometry":{"type":"LineString","coordinates":[[121.40107,24.95064],[121.40801,24.95004],[121.41034,24.95001]]}},{"type":"Feature","properties":{"id":"0000300104600F","name":"國道3號(三鶯到樹林)"},"geometry":{"type":"LineString","coordinates":[[121.39051,24.95157],[121.40107,24.95064]]}},{"type":"Feature","properties":{"id":"0000300104700F","name":"國道3號(三鶯到樹林)"},"geometry":{"type":"LineString","coordinates":[[121.38053,24.95122],[121.38498,24.95172],[121.39051,24.95157]]}},{"type":"Feature","properties":{"id":"0000300104800F","name":"國道3號(三鶯到樹林)"},"geometry":{"type":"LineString","coordinates":[[121.3713,24.948],[121.37553,24.94988],[121.38053,24.95122]]}},{"type":"Feature","properties":{"id":"0000300104900F","name":"國道3號(三鶯到樹林)"},"geometry":{"type":"LineString","coordinates":[[121.36327,24.94178],[121.36749,24.94557],[121.3713,24.948]]}},{"type":"Feature","properties":{"id":"0000300105010F","name":"國道3號(三鶯到樹林)"},"geometry":{"type":"LineString","coordinates":[[121.35603,24.93612],[121.35791,24.93716],[121.35956,24.93835],[121.36327,24.94178]]}},{"type":"Feature","properties":{"id":"0000300105110F","name":"國道3號(鶯歌系統到三鶯)"},"geometry":{"type":"LineString","coordinates":[[121.35164,24.93478],[121.35398,24.93532],[121.35603,24.93612]]}},{"type":"Feature","properties":{"id":"0000300105160F","name":"國道3號(鶯歌系統到三鶯)"},"geometry":{"type":"LineString","coordinates":[[121.34686,24.93476],[121.34961,24.9346],[121.35164,24.93478]]}},{"type":"Feature","properties":{"id":"0000300105200F","name":"國道3號(鶯歌系統到三鶯)"},"geometry":{"type":"LineString","coordinates":[[121.33749,24.93752],[121.34321,24.93554],[121.34686,24.93476]]}},{"type":"Feature","properties":{"id":"0000300105300F","name":"國道3號(鶯歌系統到三鶯)"},"geometry":{"type":"LineString","coordinates":[[121.33136,24.93925],[121.33415,24.93862],[121.33749,24.93752]]}},{"type":"Feature","properties":{"id":"0000300105370F","name":"國道3號(鶯歌系統到三鶯)"},"geometry":{"type":"LineString","coordinates":[[121.32782,24.93952],[121.33136,24.93925]]}},{"type":"Feature","properties":{"id":"0000300105400F","name":"國道3號(大溪到鶯歌系統)"},"geometry":{"type":"LineString","coordinates":[[121.31848,24.93633],[121.32012,24.93741],[121.32279,24.9386],[121.32531,24.93926],[121.32782,24.93952]]}},{"type":"Feature","properties":{"id":"0000300105510F","name":"國道3號(大溪到鶯歌系統)"},"geometry":{"type":"LineString","coordinates":[[121.31763,24.93567],[121.31848,24.93633]]}},{"type":"Feature","properties":{"id":"0000300105520H","name":"國道3號(大溪到鶯歌系統)"},"geometry":{"type":"LineString","coordinates":[[121.31205,24.92969],[121.31558,24.9337],[121.31763,24.93567]]}},{"type":"Feature","properties":{"id":"0000300105600H","name":"國道3號(大溪到鶯歌系統)"},"geometry":{"type":"LineString","coordinates":[[121.30422,24.92433],[121.30659,24.92548],[121.30877,24.92682],[121.31046,24.92813],[121.31205,24.92969]]}},{"type":"Feature","properties":{"id":"0000300105700H","name":"國道3號(大溪到鶯歌系統)"},"geometry":{"type":"LineString","coordinates":[[121.29658,24.91878],[121.29803,24.92046],[121.29973,24.92189],[121.30125,24.92286],[121.30422,24.92433]]}},{"type":"Feature","properties":{"id":"0000300105800H","name":"國道3號(大溪到鶯歌系統)"},"geometry":{"type":"LineString","coordinates":[[121.29168,24.91099],[121.29334,24.91302],[121.29658,24.91878]]}},{"type":"Feature","properties":{"id":"0000300105900H","name":"國道3號(大溪到鶯歌系統)"},"geometry":{"type":"LineString","coordinates":[[121.28798,24.90857],[121.28965,24.90944],[121.29168,24.91099]]}},{"type":"Feature","properties":{"id":"0000300105950H","name":"國道3號(大溪到鶯歌系統)"},"geometry":{"type":"LineString","coordinates":[[121.28264,24.90736],[121.2854,24.90785],[121.28798,24.90857]]}},{"type":"Feature","properties":{"id":"0000300106010H","name":"國道3號(大溪到鶯歌系統)"},"geometry":{"type":"LineString","coordinates":[[121.28014,24.9069],[121.28264,24.90736]]}},{"type":"Feature","properties":{"id":"0000300106030H","name":"國道3號(大溪到鶯歌系統)"},"geometry":{"type":"LineString","coordinates":[[121.27701,24.90588],[121.28014,24.9069]]}},{"type":"Feature","properties":{"id":"0000300106070H","name":"國道3號(大溪到鶯歌系統)"},"geometry":{"type":"LineString","coordinates":[[121.27382,24.90399],[121.27701,24.90588]]}},{"type":"Feature","properties":{"id":"0000300106100H","name":"國道3號(大溪到鶯歌系統)"},"geometry":{"type":"LineString","coordinates":[[121.26706,24.89691],[121.26845,24.8989],[121.27004,24.90073],[121.27197,24.90256],[121.27382,24.90399]]}},{"type":"Feature","properties":{"id":"0000300106210H","name":"國道3號(龍潭到大溪)"},"geometry":{"type":"LineString","coordinates":[[121.26325,24.88912],[121.26537,24.89384],[121.26706,24.89691]]}},{"type":"Feature","properties":{"id":"0000300106300H","name":"國道3號(龍潭到大溪)"},"geometry":{"type":"LineString","coordinates":[[121.26227,24.88736],[121.26325,24.88912]]}},{"type":"Feature","properties":{"id":"0000300106330H","name":"國道3號(龍潭到大溪)"},"geometry":{"type":"LineString","coordinates":[[121.25725,24.88204],[121.26021,24.88462],[121.26227,24.88736]]}},{"type":"Feature","properties":{"id":"0000300106400H","name":"國道3號(龍潭到大溪)"},"geometry":{"type":"LineString","coordinates":[[121.2486,24.87769],[121.25458,24.88043],[121.25725,24.88204]]}},{"type":"Feature","properties":{"id":"0000300106500H","name":"國道3號(龍潭到大溪)"},"geometry":{"type":"LineString","coordinates":[[121.24128,24.87173],[121.24508,24.87544],[121.2486,24.87769]]}},{"type":"Feature","properties":{"id":"0000300106600H","name":"國道3號(龍潭到大溪)"},"geometry":{"type":"LineString","coordinates":[[121.23426,24.86542],[121.23629,24.8668],[121.2381,24.86834],[121.24128,24.87173]]}},{"type":"Feature","properties":{"id":"0000300106700H","name":"國道3號(龍潭到大溪)"},"geometry":{"type":"LineString","coordinates":[[121.2283,24.86292],[121.23184,24.8642],[121.23426,24.86542]]}},{"type":"Feature","properties":{"id":"0000300106770H","name":"國道3號(龍潭到大溪)"},"geometry":{"type":"LineString","coordinates":[[121.22513,24.86208],[121.2283,24.86292]]}},{"type":"Feature","properties":{"id":"0000300106800H","name":"國道3號(高原到龍潭)"},"geometry":{"type":"LineString","coordinates":[[121.21791,24.8603],[121.22513,24.86208]]}},{"type":"Feature","properties":{"id":"0000300106880H","name":"國道3號(高原到龍潭)"},"geometry":{"type":"LineString","coordinates":[[121.2156,24.85961],[121.21791,24.8603]]}},{"type":"Feature","properties":{"id":"0000300106900H","name":"國道3號(高原到龍潭)"},"geometry":{"type":"LineString","coordinates":[[121.20684,24.85539],[121.21067,24.85759],[121.2156,24.85961]]}},{"type":"Feature","properties":{"id":"0000300107000H","name":"國道3號(高原到龍潭)"},"geometry":{"type":"LineString","coordinates":[[121.20078,24.84839],[121.20186,24.85029],[121.20333,24.85224],[121.20511,24.85404],[121.20684,24.85539]]}},{"type":"Feature","properties":{"id":"0000300107100H","name":"國道3號(高原到龍潭)"},"geometry":{"type":"LineString","coordinates":[[121.19915,24.83966],[121.19913,24.84197],[121.1994,24.84409],[121.20001,24.84652],[121.20078,24.84839]]}},{"type":"Feature","properties":{"id":"0000300107200H","name":"國道3號(高原到龍潭)"},"geometry":{"type":"LineString","coordinates":[[121.19916,24.83949],[121.19915,24.83966]]}},{"type":"Feature","properties":{"id":"0000300107202H","name":"國道3號(關西服務區到高原)"},"geometry":{"type":"LineString","coordinates":[[121.19966,24.83067],[121.19916,24.83949]]}},{"type":"Feature","properties":{"id":"0000300107300H","name":"國道3號(關西服務區到高原)"},"geometry":{"type":"LineString","coordinates":[[121.19999,24.82463],[121.19966,24.83067]]}},{"type":"Feature","properties":{"id":"0000300107367H","name":"國道3號(關西服務區到高原)"},"geometry":{"type":"LineString","coordinates":[[121.20015,24.82168],[121.19999,24.82463]]}},{"type":"Feature","properties":{"id":"0000300107400H","name":"國道3號(關西服務區到高原)"},"geometry":{"type":"LineString","coordinates":[[121.20038,24.81718],[121.20015,24.82168]]}},{"type":"Feature","properties":{"id":"0000300107460J","name":"國道3號(關西服務區到高原)"},"geometry":{"type":"LineString","coordinates":[[121.20058,24.81269],[121.20038,24.81718]]}},{"type":"Feature","properties":{"id":"0000300107500J","name":"國道3號(關西服務區到高原)"},"geometry":{"type":"LineString","coordinates":[[121.19853,24.80397],[121.19936,24.80556],[121.20011,24.80772],[121.20052,24.81036],[121.20058,24.81269]]}},{"type":"Feature","properties":{"id":"0000300107600J","name":"國道3號(關西到關西服務區)"},"geometry":{"type":"LineString","coordinates":[[121.19769,24.80272],[121.19853,24.80397]]}},{"type":"Feature","properties":{"id":"0000300107620J","name":"國道3號(關西到關西服務區)"},"geometry":{"type":"LineString","coordinates":[[121.19296,24.79859],[121.19568,24.80053],[121.19769,24.80272]]}},{"type":"Feature","properties":{"id":"0000300107690J","name":"國道3號(關西到關西服務區)"},"geometry":{"type":"LineString","coordinates":[[121.19153,24.79788],[121.19296,24.79859]]}},{"type":"Feature","properties":{"id":"0000300107700J","name":"國道3號(關西到關西服務區)"},"geometry":{"type":"LineString","coordinates":[[121.18881,24.79694],[121.19153,24.79788]]}},{"type":"Feature","properties":{"id":"0000300107730J","name":"國道3號(關西到關西服務區)"},"geometry":{"type":"LineString","coordinates":[[121.18185,24.7966],[121.18595,24.79645],[121.18881,24.79694]]}},{"type":"Feature","properties":{"id":"0000300107810J","name":"國道3號(關西到關西服務區)"},"geometry":{"type":"LineString","coordinates":[[121.17739,24.79796],[121.17923,24.79725],[121.18185,24.7966]]}},{"type":"Feature","properties":{"id":"0000300107850J","name":"國道3號(關西到關西服務區)"},"geometry":{"type":"LineString","coordinates":[[121.17316,24.80035],[121.17739,24.79796]]}},{"type":"Feature","properties":{"id":"0000300107900J","name":"國道3號(竹林到關西)"},"geometry":{"type":"LineString","coordinates":[[121.16463,24.80499],[121.16821,24.80333],[121.17316,24.80035]]}},{"type":"Feature","properties":{"id":"0000300108000J","name":"國道3號(竹林到關西)"},"geometry":{"type":"LineString","coordinates":[[121.16328,24.80549],[121.16463,24.80499]]}},{"type":"Feature","properties":{"id":"0000300108020J","name":"國道3號(竹林到關西)"},"geometry":{"type":"LineString","coordinates":[[121.15497,24.80715],[121.15966,24.80648],[121.16328,24.80549]]}},{"type":"Feature","properties":{"id":"0000300108100J","name":"國道3號(竹林到關西)"},"geometry":{"type":"LineString","coordinates":[[121.1451,24.80622],[121.15021,24.8071],[121.15497,24.80715]]}},{"type":"Feature","properties":{"id":"0000300108200J","name":"國道3號(竹林到關西)"},"geometry":{"type":"LineString","coordinates":[[121.13615,24.80239],[121.14009,24.80451],[121.1451,24.80622]]}},{"type":"Feature","properties":{"id":"0000300108300J","name":"國道3號(竹林到關西)"},"geometry":{"type":"LineString","coordinates":[[121.12907,24.79614],[121.1327,24.79987],[121.13615,24.80239]]}},{"type":"Feature","properties":{"id":"0000300108400J","name":"國道3號(竹林到關西)"},"geometry":{"type":"LineString","coordinates":[[121.12447,24.78822],[121.12702,24.79321],[121.12907,24.79614]]}},{"type":"Feature","properties":{"id":"0000300108500J","name":"國道3號(竹林到關西)"},"geometry":{"type":"LineString","coordinates":[[121.1183,24.78137],[121.12013,24.78259],[121.12146,24.78379],[121.12311,24.78587],[121.12447,24.78822]]}},{"type":"Feature","properties":{"id":"0000300108600J","name":"國道3號(竹林到關西)"},"geometry":{"type":"LineString","coordinates":[[121.10889,24.77922],[121.1135,24.77959],[121.11599,24.7803],[121.1183,24.78137]]}},{"type":"Feature","properties":{"id":"0000300108700J","name":"國道3號(竹林到關西)"},"geometry":{"type":"LineString","coordinates":[[121.09901,24.77841],[121.10209,24.77892],[121.10889,24.77922]]}},{"type":"Feature","properties":{"id":"0000300108800J","name":"國道3號(竹林到關西)"},"geometry":{"type":"LineString","coordinates":[[121.08996,24.77477],[121.09224,24.77605],[121.09469,24.77714],[121.09901,24.77841]]}},{"type":"Feature","properties":{"id":"0000300108900J","name":"國道3號(竹林到關西)"},"geometry":{"type":"LineString","coordinates":[[121.08309,24.76868],[121.08619,24.77192],[121.08996,24.77477]]}},{"type":"Feature","properties":{"id":"0000300109000J","name":"國道3號(寶山休息站到竹林)"},"geometry":{"type":"LineString","coordinates":[[121.07911,24.76417],[121.08309,24.76868]]}},{"type":"Feature","properties":{"id":"0000300109070J","name":"國道3號(寶山休息站到竹林)"},"geometry":{"type":"LineString","coordinates":[[121.07641,24.76172],[121.07911,24.76417]]}},{"type":"Feature","properties":{"id":"0000300109100J","name":"國道3號(寶山休息站到竹林)"},"geometry":{"type":"LineString","coordinates":[[121.06791,24.75735],[121.07043,24.75823],[121.07262,24.75925],[121.07641,24.76172]]}},{"type":"Feature","properties":{"id":"0000300109200J","name":"國道3號(寶山休息站到竹林)"},"geometry":{"type":"LineString","coordinates":[[121.05823,24.75725],[121.06036,24.75684],[121.06316,24.75669],[121.06536,24.75684],[121.06791,24.75735]]}},{"type":"Feature","properties":{"id":"0000300109300J","name":"國道3號(寶山休息站到竹林)"},"geometry":{"type":"LineString","coordinates":[[121.04958,24.7614],[121.05473,24.75845],[121.05823,24.75725]]}},{"type":"Feature","properties":{"id":"0000300109400J","name":"國道3號(寶山休息站到竹林)"},"geometry":{"type":"LineString","coordinates":[[121.04,24.76341],[121.04296,24.76347],[121.04505,24.76318],[121.04728,24.76251],[121.04958,24.7614]]}},{"type":"Feature","properties":{"id":"0000300109500J","name":"國道3號(寶山休息站到竹林)"},"geometry":{"type":"LineString","coordinates":[[121.03138,24.75918],[121.03358,24.76097],[121.03528,24.76198],[121.03754,24.76286],[121.04,24.76341]]}},{"type":"Feature","properties":{"id":"0000300109600J","name":"國道3號(寶山到寶山休息站)"},"geometry":{"type":"LineString","coordinates":[[121.02311,24.75454],[121.02594,24.75544],[121.0276,24.75629],[121.02928,24.75742],[121.03138,24.75918]]}},{"type":"Feature","properties":{"id":"0000300109700J","name":"國道3號(寶山到寶山休息站)"},"geometry":{"type":"LineString","coordinates":[[121.01351,24.75527],[121.01625,24.75451],[121.01816,24.75422],[121.02022,24.75417],[121.02311,24.75454]]}},{"type":"Feature","properties":{"id":"0000300109800J","name":"國道3號(寶山到寶山休息站)"},"geometry":{"type":"LineString","coordinates":[[121.0121,24.75572],[121.01351,24.75527]]}},{"type":"Feature","properties":{"id":"0000300109820J","name":"國道3號(新竹系統到寶山)"},"geometry":{"type":"LineString","coordinates":[[121.00381,24.75707],[121.00737,24.75699],[121.0121,24.75572]]}},{"type":"Feature","properties":{"id":"0000300109900J","name":"國道3號(新竹系統到寶山)"},"geometry":{"type":"LineString","coordinates":[[121.00062,24.75652],[121.00381,24.75707]]}},{"type":"Feature","properties":{"id":"0000300109940J","name":"國道3號(新竹系統到寶山)"},"geometry":{"type":"LineString","coordinates":[[120.99356,24.75565],[120.99648,24.75564],[121.00062,24.75652]]}},{"type":"Feature","properties":{"id":"0000300110010J","name":"國道3號(茄苳到新竹系統)"},"geometry":{"type":"LineString","coordinates":[[120.98471,24.75817],[120.98704,24.75758],[120.99074,24.75627],[120.99356,24.75565]]}},{"type":"Feature","properties":{"id":"0000300110100J","name":"國道3號(茄苳到新竹系統)"},"geometry":{"type":"LineString","coordinates":[[120.97921,24.7579],[120.98237,24.75834],[120.98471,24.75817]]}},{"type":"Feature","properties":{"id":"0000300110160J","name":"國道3號(茄苳到新竹系統)"},"geometry":{"type":"LineString","coordinates":[[120.97485,24.75753],[120.97707,24.75755],[120.97921,24.7579]]}},{"type":"Feature","properties":{"id":"0000300110200J","name":"國道3號(茄苳到新竹系統)"},"geometry":{"type":"LineString","coordinates":[[120.96748,24.75882],[120.97485,24.75753]]}},{"type":"Feature","properties":{"id":"0000300110280O","name":"國道3號(茄苳到新竹系統)"},"geometry":{"type":"LineString","coordinates":[[120.9651,24.75894],[120.96748,24.75882]]}},{"type":"Feature","properties":{"id":"0000300110300O","name":"國道3號(茄苳到新竹系統)"},"geometry":{"type":"LineString","coordinates":[[120.96142,24.75849],[120.9651,24.75894]]}},{"type":"Feature","properties":{"id":"0000300110340O","name":"國道3號(香山到茄苳)"},"geometry":{"type":"LineString","coordinates":[[120.95569,24.75623],[120.95833,24.7575],[120.96142,24.75849]]}},{"type":"Feature","properties":{"id":"0000300110400O","name":"國道3號(香山到茄苳)"},"geometry":{"type":"LineString","coordinates":[[120.95243,24.75459],[120.95569,24.75623]]}},{"type":"Feature","properties":{"id":"0000300110440O","name":"國道3號(香山到茄苳)"},"geometry":{"type":"LineString","coordinates":[[120.9466,24.75307],[120.94956,24.75358],[120.95243,24.75459]]}},{"type":"Feature","properties":{"id":"0000300110500O","name":"國道3號(香山到茄苳)"},"geometry":{"type":"LineString","coordinates":[[120.93671,24.75298],[120.9466,24.75307]]}},{"type":"Feature","properties":{"id":"0000300110600O","name":"國道3號(香山到茄苳)"},"geometry":{"type":"LineString","coordinates":[[120.92802,24.74884],[120.93016,24.75057],[120.93237,24.75178],[120.93408,24.75242],[120.93671,24.75298]]}},{"type":"Feature","properties":{"id":"0000300110700O","name":"國道3號(香山到茄苳)"},"geometry":{"type":"LineString","coordinates":[[120.92185,24.74182],[120.92365,24.74364],[120.92802,24.74884]]}},{"type":"Feature","properties":{"id":"0000300110800O","name":"國道3號(香山到茄苳)"},"geometry":{"type":"LineString","coordinates":[[120.91657,24.73841],[120.91943,24.73998],[120.92185,24.74182]]}},{"type":"Feature","properties":{"id":"0000300110870O","name":"國道3號(香山到茄苳)"},"geometry":{"type":"LineString","coordinates":[[120.91356,24.73706],[120.91657,24.73841]]}},{"type":"Feature","properties":{"id":"0000300110900O","name":"國道3號(香山到茄苳)"},"geometry":{"type":"LineString","coordinates":[[120.90979,24.73513],[120.91356,24.73706]]}},{"type":"Feature","properties":{"id":"0000300110950K","name":"國道3號(西濱到香山)"},"geometry":{"type":"LineString","coordinates":[[120.9056,24.73176],[120.90737,24.73342],[120.90979,24.73513]]}},{"type":"Feature","properties":{"id":"0000300111000K","name":"國道3號(西濱到香山)"},"geometry":{"type":"LineString","coordinates":[[120.90277,24.72801],[120.90419,24.73011],[120.9056,24.73176]]}},{"type":"Feature","properties":{"id":"0000300111060K","name":"國道3號(西濱到香山)"},"geometry":{"type":"LineString","coordinates":[[120.90058,24.72402],[120.90277,24.72801]]}},{"type":"Feature","properties":{"id":"0000300111100K","name":"國道3號(西濱到香山)"},"geometry":{"type":"LineString","coordinates":[[120.89537,24.71639],[120.89822,24.72011],[120.90058,24.72402]]}},{"type":"Feature","properties":{"id":"0000300111200K","name":"國道3號(西濱到香山)"},"geometry":{"type":"LineString","coordinates":[[120.88813,24.71035],[120.89239,24.71342],[120.89537,24.71639]]}},{"type":"Feature","properties":{"id":"0000300111300K","name":"國道3號(西濱到香山)"},"geometry":{"type":"LineString","coordinates":[[120.87931,24.70633],[120.88453,24.70848],[120.88813,24.71035]]}},{"type":"Feature","properties":{"id":"0000300111400K","name":"國道3號(西濱到香山)"},"geometry":{"type":"LineString","coordinates":[[120.8715,24.70327],[120.87931,24.70633]]}},{"type":"Feature","properties":{"id":"0000300111490K","name":"國道3號(竹南到西濱)"},"geometry":{"type":"LineString","coordinates":[[120.87022,24.70277],[120.8715,24.70327]]}},{"type":"Feature","properties":{"id":"0000300111500K","name":"國道3號(竹南到西濱)"},"geometry":{"type":"LineString","coordinates":[[120.86134,24.69878],[120.86505,24.7007],[120.87022,24.70277]]}},{"type":"Feature","properties":{"id":"0000300111600K","name":"國道3號(竹南到西濱)"},"geometry":{"type":"LineString","coordinates":[[120.85415,24.69263],[120.85837,24.69669],[120.86134,24.69878]]}},{"type":"Feature","properties":{"id":"0000300111700K","name":"國道3號(竹南到西濱)"},"geometry":{"type":"LineString","coordinates":[[120.84867,24.68518],[120.85042,24.68815],[120.85415,24.69263]]}},{"type":"Feature","properties":{"id":"0000300111800K","name":"國道3號(竹南到西濱)"},"geometry":{"type":"LineString","coordinates":[[120.84728,24.6795],[120.84764,24.68214],[120.84867,24.68518]]}},{"type":"Feature","properties":{"id":"0000300111870K","name":"國道3號(竹南到西濱)"},"geometry":{"type":"LineString","coordinates":[[120.84737,24.6764],[120.84728,24.6795]]}},{"type":"Feature","properties":{"id":"0000300111900K","name":"國道3號(大山到竹南)"},"geometry":{"type":"LineString","coordinates":[[120.84731,24.67129],[120.84749,24.67316],[120.84737,24.6764]]}},{"type":"Feature","properties":{"id":"0000300111960K","name":"國道3號(大山到竹南)"},"geometry":{"type":"LineString","coordinates":[[120.84646,24.66747],[120.84731,24.67129]]}},{"type":"Feature","properties":{"id":"0000300112000K","name":"國道3號(大山到竹南)"},"geometry":{"type":"LineString","coordinates":[[120.84192,24.65952],[120.84448,24.66302],[120.8456,24.66521],[120.84646,24.66747]]}},{"type":"Feature","properties":{"id":"0000300112100K","name":"國道3號(大山到竹南)"},"geometry":{"type":"LineString","coordinates":[[120.83515,24.65297],[120.84192,24.65952]]}},{"type":"Feature","properties":{"id":"0000300112200K","name":"國道3號(大山到竹南)"},"geometry":{"type":"LineString","coordinates":[[120.82821,24.64657],[120.83515,24.65297]]}},{"type":"Feature","properties":{"id":"0000300112300K","name":"國道3號(大山到竹南)"},"geometry":{"type":"LineString","coordinates":[[120.82104,24.6399],[120.82821,24.64657]]}},{"type":"Feature","properties":{"id":"0000300112410K","name":"國道3號(後龍到大山)"},"geometry":{"type":"LineString","coordinates":[[120.81586,24.63268],[120.81825,24.63674],[120.82104,24.6399]]}},{"type":"Feature","properties":{"id":"0000300112500K","name":"國道3號(後龍到大山)"},"geometry":{"type":"LineString","coordinates":[[120.81538,24.63154],[120.81586,24.63268]]}},{"type":"Feature","properties":{"id":"0000300112520K","name":"國道3號(後龍到大山)"},"geometry":{"type":"LineString","coordinates":[[120.81354,24.62402],[120.81426,24.62799],[120.81538,24.63154]]}},{"type":"Feature","properties":{"id":"0000300112600K","name":"國道3號(後龍到大山)"},"geometry":{"type":"LineString","coordinates":[[120.81011,24.61561],[120.81139,24.61759],[120.81229,24.61945],[120.81305,24.6217],[120.81354,24.62402]]}},{"type":"Feature","properties":{"id":"0000300112700K","name":"國道3號(後龍到大山)"},"geometry":{"type":"LineString","coordinates":[[120.80283,24.60971],[120.80488,24.61085],[120.80686,24.61225],[120.80871,24.61395],[120.81011,24.61561]]}},{"type":"Feature","properties":{"id":"0000300112800K","name":"國道3號(後龍到大山)"},"geometry":{"type":"LineString","coordinates":[[120.79409,24.60549],[120.79668,24.6069],[120.80283,24.60971]]}},{"type":"Feature","properties":{"id":"0000300112900K","name":"國道3號(後龍到大山)"},"geometry":{"type":"LineString","coordinates":[[120.79002,24.60241],[120.79224,24.60426],[120.79409,24.60549]]}},{"type":"Feature","properties":{"id":"0000300112960K","name":"國道3號(後龍到大山)"},"geometry":{"type":"LineString","coordinates":[[120.78706,24.59918],[120.79002,24.60241]]}},{"type":"Feature","properties":{"id":"0000300113000K","name":"國道3號(西湖服務區到後龍)"},"geometry":{"type":"LineString","coordinates":[[120.78211,24.59359],[120.78416,24.59565],[120.78706,24.59918]]}},{"type":"Feature","properties":{"id":"0000300113080K","name":"國道3號(西湖服務區到後龍)"},"geometry":{"type":"LineString","coordinates":[[120.78064,24.5924],[120.78211,24.59359]]}},{"type":"Feature","properties":{"id":"0000300113100K","name":"國道3號(西湖服務區到後龍)"},"geometry":{"type":"LineString","coordinates":[[120.77238,24.58748],[120.77753,24.59033],[120.78064,24.5924]]}},{"type":"Feature","properties":{"id":"0000300113200K","name":"國道3號(西湖服務區到後龍)"},"geometry":{"type":"LineString","coordinates":[[120.76546,24.58112],[120.76684,24.58291],[120.76864,24.58473],[120.77238,24.58748]]}},{"type":"Feature","properties":{"id":"0000300113300K","name":"國道3號(西湖服務區到後龍)"},"geometry":{"type":"LineString","coordinates":[[120.76226,24.5727],[120.76331,24.57688],[120.76432,24.5792],[120.76546,24.58112]]}},{"type":"Feature","properties":{"id":"0000300113400K","name":"國道3號(西湖服務區到後龍)"},"geometry":{"type":"LineString","coordinates":[[120.76169,24.57018],[120.76226,24.5727]]}},{"type":"Feature","properties":{"id":"0000300113430K","name":"國道3號(通霄到西湖服務區)"},"geometry":{"type":"LineString","coordinates":[[120.7594,24.5641],[120.76093,24.56743],[120.76169,24.57018]]}},{"type":"Feature","properties":{"id":"0000300113500K","name":"國道3號(通霄到西湖服務區)"},"geometry":{"type":"LineString","coordinates":[[120.75709,24.56071],[120.7594,24.5641]]}},{"type":"Feature","properties":{"id":"0000300113550K","name":"國道3號(通霄到西湖服務區)"},"geometry":{"type":"LineString","coordinates":[[120.7535,24.55691],[120.75709,24.56071]]}},{"type":"Feature","properties":{"id":"0000300113600K","name":"國道3號(通霄到西湖服務區)"},"geometry":{"type":"LineString","coordinates":[[120.74714,24.55004],[120.75005,24.55348],[120.7535,24.55691]]}},{"type":"Feature","properties":{"id":"0000300113700K","name":"國道3號(通霄到西湖服務區)"},"geometry":{"type":"LineString","coordinates":[[120.74212,24.54231],[120.74483,24.54681],[120.74714,24.55004]]}},{"type":"Feature","properties":{"id":"0000300113800K","name":"國道3號(通霄到西湖服務區)"},"geometry":{"type":"LineString","coordinates":[[120.73684,24.53471],[120.73932,24.53786],[120.74212,24.54231]]}},{"type":"Feature","properties":{"id":"0000300113900K","name":"國道3號(通霄到西湖服務區)"},"geometry":{"type":"LineString","coordinates":[[120.73012,24.52812],[120.73474,24.53246],[120.73684,24.53471]]}},{"type":"Feature","properties":{"id":"0000300114000K","name":"國道3號(通霄到西湖服務區)"},"geometry":{"type":"LineString","coordinates":[[120.72434,24.52088],[120.72695,24.52476],[120.73012,24.52812]]}},{"type":"Feature","properties":{"id":"0000300114100K","name":"國道3號(通霄到西湖服務區)"},"geometry":{"type":"LineString","coordinates":[[120.71944,24.51307],[120.72205,24.51683],[120.72434,24.52088]]}},{"type":"Feature","properties":{"id":"0000300114200K","name":"國道3號(通霄到西湖服務區)"},"geometry":{"type":"LineString","coordinates":[[120.71256,24.50664],[120.71724,24.51067],[120.71944,24.51307]]}},{"type":"Feature","properties":{"id":"0000300114300K","name":"國道3號(通霄到西湖服務區)"},"geometry":{"type":"LineString","coordinates":[[120.70702,24.50084],[120.70907,24.5035],[120.71256,24.50664]]}},{"type":"Feature","properties":{"id":"0000300114390K","name":"國道3號(通霄到西湖服務區)"},"geometry":{"type":"LineString","coordinates":[[120.7064,24.49971],[120.70702,24.50084]]}},{"type":"Feature","properties":{"id":"0000300114400K","name":"國道3號(苑裡到通霄)"},"geometry":{"type":"LineString","coordinates":[[120.70426,24.49207],[120.70522,24.49666],[120.7064,24.49971]]}},{"type":"Feature","properties":{"id":"0000300114490K","name":"國道3號(苑裡到通霄)"},"geometry":{"type":"LineString","coordinates":[[120.704,24.49104],[120.70426,24.49207]]}},{"type":"Feature","properties":{"id":"0000300114500K","name":"國道3號(苑裡到通霄)"},"geometry":{"type":"LineString","coordinates":[[120.69958,24.48308],[120.70104,24.48478],[120.70241,24.48687],[120.70324,24.48868],[120.704,24.49104]]}},{"type":"Feature","properties":{"id":"0000300114600K","name":"國道3號(苑裡到通霄)"},"geometry":{"type":"LineString","coordinates":[[120.69191,24.47746],[120.69568,24.47991],[120.69958,24.48308]]}},{"type":"Feature","properties":{"id":"0000300114700K","name":"國道3號(苑裡到通霄)"},"geometry":{"type":"LineString","coordinates":[[120.68436,24.47167],[120.68656,24.47371],[120.69191,24.47746]]}},{"type":"Feature","properties":{"id":"0000300114800K","name":"國道3號(苑裡到通霄)"},"geometry":{"type":"LineString","coordinates":[[120.67974,24.4638],[120.68136,24.46754],[120.68248,24.46932],[120.68436,24.47167]]}},{"type":"Feature","properties":{"id":"0000300114900K","name":"國道3號(苑裡到通霄)"},"geometry":{"type":"LineString","coordinates":[[120.67848,24.45493],[120.67881,24.45973],[120.67974,24.4638]]}},{"type":"Feature","properties":{"id":"0000300115000K","name":"國道3號(苑裡到通霄)"},"geometry":{"type":"LineString","coordinates":[[120.67979,24.44606],[120.67876,24.45076],[120.67848,24.45493]]}},{"type":"Feature","properties":{"id":"0000300115100K","name":"國道3號(苑裡到通霄)"},"geometry":{"type":"LineString","coordinates":[[120.68254,24.43742],[120.67979,24.44606]]}},{"type":"Feature","properties":{"id":"0000300115200K","name":"國道3號(苑裡到通霄)"},"geometry":{"type":"LineString","coordinates":[[120.683,24.42847],[120.68326,24.43011],[120.68334,24.43248],[120.68314,24.4346],[120.68254,24.43742]]}},{"type":"Feature","properties":{"id":"0000300115300K","name":"國道3號(苑裡到通霄)"},"geometry":{"type":"LineString","coordinates":[[120.67914,24.42023],[120.6814,24.42399],[120.6825,24.42661],[120.683,24.42847]]}},{"type":"Feature","properties":{"id":"0000300115400K","name":"國道3號(苑裡到通霄)"},"geometry":{"type":"LineString","coordinates":[[120.67421,24.41245],[120.67914,24.42023]]}},{"type":"Feature","properties":{"id":"0000300115500K","name":"國道3號(苑裡到通霄)"},"geometry":{"type":"LineString","coordinates":[[120.67079,24.4031],[120.67219,24.40792],[120.67421,24.41245]]}},{"type":"Feature","properties":{"id":"0000300115610K","name":"國道3號(大甲到苑裡)"},"geometry":{"type":"LineString","coordinates":[[120.66902,24.39448],[120.67079,24.4031]]}},{"type":"Feature","properties":{"id":"0000300115710B","name":"國道3號(大甲到苑裡)"},"geometry":{"type":"LineString","coordinates":[[120.66833,24.39096],[120.66902,24.39448]]}},{"type":"Feature","properties":{"id":"0000300115750B","name":"國道3號(大甲到苑裡)"},"geometry":{"type":"LineString","coordinates":[[120.66739,24.38629],[120.66833,24.39096]]}},{"type":"Feature","properties":{"id":"0000300115800B","name":"國道3號(大甲到苑裡)"},"geometry":{"type":"LineString","coordinates":[[120.66571,24.37742],[120.6663,24.37982],[120.66739,24.38629]]}},{"type":"Feature","properties":{"id":"0000300115900B","name":"國道3號(大甲到苑裡)"},"geometry":{"type":"LineString","coordinates":[[120.66389,24.36859],[120.66571,24.37742]]}},{"type":"Feature","properties":{"id":"0000300116000B","name":"國道3號(大甲到苑裡)"},"geometry":{"type":"LineString","coordinates":[[120.66208,24.35975],[120.66389,24.36859]]}},{"type":"Feature","properties":{"id":"0000300116100B","name":"國道3號(大甲到苑裡)"},"geometry":{"type":"LineString","coordinates":[[120.65926,24.35113],[120.66106,24.35595],[120.66208,24.35975]]}},{"type":"Feature","properties":{"id":"0000300116200B","name":"國道3號(大甲到苑裡)"},"geometry":{"type":"LineString","coordinates":[[120.65432,24.34339],[120.65684,24.34654],[120.65926,24.35113]]}},{"type":"Feature","properties":{"id":"0000300116300B","name":"國道3號(大甲到苑裡)"},"geometry":{"type":"LineString","coordinates":[[120.64858,24.33913],[120.65188,24.34121],[120.65432,24.34339]]}},{"type":"Feature","properties":{"id":"0000300116380B","name":"國道3號(大甲到苑裡)"},"geometry":{"type":"LineString","coordinates":[[120.64643,24.33814],[120.64858,24.33913]]}},{"type":"Feature","properties":{"id":"0000300116400B","name":"國道3號(中港系統到大甲)"},"geometry":{"type":"LineString","coordinates":[[120.63711,24.3352],[120.64643,24.33814]]}},{"type":"Feature","properties":{"id":"0000300116500B","name":"國道3號(中港系統到大甲)"},"geometry":{"type":"LineString","coordinates":[[120.63603,24.33481],[120.63711,24.3352]]}},{"type":"Feature","properties":{"id":"0000300116520B","name":"國道3號(中港系統到大甲)"},"geometry":{"type":"LineString","coordinates":[[120.6287,24.33054],[120.63237,24.33308],[120.63603,24.33481]]}},{"type":"Feature","properties":{"id":"0000300116600B","name":"國道3號(中港系統到大甲)"},"geometry":{"type":"LineString","coordinates":[[120.62283,24.32339],[120.62514,24.32693],[120.62677,24.32877],[120.6287,24.33054]]}},{"type":"Feature","properties":{"id":"0000300116700B","name":"國道3號(中港系統到大甲)"},"geometry":{"type":"LineString","coordinates":[[120.61924,24.31503],[120.62283,24.32339]]}},{"type":"Feature","properties":{"id":"0000300116800B","name":"國道3號(中港系統到大甲)"},"geometry":{"type":"LineString","coordinates":[[120.61731,24.31168],[120.61924,24.31503]]}},{"type":"Feature","properties":{"id":"0000300116850B","name":"國道3號(清水服務區到中港系統)"},"geometry":{"type":"LineString","coordinates":[[120.61375,24.30761],[120.61593,24.30988],[120.61731,24.31168]]}},{"type":"Feature","properties":{"id":"0000300116900B","name":"國道3號(清水服務區到中港系統)"},"geometry":{"type":"LineString","coordinates":[[120.60969,24.30452],[120.61375,24.30761]]}},{"type":"Feature","properties":{"id":"0000300116960B","name":"國道3號(清水服務區到中港系統)"},"geometry":{"type":"LineString","coordinates":[[120.60618,24.30187],[120.60969,24.30452]]}},{"type":"Feature","properties":{"id":"0000300117000B","name":"國道3號(清水服務區到中港系統)"},"geometry":{"type":"LineString","coordinates":[[120.60215,24.29384],[120.6027,24.29635],[120.60339,24.29809],[120.60475,24.30027],[120.60618,24.30187]]}},{"type":"Feature","properties":{"id":"0000300117100B","name":"國道3號(清水服務區到中港系統)"},"geometry":{"type":"LineString","coordinates":[[120.60073,24.28496],[120.60139,24.28754],[120.60215,24.29384]]}},{"type":"Feature","properties":{"id":"0000300117200B","name":"國道3號(沙鹿到清水服務區)"},"geometry":{"type":"LineString","coordinates":[[120.5995,24.28226],[120.60073,24.28496]]}},{"type":"Feature","properties":{"id":"0000300117240B","name":"國道3號(沙鹿到清水服務區)"},"geometry":{"type":"LineString","coordinates":[[120.59549,24.2771],[120.5995,24.28226]]}},{"type":"Feature","properties":{"id":"0000300117310B","name":"國道3號(沙鹿到清水服務區)"},"geometry":{"type":"LineString","coordinates":[[120.5909,24.26946],[120.59308,24.27378],[120.59549,24.2771]]}},{"type":"Feature","properties":{"id":"0000300117400B","name":"國道3號(沙鹿到清水服務區)"},"geometry":{"type":"LineString","coordinates":[[120.58873,24.26074],[120.58951,24.26534],[120.5909,24.26946]]}},{"type":"Feature","properties":{"id":"0000300117500B","name":"國道3號(沙鹿到清水服務區)"},"geometry":{"type":"LineString","coordinates":[[120.58871,24.25686],[120.58873,24.26074]]}},{"type":"Feature","properties":{"id":"0000300117550B","name":"國道3號(沙鹿到清水服務區)"},"geometry":{"type":"LineString","coordinates":[[120.58977,24.25188],[120.58913,24.25398],[120.58871,24.25686]]}},{"type":"Feature","properties":{"id":"0000300117600B","name":"國道3號(龍井到沙鹿)"},"geometry":{"type":"LineString","coordinates":[[120.59277,24.24524],[120.58977,24.25188]]}},{"type":"Feature","properties":{"id":"0000300117680B","name":"國道3號(龍井到沙鹿)"},"geometry":{"type":"LineString","coordinates":[[120.59336,24.24351],[120.59277,24.24524]]}},{"type":"Feature","properties":{"id":"0000300117700B","name":"國道3號(龍井到沙鹿)"},"geometry":{"type":"LineString","coordinates":[[120.59339,24.23456],[120.59384,24.23673],[120.594,24.23905],[120.59388,24.24102],[120.59336,24.24351]]}},{"type":"Feature","properties":{"id":"0000300117800B","name":"國道3號(龍井到沙鹿)"},"geometry":{"type":"LineString","coordinates":[[120.58907,24.22651],[120.59178,24.23063],[120.59269,24.23251],[120.59339,24.23456]]}},{"type":"Feature","properties":{"id":"0000300117900B","name":"國道3號(龍井到沙鹿)"},"geometry":{"type":"LineString","coordinates":[[120.58549,24.21818],[120.5871,24.22283],[120.58907,24.22651]]}},{"type":"Feature","properties":{"id":"0000300118000B","name":"國道3號(龍井到沙鹿)"},"geometry":{"type":"LineString","coordinates":[[120.58249,24.20962],[120.584,24.21328],[120.58549,24.21818]]}},{"type":"Feature","properties":{"id":"0000300118100B","name":"國道3號(龍井到沙鹿)"},"geometry":{"type":"LineString","coordinates":[[120.57806,24.2016],[120.58034,24.20522],[120.58249,24.20962]]}},{"type":"Feature","properties":{"id":"0000300118200B","name":"國道3號(龍井到沙鹿)"},"geometry":{"type":"LineString","coordinates":[[120.57662,24.19957],[120.57806,24.2016]]}},{"type":"Feature","properties":{"id":"0000300118230B","name":"國道3號(和美到龍井)"},"geometry":{"type":"LineString","coordinates":[[120.57178,24.19474],[120.57364,24.19627],[120.57662,24.19957]]}},{"type":"Feature","properties":{"id":"0000300118300B","name":"國道3號(和美到龍井)"},"geometry":{"type":"LineString","coordinates":[[120.56744,24.19227],[120.56949,24.19326],[120.57178,24.19474]]}},{"type":"Feature","properties":{"id":"0000300118360B","name":"國道3號(和美到龍井)"},"geometry":{"type":"LineString","coordinates":[[120.56297,24.19099],[120.56744,24.19227]]}},{"type":"Feature","properties":{"id":"0000300118400B","name":"國道3號(和美到龍井)"},"geometry":{"type":"LineString","coordinates":[[120.55417,24.18714],[120.55603,24.18856],[120.55755,24.1894],[120.55945,24.19015],[120.56297,24.19099]]}},{"type":"Feature","properties":{"id":"0000300118500B","name":"國道3號(和美到龍井)"},"geometry":{"type":"LineString","coordinates":[[120.54925,24.17939],[120.55187,24.18444],[120.55417,24.18714]]}},{"type":"Feature","properties":{"id":"0000300118600B","name":"國道3號(和美到龍井)"},"geometry":{"type":"LineString","coordinates":[[120.5426,24.17302],[120.54498,24.17441],[120.54654,24.17573],[120.54814,24.1776],[120.54925,24.17939]]}},{"type":"Feature","properties":{"id":"0000300118700B","name":"國道3號(和美到龍井)"},"geometry":{"type":"LineString","coordinates":[[120.53437,24.16815],[120.53576,24.16939],[120.53733,24.17045],[120.5426,24.17302]]}},{"type":"Feature","properties":{"id":"0000300118800B","name":"國道3號(和美到龍井)"},"geometry":{"type":"LineString","coordinates":[[120.52834,24.16105],[120.53063,24.16343],[120.53437,24.16815]]}},{"type":"Feature","properties":{"id":"0000300118900B","name":"國道3號(和美到龍井)"},"geometry":{"type":"LineString","coordinates":[[120.52238,24.1557],[120.52427,24.15772],[120.52834,24.16105]]}},{"type":"Feature","properties":{"id":"0000300118990N","name":"國道3號(和美到龍井)"},"geometry":{"type":"LineString","coordinates":[[120.5216,24.15456],[120.52238,24.1557]]}},{"type":"Feature","properties":{"id":"0000300119000N","name":"國道3號(和美到龍井)"},"geometry":{"type":"LineString","coordinates":[[120.51938,24.14541],[120.51933,24.14811],[120.51965,24.15007],[120.52023,24.15193],[120.5216,24.15456]]}},{"type":"Feature","properties":{"id":"0000300119110N","name":"國道3號(彰化系統到和美)"},"geometry":{"type":"LineString","coordinates":[[120.52234,24.13757],[120.5202,24.14175],[120.5196,24.14379],[120.51938,24.14541]]}},{"type":"Feature","properties":{"id":"0000300119200N","name":"國道3號(彰化系統到和美)"},"geometry":{"type":"LineString","coordinates":[[120.5248,24.13334],[120.52234,24.13757]]}},{"type":"Feature","properties":{"id":"0000300119260N","name":"國道3號(彰化系統到和美)"},"geometry":{"type":"LineString","coordinates":[[120.52692,24.1296],[120.5248,24.13334]]}},{"type":"Feature","properties":{"id":"0000300119300N","name":"國道3號(彰化系統到和美)"},"geometry":{"type":"LineString","coordinates":[[120.53262,24.12248],[120.53039,24.12433],[120.52948,24.12532],[120.52692,24.1296]]}},{"type":"Feature","properties":{"id":"0000300119400N","name":"國道3號(彰化系統到和美)"},"geometry":{"type":"LineString","coordinates":[[120.53985,24.11636],[120.53262,24.12248]]}},{"type":"Feature","properties":{"id":"0000300119500N","name":"國道3號(彰化系統到和美)"},"geometry":{"type":"LineString","coordinates":[[120.54718,24.11041],[120.54359,24.11292],[120.53985,24.11636]]}},{"type":"Feature","properties":{"id":"0000300119600N","name":"國道3號(彰化系統到和美)"},"geometry":{"type":"LineString","coordinates":[[120.55001,24.10889],[120.54718,24.11041]]}},{"type":"Feature","properties":{"id":"0000300119640N","name":"國道3號(快官到彰化系統)"},"geometry":{"type":"LineString","coordinates":[[120.55606,24.10667],[120.55211,24.10796],[120.55001,24.10889]]}},{"type":"Feature","properties":{"id":"0000300119700N","name":"國道3號(快官到彰化系統)"},"geometry":{"type":"LineString","coordinates":[[120.56084,24.1058],[120.55606,24.10667]]}},{"type":"Feature","properties":{"id":"0000300119750N","name":"國道3號(快官到彰化系統)"},"geometry":{"type":"LineString","coordinates":[[120.56579,24.1053],[120.56084,24.1058]]}},{"type":"Feature","properties":{"id":"0000300119800N","name":"國道3號(快官到彰化系統)"},"geometry":{"type":"LineString","coordinates":[[120.57545,24.10367],[120.57155,24.1046],[120.56579,24.1053]]}},{"type":"Feature","properties":{"id":"0000300119900N","name":"國道3號(快官到彰化系統)"},"geometry":{"type":"LineString","coordinates":[[120.58451,24.10015],[120.57545,24.10367]]}},{"type":"Feature","properties":{"id":"0000300120000N","name":"國道3號(快官到彰化系統)"},"geometry":{"type":"LineString","coordinates":[[120.59407,24.098],[120.58673,24.09952],[120.58451,24.10015]]}},{"type":"Feature","properties":{"id":"0000300120100N","name":"國道3號(快官到彰化系統)"},"geometry":{"type":"LineString","coordinates":[[120.59638,24.09716],[120.59407,24.098]]}},{"type":"Feature","properties":{"id":"0000300120130N","name":"國道3號(快官到彰化系統)"},"geometry":{"type":"LineString","coordinates":[[120.60248,24.09336],[120.59923,24.09576],[120.59638,24.09716]]}},{"type":"Feature","properties":{"id":"0000300120200N","name":"國道3號(烏日到快官)"},"geometry":{"type":"LineString","coordinates":[[120.60956,24.08712],[120.60248,24.09336]]}},{"type":"Feature","properties":{"id":"0000300120300N","name":"國道3號(烏日到快官)"},"geometry":{"type":"LineString","coordinates":[[120.6116,24.0856],[120.60956,24.08712]]}},{"type":"Feature","properties":{"id":"0000300120330N","name":"國道3號(烏日到快官)"},"geometry":{"type":"LineString","coordinates":[[120.61537,24.08384],[120.61331,24.08464],[120.6116,24.0856]]}},{"type":"Feature","properties":{"id":"0000300120380B","name":"國道3號(烏日到快官)"},"geometry":{"type":"LineString","coordinates":[[120.61812,24.08326],[120.61537,24.08384]]}},{"type":"Feature","properties":{"id":"0000300120400B","name":"國道3號(烏日到快官)"},"geometry":{"type":"LineString","coordinates":[[120.62776,24.08151],[120.62428,24.08264],[120.61812,24.08326]]}},{"type":"Feature","properties":{"id":"0000300120500B","name":"國道3號(烏日到快官)"},"geometry":{"type":"LineString","coordinates":[[120.63468,24.07514],[120.63298,24.07752],[120.63129,24.07925],[120.62946,24.08062],[120.62776,24.08151]]}},{"type":"Feature","properties":{"id":"0000300120600B","name":"國道3號(烏日到快官)"},"geometry":{"type":"LineString","coordinates":[[120.64057,24.06993],[120.63736,24.07202],[120.63616,24.07319],[120.63468,24.07514]]}},{"type":"Feature","properties":{"id":"0000300120690B","name":"國道3號(烏日到快官)"},"geometry":{"type":"LineString","coordinates":[[120.64187,24.0694],[120.64057,24.06993]]}},{"type":"Feature","properties":{"id":"0000300120700B","name":"國道3號(中投到烏日)"},"geometry":{"type":"LineString","coordinates":[[120.65074,24.06797],[120.64589,24.06836],[120.64187,24.0694]]}},{"type":"Feature","properties":{"id":"0000300120800B","name":"國道3號(中投到烏日)"},"geometry":{"type":"LineString","coordinates":[[120.6559,24.06733],[120.65074,24.06797]]}},{"type":"Feature","properties":{"id":"0000300120850B","name":"國道3號(霧峰到中投)"},"geometry":{"type":"LineString","coordinates":[[120.66111,24.06599],[120.6559,24.06733]]}},{"type":"Feature","properties":{"id":"0000300120900B","name":"國道3號(霧峰到中投)"},"geometry":{"type":"LineString","coordinates":[[120.66933,24.06201],[120.66538,24.06424],[120.66111,24.06599]]}},{"type":"Feature","properties":{"id":"0000300121000B","name":"國道3號(霧峰到中投)"},"geometry":{"type":"LineString","coordinates":[[120.67602,24.05604],[120.67372,24.05857],[120.66933,24.06201]]}},{"type":"Feature","properties":{"id":"0000300121090B","name":"國道3號(霧峰到中投)"},"geometry":{"type":"LineString","coordinates":[[120.67661,24.0552],[120.67602,24.05604]]}},{"type":"Feature","properties":{"id":"0000300121100B","name":"國道3號(霧峰系統到霧峰)"},"geometry":{"type":"LineString","coordinates":[[120.67931,24.04657],[120.67913,24.04883],[120.67872,24.05065],[120.67793,24.05277],[120.67661,24.0552]]}},{"type":"Feature","properties":{"id":"0000300121200B","name":"國道3號(霧峰系統到霧峰)"},"geometry":{"type":"LineString","coordinates":[[120.67928,24.04562],[120.67931,24.04657]]}},{"type":"Feature","properties":{"id":"0000300121220B","name":"國道3號(霧峰系統到霧峰)"},"geometry":{"type":"LineString","coordinates":[[120.67647,24.03795],[120.67846,24.04213],[120.67928,24.04562]]}},{"type":"Feature","properties":{"id":"0000300121300B","name":"國道3號(草屯到霧峰系統)"},"geometry":{"type":"LineString","coordinates":[[120.67115,24.03038],[120.67647,24.03795]]}},{"type":"Feature","properties":{"id":"0000300121400B","name":"國道3號(草屯到霧峰系統)"},"geometry":{"type":"LineString","coordinates":[[120.67051,24.02952],[120.67115,24.03038]]}},{"type":"Feature","properties":{"id":"0000300121420B","name":"國道3號(草屯到霧峰系統)"},"geometry":{"type":"LineString","coordinates":[[120.66707,24.02489],[120.67051,24.02952]]}},{"type":"Feature","properties":{"id":"0000300121480B","name":"國道3號(草屯到霧峰系統)"},"geometry":{"type":"LineString","coordinates":[[120.66552,24.02278],[120.66707,24.02489]]}},{"type":"Feature","properties":{"id":"0000300121510N","name":"國道3號(草屯到霧峰系統)"},"geometry":{"type":"LineString","coordinates":[[120.66071,24.01515],[120.66298,24.01907],[120.66552,24.02278]]}},{"type":"Feature","properties":{"id":"0000300121600N","name":"國道3號(草屯到霧峰系統)"},"geometry":{"type":"LineString","coordinates":[[120.65514,24.00844],[120.65859,24.0119],[120.66071,24.01515]]}},{"type":"Feature","properties":{"id":"0000300121690M","name":"國道3號(草屯到霧峰系統)"},"geometry":{"type":"LineString","coordinates":[[120.65495,24.00824],[120.65514,24.00844]]}},{"type":"Feature","properties":{"id":"0000300121700M","name":"國道3號(草屯到霧峰系統)"},"geometry":{"type":"LineString","coordinates":[[120.65291,24.00605],[120.65495,24.00824]]}},{"type":"Feature","properties":{"id":"0000300121730M","name":"國道3號(中興系統到草屯)"},"geometry":{"type":"LineString","coordinates":[[120.65069,24.0014],[120.65143,24.0036],[120.65291,24.00605]]}},{"type":"Feature","properties":{"id":"0000300121790M","name":"國道3號(中興系統到草屯)"},"geometry":{"type":"LineString","coordinates":[[120.65044,24.00016],[120.65069,24.0014]]}},{"type":"Feature","properties":{"id":"0000300121800M","name":"國道3號(中興系統到草屯)"},"geometry":{"type":"LineString","coordinates":[[120.65191,23.99138],[120.65045,23.99654],[120.65031,23.99802],[120.65044,24.00016]]}},{"type":"Feature","properties":{"id":"0000300121900M","name":"國道3號(中興系統到草屯)"},"geometry":{"type":"LineString","coordinates":[[120.65264,23.98247],[120.65291,23.98502],[120.65284,23.98709],[120.65251,23.98919],[120.65191,23.99138]]}},{"type":"Feature","properties":{"id":"0000300122000M","name":"國道3號(中興系統到草屯)"},"geometry":{"type":"LineString","coordinates":[[120.64946,23.97397],[120.65187,23.97968],[120.65264,23.98247]]}},{"type":"Feature","properties":{"id":"0000300122100M","name":"國道3號(中興系統到草屯)"},"geometry":{"type":"LineString","coordinates":[[120.64946,23.96517],[120.64887,23.96722],[120.64866,23.96919],[120.64881,23.97148],[120.64946,23.97397]]}},{"type":"Feature","properties":{"id":"0000300122200M","name":"國道3號(中興系統到草屯)"},"geometry":{"type":"LineString","coordinates":[[120.6501,23.96375],[120.64946,23.96517]]}},{"type":"Feature","properties":{"id":"0000300122220M","name":"國道3號(中興到中興系統)"},"geometry":{"type":"LineString","coordinates":[[120.65367,23.95943],[120.65156,23.9615],[120.6501,23.96375]]}},{"type":"Feature","properties":{"id":"0000300122280M","name":"國道3號(中興到中興系統)"},"geometry":{"type":"LineString","coordinates":[[120.6553,23.95827],[120.65367,23.95943]]}},{"type":"Feature","properties":{"id":"0000300122300M","name":"國道3號(中興到中興系統)"},"geometry":{"type":"LineString","coordinates":[[120.66403,23.95414],[120.66204,23.95524],[120.65813,23.95682],[120.6553,23.95827]]}},{"type":"Feature","properties":{"id":"0000300122400M","name":"國道3號(中興到中興系統)"},"geometry":{"type":"LineString","coordinates":[[120.66696,23.95184],[120.66403,23.95414]]}},{"type":"Feature","properties":{"id":"0000300122440M","name":"國道3號(南投到中興)"},"geometry":{"type":"LineString","coordinates":[[120.67002,23.94706],[120.66844,23.94996],[120.66696,23.95184]]}},{"type":"Feature","properties":{"id":"0000300122500M","name":"國道3號(南投到中興)"},"geometry":{"type":"LineString","coordinates":[[120.67047,23.94609],[120.67002,23.94706]]}},{"type":"Feature","properties":{"id":"0000300122520M","name":"國道3號(南投到中興)"},"geometry":{"type":"LineString","coordinates":[[120.67502,23.9395],[120.67329,23.94116],[120.67241,23.94231],[120.67047,23.94609]]}},{"type":"Feature","properties":{"id":"0000300122600M","name":"國道3號(南投到中興)"},"geometry":{"type":"LineString","coordinates":[[120.68037,23.93206],[120.6795,23.93445],[120.67849,23.9361],[120.67738,23.93739],[120.67502,23.9395]]}},{"type":"Feature","properties":{"id":"0000300122700M","name":"國道3號(南投到中興)"},"geometry":{"type":"LineString","coordinates":[[120.68075,23.93038],[120.68037,23.93206]]}},{"type":"Feature","properties":{"id":"0000300122720M","name":"國道3號(南投到中興)"},"geometry":{"type":"LineString","coordinates":[[120.68324,23.92357],[120.68212,23.92538],[120.68168,23.92648],[120.68075,23.93038]]}},{"type":"Feature","properties":{"id":"0000300122800M","name":"國道3號(南投服務區到南投)"},"geometry":{"type":"LineString","coordinates":[[120.68785,23.91984],[120.68508,23.92166],[120.68324,23.92357]]}},{"type":"Feature","properties":{"id":"0000300122870M","name":"國道3號(南投服務區到南投)"},"geometry":{"type":"LineString","coordinates":[[120.69048,23.9176],[120.68932,23.91877],[120.68785,23.91984]]}},{"type":"Feature","properties":{"id":"0000300122900M","name":"國道3號(南投服務區到南投)"},"geometry":{"type":"LineString","coordinates":[[120.69752,23.91163],[120.69514,23.91282],[120.6936,23.91394],[120.69214,23.91546],[120.69048,23.9176]]}},{"type":"Feature","properties":{"id":"0000300123000M","name":"國道3號(南投服務區到南投)"},"geometry":{"type":"LineString","coordinates":[[120.70373,23.90492],[120.70263,23.90729],[120.70153,23.90888],[120.69965,23.91052],[120.69752,23.91163]]}},{"type":"Feature","properties":{"id":"0000300123100M","name":"國道3號(南投服務區到南投)"},"geometry":{"type":"LineString","coordinates":[[120.70495,23.90303],[120.70373,23.90492]]}},{"type":"Feature","properties":{"id":"0000300123130M","name":"國道3號(南投服務區到南投)"},"geometry":{"type":"LineString","coordinates":[[120.70963,23.89857],[120.70806,23.90032],[120.70495,23.90303]]}},{"type":"Feature","properties":{"id":"0000300123200M","name":"國道3號(名間到南投服務區)"},"geometry":{"type":"LineString","coordinates":[[120.71018,23.88925],[120.71094,23.8925],[120.711,23.89458],[120.71059,23.89653],[120.70963,23.89857]]}},{"type":"Feature","properties":{"id":"0000300123300M","name":"國道3號(名間到南投服務區)"},"geometry":{"type":"LineString","coordinates":[[120.7087,23.88039],[120.70967,23.88388],[120.71018,23.88925]]}},{"type":"Feature","properties":{"id":"0000300123400M","name":"國道3號(名間到南投服務區)"},"geometry":{"type":"LineString","coordinates":[[120.70574,23.87182],[120.7071,23.87527],[120.7087,23.88039]]}},{"type":"Feature","properties":{"id":"0000300123500M","name":"國道3號(名間到南投服務區)"},"geometry":{"type":"LineString","coordinates":[[120.70284,23.86322],[120.70574,23.87182]]}},{"type":"Feature","properties":{"id":"0000300123600M","name":"國道3號(名間到南投服務區)"},"geometry":{"type":"LineString","coordinates":[[120.70195,23.85804],[120.70213,23.8601],[120.70284,23.86322]]}},{"type":"Feature","properties":{"id":"0000300123660M","name":"國道3號(竹山到名間)"},"geometry":{"type":"LineString","coordinates":[[120.70215,23.85434],[120.70195,23.85804]]}},{"type":"Feature","properties":{"id":"0000300123700M","name":"國道3號(竹山到名間)"},"geometry":{"type":"LineString","coordinates":[[120.70258,23.85247],[120.70215,23.85434]]}},{"type":"Feature","properties":{"id":"0000300123730M","name":"國道3號(竹山到名間)"},"geometry":{"type":"LineString","coordinates":[[120.70469,23.84568],[120.70411,23.84801],[120.70258,23.85247]]}},{"type":"Feature","properties":{"id":"0000300123800M","name":"國道3號(竹山到名間)"},"geometry":{"type":"LineString","coordinates":[[120.70708,23.83703],[120.7054,23.84111],[120.70469,23.84568]]}},{"type":"Feature","properties":{"id":"0000300123900M","name":"國道3號(竹山到名間)"},"geometry":{"type":"LineString","coordinates":[[120.70836,23.82818],[120.70849,23.83084],[120.70831,23.8328],[120.70786,23.83487],[120.70708,23.83703]]}},{"type":"Feature","properties":{"id":"0000300124000M","name":"國道3號(竹山到名間)"},"geometry":{"type":"LineString","coordinates":[[120.70487,23.81986],[120.70633,23.82205],[120.70719,23.82381],[120.70784,23.82566],[120.70836,23.82818]]}},{"type":"Feature","properties":{"id":"0000300124100M","name":"國道3號(竹山到名間)"},"geometry":{"type":"LineString","coordinates":[[120.69877,23.81283],[120.70018,23.81482],[120.70487,23.81986]]}},{"type":"Feature","properties":{"id":"0000300124200M","name":"國道3號(竹山到名間)"},"geometry":{"type":"LineString","coordinates":[[120.69811,23.80416],[120.69751,23.80645],[120.69745,23.80857],[120.6978,23.81054],[120.69877,23.81283]]}},{"type":"Feature","properties":{"id":"0000300124300M","name":"國道3號(竹山到名間)"},"geometry":{"type":"LineString","coordinates":[[120.70037,23.79925],[120.69811,23.80416]]}},{"type":"Feature","properties":{"id":"0000300124360M","name":"國道3號(南雲到竹山)"},"geometry":{"type":"LineString","coordinates":[[120.70195,23.79589],[120.70037,23.79925]]}},{"type":"Feature","properties":{"id":"0000300124400M","name":"國道3號(南雲到竹山)"},"geometry":{"type":"LineString","coordinates":[[120.70303,23.79365],[120.70195,23.79589]]}},{"type":"Feature","properties":{"id":"0000300124430M","name":"國道3號(南雲到竹山)"},"geometry":{"type":"LineString","coordinates":[[120.70459,23.7873],[120.70458,23.7888],[120.70429,23.79048],[120.70303,23.79365]]}},{"type":"Feature","properties":{"id":"0000300124500M","name":"國道3號(南雲到竹山)"},"geometry":{"type":"LineString","coordinates":[[120.70025,23.77951],[120.7021,23.78121],[120.70328,23.78294],[120.70418,23.78504],[120.70459,23.7873]]}},{"type":"Feature","properties":{"id":"0000300124600M","name":"國道3號(南雲到竹山)"},"geometry":{"type":"LineString","coordinates":[[120.69115,23.77715],[120.69413,23.77712],[120.6963,23.77756],[120.69845,23.77841],[120.70025,23.77951]]}},{"type":"Feature","properties":{"id":"0000300124700M","name":"國道3號(南雲到竹山)"},"geometry":{"type":"LineString","coordinates":[[120.6814,23.7783],[120.69115,23.77715]]}},{"type":"Feature","properties":{"id":"0000300124800M","name":"國道3號(南雲到竹山)"},"geometry":{"type":"LineString","coordinates":[[120.67164,23.77743],[120.67606,23.77837],[120.67851,23.7785],[120.6814,23.7783]]}},{"type":"Feature","properties":{"id":"0000300124900M","name":"國道3號(南雲到竹山)"},"geometry":{"type":"LineString","coordinates":[[120.66328,23.77471],[120.66675,23.77552],[120.67164,23.77743]]}},{"type":"Feature","properties":{"id":"0000300125000M","name":"國道3號(斗六到南雲)"},"geometry":{"type":"LineString","coordinates":[[120.65445,23.77434],[120.66064,23.77446],[120.66328,23.77471]]}},{"type":"Feature","properties":{"id":"0000300125090M","name":"國道3號(斗六到南雲)"},"geometry":{"type":"LineString","coordinates":[[120.6526,23.77431],[120.65445,23.77434]]}},{"type":"Feature","properties":{"id":"0000300125100M","name":"國道3號(斗六到南雲)"},"geometry":{"type":"LineString","coordinates":[[120.64799,23.77422],[120.6526,23.77431]]}},{"type":"Feature","properties":{"id":"0000300125150P","name":"國道3號(斗六到南雲)"},"geometry":{"type":"LineString","coordinates":[[120.64277,23.77412],[120.64799,23.77422]]}},{"type":"Feature","properties":{"id":"0000300125200P","name":"國道3號(斗六到南雲)"},"geometry":{"type":"LineString","coordinates":[[120.63296,23.77402],[120.64277,23.77412]]}},{"type":"Feature","properties":{"id":"0000300125300P","name":"國道3號(斗六到南雲)"},"geometry":{"type":"LineString","coordinates":[[120.62342,23.77605],[120.63016,23.77438],[120.63296,23.77402]]}},{"type":"Feature","properties":{"id":"0000300125400P","name":"國道3號(斗六到南雲)"},"geometry":{"type":"LineString","coordinates":[[120.61387,23.77461],[120.61594,23.77547],[120.61856,23.77609],[120.6211,23.77625],[120.62342,23.77605]]}},{"type":"Feature","properties":{"id":"0000300125500P","name":"國道3號(斗六到南雲)"},"geometry":{"type":"LineString","coordinates":[[120.60738,23.76803],[120.60856,23.77008],[120.61002,23.77183],[120.61217,23.77362],[120.61387,23.77461]]}},{"type":"Feature","properties":{"id":"0000300125600P","name":"國道3號(斗六到南雲)"},"geometry":{"type":"LineString","coordinates":[[120.60429,23.75952],[120.60525,23.76157],[120.60738,23.76803]]}},{"type":"Feature","properties":{"id":"0000300125700P","name":"國道3號(斗六到南雲)"},"geometry":{"type":"LineString","coordinates":[[120.5978,23.75289],[120.60039,23.75487],[120.60193,23.75631],[120.60322,23.75786],[120.60429,23.75952]]}},{"type":"Feature","properties":{"id":"0000300125800P","name":"國道3號(斗六到南雲)"},"geometry":{"type":"LineString","coordinates":[[120.59232,23.74557],[120.59314,23.74763],[120.59436,23.74959],[120.59603,23.75144],[120.5978,23.75289]]}},{"type":"Feature","properties":{"id":"0000300125900P","name":"國道3號(斗六到南雲)"},"geometry":{"type":"LineString","coordinates":[[120.59242,23.73805],[120.59194,23.73994],[120.59178,23.7419],[120.59192,23.74386],[120.59232,23.74557]]}},{"type":"Feature","properties":{"id":"0000300125990P","name":"國道3號(斗六到南雲)"},"geometry":{"type":"LineString","coordinates":[[120.59291,23.73678],[120.59242,23.73805]]}},{"type":"Feature","properties":{"id":"0000300126000P","name":"國道3號(斗六到南雲)"},"geometry":{"type":"LineString","coordinates":[[120.59825,23.72925],[120.5941,23.73471],[120.59291,23.73678]]}},{"type":"Feature","properties":{"id":"0000300126100P","name":"國道3號(古坑(北)到斗六)"},"geometry":{"type":"LineString","coordinates":[[120.59889,23.72843],[120.59825,23.72925]]}},{"type":"Feature","properties":{"id":"0000300126120P","name":"國道3號(古坑(北)到斗六)"},"geometry":{"type":"LineString","coordinates":[[120.60308,23.72145],[120.60187,23.72428],[120.59889,23.72843]]}},{"type":"Feature","properties":{"id":"0000300126200P","name":"國道3號(古坑(北)到斗六)"},"geometry":{"type":"LineString","coordinates":[[120.60286,23.71254],[120.60359,23.71768],[120.60346,23.71969],[120.60308,23.72145]]}},{"type":"Feature","properties":{"id":"0000300126300P","name":"國道3號(古坑(北)到斗六)"},"geometry":{"type":"LineString","coordinates":[[120.60333,23.70358],[120.60333,23.7057],[120.60279,23.71013],[120.60286,23.71254]]}},{"type":"Feature","properties":{"id":"0000300126400P","name":"國道3號(古坑(北)到斗六)"},"geometry":{"type":"LineString","coordinates":[[120.60045,23.69508],[120.60133,23.69652],[120.60233,23.69875],[120.60298,23.70095],[120.60333,23.70358]]}},{"type":"Feature","properties":{"id":"0000300126500P","name":"國道3號(古坑(北)到斗六)"},"geometry":{"type":"LineString","coordinates":[[120.59442,23.68797],[120.60045,23.69508]]}},{"type":"Feature","properties":{"id":"0000300126600P","name":"國道3號(古坑(北)到斗六)"},"geometry":{"type":"LineString","coordinates":[[120.59019,23.67987],[120.59312,23.68591],[120.59442,23.68797]]}},{"type":"Feature","properties":{"id":"0000300126700P","name":"國道3號(古坑(北)到斗六)"},"geometry":{"type":"LineString","coordinates":[[120.58383,23.67421],[120.5859,23.67546],[120.58773,23.67688],[120.58941,23.67872],[120.59019,23.67987]]}},{"type":"Feature","properties":{"id":"0000300126800P","name":"國道3號(古坑系統到古坑(北))"},"geometry":{"type":"LineString","coordinates":[[120.57585,23.66787],[120.5787,23.67085],[120.58119,23.67266],[120.58383,23.67421]]}},{"type":"Feature","properties":{"id":"0000300126900P","name":"國道3號(古坑系統到古坑(北))"},"geometry":{"type":"LineString","coordinates":[[120.57266,23.66096],[120.57317,23.66291],[120.57385,23.66458],[120.57585,23.66787]]}},{"type":"Feature","properties":{"id":"0000300126990P","name":"國道3號(古坑(南)到古坑系統)"},"geometry":{"type":"LineString","coordinates":[[120.57242,23.65951],[120.57266,23.66096]]}},{"type":"Feature","properties":{"id":"0000300127000P","name":"國道3號(古坑(南)到古坑系統)"},"geometry":{"type":"LineString","coordinates":[[120.57286,23.65053],[120.57232,23.65623],[120.57242,23.65951]]}},{"type":"Feature","properties":{"id":"0000300127100P","name":"國道3號(古坑服務區到古坑(南))"},"geometry":{"type":"LineString","coordinates":[[120.57267,23.64244],[120.57298,23.64606],[120.57286,23.65053]]}},{"type":"Feature","properties":{"id":"0000300127200P","name":"國道3號(古坑服務區到古坑(南))"},"geometry":{"type":"LineString","coordinates":[[120.57001,23.63292],[120.57147,23.63689],[120.57267,23.64244]]}},{"type":"Feature","properties":{"id":"0000300127300P","name":"國道3號(古坑服務區到古坑(南))"},"geometry":{"type":"LineString","coordinates":[[120.56553,23.62498],[120.56824,23.62916],[120.57001,23.63292]]}},{"type":"Feature","properties":{"id":"0000300127400P","name":"國道3號(古坑服務區到古坑(南))"},"geometry":{"type":"LineString","coordinates":[[120.55891,23.6184],[120.56143,23.62057],[120.56553,23.62498]]}},{"type":"Feature","properties":{"id":"0000300127500P","name":"國道3號(古坑服務區到古坑(南))"},"geometry":{"type":"LineString","coordinates":[[120.5509,23.61329],[120.55571,23.61604],[120.55891,23.6184]]}},{"type":"Feature","properties":{"id":"0000300127600P","name":"國道3號(古坑服務區到古坑(南))"},"geometry":{"type":"LineString","coordinates":[[120.5439,23.61058],[120.54736,23.61176],[120.5509,23.61329]]}},{"type":"Feature","properties":{"id":"0000300127680P","name":"國道3號(古坑服務區到古坑(南))"},"geometry":{"type":"LineString","coordinates":[[120.54182,23.61],[120.5439,23.61058]]}},{"type":"Feature","properties":{"id":"0000300127700P","name":"國道3號(梅山到古坑服務區)"},"geometry":{"type":"LineString","coordinates":[[120.53753,23.6088],[120.54182,23.61]]}},{"type":"Feature","properties":{"id":"0000300127750P","name":"國道3號(梅山到古坑服務區)"},"geometry":{"type":"LineString","coordinates":[[120.53266,23.6068],[120.53433,23.60765],[120.53753,23.6088]]}},{"type":"Feature","properties":{"id":"0000300127800P","name":"國道3號(梅山到古坑服務區)"},"geometry":{"type":"LineString","coordinates":[[120.53104,23.60581],[120.53266,23.6068]]}},{"type":"Feature","properties":{"id":"0000300127820P","name":"國道3號(梅山到古坑服務區)"},"geometry":{"type":"LineString","coordinates":[[120.52783,23.60307],[120.5294,23.60457],[120.53104,23.60581]]}},{"type":"Feature","properties":{"id":"0000300127870Q","name":"國道3號(梅山到古坑服務區)"},"geometry":{"type":"LineString","coordinates":[[120.5271,23.60225],[120.52783,23.60307]]}},{"type":"Feature","properties":{"id":"0000300127880Q","name":"國道3號(梅山到古坑服務區)"},"geometry":{"type":"LineString","coordinates":[[120.52546,23.59997],[120.5271,23.60225]]}},{"type":"Feature","properties":{"id":"0000300127910Q","name":"國道3號(竹崎到梅山)"},"geometry":{"type":"LineString","coordinates":[[120.52123,23.5925],[120.52546,23.59997]]}},{"type":"Feature","properties":{"id":"0000300128000Q","name":"國道3號(竹崎到梅山)"},"geometry":{"type":"LineString","coordinates":[[120.51948,23.59015],[120.52123,23.5925]]}},{"type":"Feature","properties":{"id":"0000300128040Q","name":"國道3號(竹崎到梅山)"},"geometry":{"type":"LineString","coordinates":[[120.51491,23.58566],[120.51731,23.58782],[120.51948,23.59015]]}},{"type":"Feature","properties":{"id":"0000300128100Q","name":"國道3號(竹崎到梅山)"},"geometry":{"type":"LineString","coordinates":[[120.50883,23.5786],[120.51099,23.58165],[120.51491,23.58566]]}},{"type":"Feature","properties":{"id":"0000300128200Q","name":"國道3號(竹崎到梅山)"},"geometry":{"type":"LineString","coordinates":[[120.50717,23.57538],[120.50883,23.5786]]}},{"type":"Feature","properties":{"id":"0000300128240Q","name":"國道3號(竹崎到梅山)"},"geometry":{"type":"LineString","coordinates":[[120.50639,23.5733],[120.50717,23.57538]]}},{"type":"Feature","properties":{"id":"0000300128270Q","name":"國道3號(竹崎到梅山)"},"geometry":{"type":"LineString","coordinates":[[120.50556,23.57015],[120.50639,23.5733]]}},{"type":"Feature","properties":{"id":"0000300128300Q","name":"國道3號(竹崎到梅山)"},"geometry":{"type":"LineString","coordinates":[[120.50507,23.56118],[120.50512,23.5668],[120.50556,23.57015]]}},{"type":"Feature","properties":{"id":"0000300128400Q","name":"國道3號(竹崎到梅山)"},"geometry":{"type":"LineString","coordinates":[[120.50507,23.55699],[120.50507,23.56118]]}},{"type":"Feature","properties":{"id":"0000300128450Q","name":"國道3號(竹崎到梅山)"},"geometry":{"type":"LineString","coordinates":[[120.50509,23.55466],[120.50507,23.55699]]}},{"type":"Feature","properties":{"id":"0000300128480Q","name":"國道3號(竹崎到梅山)"},"geometry":{"type":"LineString","coordinates":[[120.50505,23.55219],[120.50509,23.55466]]}},{"type":"Feature","properties":{"id":"0000300128500Q","name":"國道3號(竹崎到梅山)"},"geometry":{"type":"LineString","coordinates":[[120.50174,23.54389],[120.50299,23.54564],[120.50393,23.5475],[120.50473,23.54994],[120.50505,23.55219]]}},{"type":"Feature","properties":{"id":"0000300128600Q","name":"國道3號(竹崎到梅山)"},"geometry":{"type":"LineString","coordinates":[[120.4944,23.538],[120.49921,23.54139],[120.50174,23.54389]]}},{"type":"Feature","properties":{"id":"0000300128700Q","name":"國道3號(竹崎到梅山)"},"geometry":{"type":"LineString","coordinates":[[120.48815,23.5311],[120.49099,23.53488],[120.4944,23.538]]}},{"type":"Feature","properties":{"id":"0000300128800Q","name":"國道3號(竹崎到梅山)"},"geometry":{"type":"LineString","coordinates":[[120.48621,23.52721],[120.48815,23.5311]]}},{"type":"Feature","properties":{"id":"0000300128850Q","name":"國道3號(竹崎到梅山)"},"geometry":{"type":"LineString","coordinates":[[120.48501,23.52263],[120.48544,23.5248],[120.48621,23.52721]]}},{"type":"Feature","properties":{"id":"0000300128900Q","name":"國道3號(竹崎到梅山)"},"geometry":{"type":"LineString","coordinates":[[120.48566,23.51374],[120.4851,23.51614],[120.48481,23.51878],[120.48501,23.52263]]}},{"type":"Feature","properties":{"id":"0000300129000Q","name":"國道3號(中埔到竹崎)"},"geometry":{"type":"LineString","coordinates":[[120.48986,23.50566],[120.48717,23.50997],[120.48566,23.51374]]}},{"type":"Feature","properties":{"id":"0000300129100Q","name":"國道3號(中埔到竹崎)"},"geometry":{"type":"LineString","coordinates":[[120.49375,23.49745],[120.49257,23.50114],[120.49149,23.5032],[120.48986,23.50566]]}},{"type":"Feature","properties":{"id":"0000300129200Q","name":"國道3號(中埔到竹崎)"},"geometry":{"type":"LineString","coordinates":[[120.49405,23.49569],[120.49375,23.49745]]}},{"type":"Feature","properties":{"id":"0000300129220Q","name":"國道3號(中埔到竹崎)"},"geometry":{"type":"LineString","coordinates":[[120.49526,23.49009],[120.49459,23.49249],[120.49405,23.49569]]}},{"type":"Feature","properties":{"id":"0000300129290I","name":"國道3號(中埔到竹崎)"},"geometry":{"type":"LineString","coordinates":[[120.49584,23.48871],[120.49526,23.49009]]}},{"type":"Feature","properties":{"id":"0000300129300I","name":"國道3號(中埔到竹崎)"},"geometry":{"type":"LineString","coordinates":[[120.49665,23.48714],[120.49584,23.48871]]}},{"type":"Feature","properties":{"id":"0000300129320I","name":"國道3號(中埔到竹崎)"},"geometry":{"type":"LineString","coordinates":[[120.49978,23.48049],[120.49851,23.48397],[120.49665,23.48714]]}},{"type":"Feature","properties":{"id":"0000300129400I","name":"國道3號(中埔到竹崎)"},"geometry":{"type":"LineString","coordinates":[[120.50055,23.47683],[120.49978,23.48049]]}},{"type":"Feature","properties":{"id":"0000300129450I","name":"國道3號(中埔到竹崎)"},"geometry":{"type":"LineString","coordinates":[[120.5002,23.47158],[120.5006,23.47466],[120.50055,23.47683]]}},{"type":"Feature","properties":{"id":"0000300129500I","name":"國道3號(中埔到竹崎)"},"geometry":{"type":"LineString","coordinates":[[120.49638,23.46339],[120.49771,23.46528],[120.49873,23.46718],[120.49952,23.46916],[120.5002,23.47158]]}},{"type":"Feature","properties":{"id":"0000300129600I","name":"國道3號(中埔到竹崎)"},"geometry":{"type":"LineString","coordinates":[[120.48964,23.45689],[120.49414,23.46094],[120.49638,23.46339]]}},{"type":"Feature","properties":{"id":"0000300129700I","name":"國道3號(中埔到竹崎)"},"geometry":{"type":"LineString","coordinates":[[120.48718,23.45424],[120.48964,23.45689]]}},{"type":"Feature","properties":{"id":"0000300129740Q","name":"國道3號(水上系統到中埔)"},"geometry":{"type":"LineString","coordinates":[[120.48704,23.45406],[120.48718,23.45424]]}},{"type":"Feature","properties":{"id":"0000300129750Q","name":"國道3號(水上系統到中埔)"},"geometry":{"type":"LineString","coordinates":[[120.48429,23.44941],[120.4854,23.4516],[120.48704,23.45406]]}},{"type":"Feature","properties":{"id":"0000300129800Q","name":"國道3號(水上系統到中埔)"},"geometry":{"type":"LineString","coordinates":[[120.48285,23.44593],[120.48429,23.44941]]}},{"type":"Feature","properties":{"id":"0000300129850Q","name":"國道3號(水上系統到中埔)"},"geometry":{"type":"LineString","coordinates":[[120.4806,23.44122],[120.48285,23.44593]]}},{"type":"Feature","properties":{"id":"0000300129900Q","name":"國道3號(水上系統到中埔)"},"geometry":{"type":"LineString","coordinates":[[120.47961,23.43966],[120.4806,23.44122]]}},{"type":"Feature","properties":{"id":"0000300129920Q","name":"國道3號(水上系統到中埔)"},"geometry":{"type":"LineString","coordinates":[[120.47452,23.43407],[120.47728,23.43671],[120.47961,23.43966]]}},{"type":"Feature","properties":{"id":"0000300130000Q","name":"國道3號(水上系統到中埔)"},"geometry":{"type":"LineString","coordinates":[[120.47238,23.43231],[120.47452,23.43407]]}},{"type":"Feature","properties":{"id":"0000300130030Q","name":"國道3號(白河到水上系統)"},"geometry":{"type":"LineString","coordinates":[[120.46748,23.42781],[120.46915,23.42959],[120.47238,23.43231]]}},{"type":"Feature","properties":{"id":"0000300130100Q","name":"國道3號(白河到水上系統)"},"geometry":{"type":"LineString","coordinates":[[120.46674,23.42685],[120.46748,23.42781]]}},{"type":"Feature","properties":{"id":"0000300130120Q","name":"國道3號(白河到水上系統)"},"geometry":{"type":"LineString","coordinates":[[120.46274,23.41995],[120.46562,23.42516],[120.46674,23.42685]]}},{"type":"Feature","properties":{"id":"0000300130200Q","name":"國道3號(白河到水上系統)"},"geometry":{"type":"LineString","coordinates":[[120.45603,23.41358],[120.45812,23.41492],[120.46006,23.41657],[120.46164,23.41836],[120.46274,23.41995]]}},{"type":"Feature","properties":{"id":"0000300130300Q","name":"國道3號(白河到水上系統)"},"geometry":{"type":"LineString","coordinates":[[120.44679,23.41089],[120.45204,23.41194],[120.45353,23.41242],[120.45603,23.41358]]}},{"type":"Feature","properties":{"id":"0000300130400Q","name":"國道3號(白河到水上系統)"},"geometry":{"type":"LineString","coordinates":[[120.44551,23.41066],[120.44679,23.41089]]}},{"type":"Feature","properties":{"id":"0000300130420D","name":"國道3號(白河到水上系統)"},"geometry":{"type":"LineString","coordinates":[[120.43782,23.40743],[120.43965,23.40861],[120.44174,23.4096],[120.44551,23.41066]]}},{"type":"Feature","properties":{"id":"0000300130500D","name":"國道3號(白河到水上系統)"},"geometry":{"type":"LineString","coordinates":[[120.43218,23.40014],[120.43332,23.40242],[120.43471,23.40444],[120.4359,23.40578],[120.43782,23.40743]]}},{"type":"Feature","properties":{"id":"0000300130600D","name":"國道3號(白河到水上系統)"},"geometry":{"type":"LineString","coordinates":[[120.42995,23.39141],[120.43084,23.39626],[120.43218,23.40014]]}},{"type":"Feature","properties":{"id":"0000300130700D","name":"國道3號(白河到水上系統)"},"geometry":{"type":"LineString","coordinates":[[120.4303,23.38243],[120.42979,23.3871],[120.42995,23.39141]]}},{"type":"Feature","properties":{"id":"0000300130800D","name":"國道3號(白河到水上系統)"},"geometry":{"type":"LineString","coordinates":[[120.43265,23.3737],[120.43114,23.37879],[120.4303,23.38243]]}},{"type":"Feature","properties":{"id":"0000300130900D","name":"國道3號(白河到水上系統)"},"geometry":{"type":"LineString","coordinates":[[120.43532,23.36505],[120.43265,23.3737]]}},{"type":"Feature","properties":{"id":"0000300131000D","name":"國道3號(白河到水上系統)"},"geometry":{"type":"LineString","coordinates":[[120.43799,23.35638],[120.43532,23.36505]]}},{"type":"Feature","properties":{"id":"0000300131100D","name":"國道3號(白河到水上系統)"},"geometry":{"type":"LineString","coordinates":[[120.43908,23.35216],[120.43799,23.35638]]}},{"type":"Feature","properties":{"id":"0000300131150D","name":"國道3號(東山服務區到白河)"},"geometry":{"type":"LineString","coordinates":[[120.43953,23.34754],[120.43943,23.35001],[120.43908,23.35216]]}},{"type":"Feature","properties":{"id":"0000300131200D","name":"國道3號(東山服務區到白河)"},"geometry":{"type":"LineString","coordinates":[[120.43848,23.34226],[120.43919,23.34464],[120.43953,23.34754]]}},{"type":"Feature","properties":{"id":"0000300131260D","name":"國道3號(東山服務區到白河)"},"geometry":{"type":"LineString","coordinates":[[120.43696,23.33895],[120.43848,23.34226]]}},{"type":"Feature","properties":{"id":"0000300131300D","name":"國道3號(東山服務區到白河)"},"geometry":{"type":"LineString","coordinates":[[120.43289,23.33078],[120.43458,23.33458],[120.43696,23.33895]]}},{"type":"Feature","properties":{"id":"0000300131400D","name":"國道3號(東山服務區到白河)"},"geometry":{"type":"LineString","coordinates":[[120.42987,23.32225],[120.43075,23.3255],[120.43289,23.33078]]}},{"type":"Feature","properties":{"id":"0000300131500D","name":"國道3號(東山服務區到白河)"},"geometry":{"type":"LineString","coordinates":[[120.42743,23.31354],[120.4284,23.31625],[120.42987,23.32225]]}},{"type":"Feature","properties":{"id":"0000300131600D","name":"國道3號(東山服務區到白河)"},"geometry":{"type":"LineString","coordinates":[[120.42184,23.30627],[120.42379,23.30806],[120.42506,23.30955],[120.42618,23.31115],[120.42743,23.31354]]}},{"type":"Feature","properties":{"id":"0000300131700D","name":"國道3號(東山服務區到白河)"},"geometry":{"type":"LineString","coordinates":[[120.41342,23.30176],[120.41834,23.30399],[120.42184,23.30627]]}},{"type":"Feature","properties":{"id":"0000300131800D","name":"國道3號(東山服務區到白河)"},"geometry":{"type":"LineString","coordinates":[[120.40496,23.29726],[120.40863,23.29957],[120.41342,23.30176]]}},{"type":"Feature","properties":{"id":"0000300131900D","name":"國道3號(柳營到東山服務區)"},"geometry":{"type":"LineString","coordinates":[[120.39892,23.29065],[120.40169,23.29429],[120.40496,23.29726]]}},{"type":"Feature","properties":{"id":"0000300132000D","name":"國道3號(柳營到東山服務區)"},"geometry":{"type":"LineString","coordinates":[[120.39704,23.28761],[120.39892,23.29065]]}},{"type":"Feature","properties":{"id":"0000300132040D","name":"國道3號(柳營到東山服務區)"},"geometry":{"type":"LineString","coordinates":[[120.3944,23.28357],[120.39704,23.28761]]}},{"type":"Feature","properties":{"id":"0000300132090D","name":"國道3號(柳營到東山服務區)"},"geometry":{"type":"LineString","coordinates":[[120.39368,23.28267],[120.3944,23.28357]]}},{"type":"Feature","properties":{"id":"0000300132100D","name":"國道3號(柳營到東山服務區)"},"geometry":{"type":"LineString","coordinates":[[120.39263,23.28147],[120.39368,23.28267]]}},{"type":"Feature","properties":{"id":"0000300132120D","name":"國道3號(柳營到東山服務區)"},"geometry":{"type":"LineString","coordinates":[[120.38643,23.27672],[120.38992,23.27901],[120.39263,23.28147]]}},{"type":"Feature","properties":{"id":"0000300132200D","name":"國道3號(柳營到東山服務區)"},"geometry":{"type":"LineString","coordinates":[[120.38354,23.27501],[120.38643,23.27672]]}},{"type":"Feature","properties":{"id":"0000300132240D","name":"國道3號(烏山頭到柳營)"},"geometry":{"type":"LineString","coordinates":[[120.3789,23.27105],[120.38059,23.27287],[120.38354,23.27501]]}},{"type":"Feature","properties":{"id":"0000300132300D","name":"國道3號(烏山頭到柳營)"},"geometry":{"type":"LineString","coordinates":[[120.37614,23.26256],[120.37631,23.26511],[120.37672,23.26688],[120.37758,23.26898],[120.3789,23.27105]]}},{"type":"Feature","properties":{"id":"0000300132400D","name":"國道3號(烏山頭到柳營)"},"geometry":{"type":"LineString","coordinates":[[120.3762,23.2601],[120.37614,23.26256]]}},{"type":"Feature","properties":{"id":"0000300132430D","name":"國道3號(烏山頭到柳營)"},"geometry":{"type":"LineString","coordinates":[[120.37525,23.25369],[120.37612,23.257],[120.3762,23.2601]]}},{"type":"Feature","properties":{"id":"0000300132500D","name":"國道3號(烏山頭到柳營)"},"geometry":{"type":"LineString","coordinates":[[120.36933,23.2467],[120.37296,23.24998],[120.37423,23.25169],[120.37525,23.25369]]}},{"type":"Feature","properties":{"id":"0000300132600D","name":"國道3號(烏山頭到柳營)"},"geometry":{"type":"LineString","coordinates":[[120.36371,23.2394],[120.36472,23.24143],[120.36602,23.24336],[120.36752,23.24505],[120.36933,23.2467]]}},{"type":"Feature","properties":{"id":"0000300132700D","name":"國道3號(烏山頭到柳營)"},"geometry":{"type":"LineString","coordinates":[[120.36208,23.23055],[120.36265,23.23576],[120.36371,23.2394]]}},{"type":"Feature","properties":{"id":"0000300132800D","name":"國道3號(烏山頭到柳營)"},"geometry":{"type":"LineString","coordinates":[[120.35946,23.22195],[120.36058,23.22429],[120.36142,23.22676],[120.36208,23.23055]]}},{"type":"Feature","properties":{"id":"0000300132900D","name":"國道3號(烏山頭到柳營)"},"geometry":{"type":"LineString","coordinates":[[120.35738,23.21747],[120.35946,23.22195]]}},{"type":"Feature","properties":{"id":"0000300132960D","name":"國道3號(烏山頭到柳營)"},"geometry":{"type":"LineString","coordinates":[[120.35623,23.2135],[120.35738,23.21747]]}},{"type":"Feature","properties":{"id":"0000300133000D","name":"國道3號(官田系統到烏山頭)"},"geometry":{"type":"LineString","coordinates":[[120.35562,23.20753],[120.35582,23.21074],[120.35623,23.2135]]}},{"type":"Feature","properties":{"id":"0000300133070D","name":"國道3號(官田系統到烏山頭)"},"geometry":{"type":"LineString","coordinates":[[120.35557,23.20451],[120.35562,23.20753]]}},{"type":"Feature","properties":{"id":"0000300133100D","name":"國道3號(官田系統到烏山頭)"},"geometry":{"type":"LineString","coordinates":[[120.35536,23.19553],[120.35557,23.20451]]}},{"type":"Feature","properties":{"id":"0000300133200D","name":"國道3號(官田系統到烏山頭)"},"geometry":{"type":"LineString","coordinates":[[120.35517,23.18654],[120.35536,23.19553]]}},{"type":"Feature","properties":{"id":"0000300133300D","name":"國道3號(官田系統到烏山頭)"},"geometry":{"type":"LineString","coordinates":[[120.35485,23.17755],[120.35517,23.18654]]}},{"type":"Feature","properties":{"id":"0000300133400D","name":"國道3號(官田系統到烏山頭)"},"geometry":{"type":"LineString","coordinates":[[120.354,23.17226],[120.35485,23.17755]]}},{"type":"Feature","properties":{"id":"0000300133460D","name":"國道3號(善化到官田系統)"},"geometry":{"type":"LineString","coordinates":[[120.35301,23.16874],[120.354,23.17226]]}},{"type":"Feature","properties":{"id":"0000300133500D","name":"國道3號(善化到官田系統)"},"geometry":{"type":"LineString","coordinates":[[120.34984,23.16159],[120.35173,23.16539],[120.35301,23.16874]]}},{"type":"Feature","properties":{"id":"0000300133590D","name":"國道3號(善化到官田系統)"},"geometry":{"type":"LineString","coordinates":[[120.34918,23.16047],[120.34984,23.16159]]}},{"type":"Feature","properties":{"id":"0000300133600D","name":"國道3號(善化到官田系統)"},"geometry":{"type":"LineString","coordinates":[[120.34507,23.15475],[120.34771,23.15817],[120.34918,23.16047]]}},{"type":"Feature","properties":{"id":"0000300133680D","name":"國道3號(善化到官田系統)"},"geometry":{"type":"LineString","coordinates":[[120.34362,23.15309],[120.34507,23.15475]]}},{"type":"Feature","properties":{"id":"0000300133700D","name":"國道3號(善化到官田系統)"},"geometry":{"type":"LineString","coordinates":[[120.33999,23.14895],[120.34362,23.15309]]}},{"type":"Feature","properties":{"id":"0000300133760D","name":"國道3號(善化到官田系統)"},"geometry":{"type":"LineString","coordinates":[[120.3377,23.14594],[120.33999,23.14895]]}},{"type":"Feature","properties":{"id":"0000300133800D","name":"國道3號(善化到官田系統)"},"geometry":{"type":"LineString","coordinates":[[120.33435,23.13756],[120.33489,23.14006],[120.33576,23.14243],[120.3377,23.14594]]}},{"type":"Feature","properties":{"id":"0000300133900D","name":"國道3號(善化到官田系統)"},"geometry":{"type":"LineString","coordinates":[[120.33331,23.12911],[120.33435,23.13756]]}},{"type":"Feature","properties":{"id":"0000300134000D","name":"國道3號(新化系統到善化)"},"geometry":{"type":"LineString","coordinates":[[120.32984,23.11957],[120.33216,23.12491],[120.33331,23.12911]]}},{"type":"Feature","properties":{"id":"0000300134110D","name":"國道3號(新化系統到善化)"},"geometry":{"type":"LineString","coordinates":[[120.32767,23.1115],[120.32825,23.11531],[120.32984,23.11957]]}},{"type":"Feature","properties":{"id":"0000300134200D","name":"國道3號(新化系統到善化)"},"geometry":{"type":"LineString","coordinates":[[120.32807,23.10252],[120.32767,23.1115]]}},{"type":"Feature","properties":{"id":"0000300134300D","name":"國道3號(新化系統到善化)"},"geometry":{"type":"LineString","coordinates":[[120.32859,23.09353],[120.32807,23.10252]]}},{"type":"Feature","properties":{"id":"0000300134400D","name":"國道3號(新化系統到善化)"},"geometry":{"type":"LineString","coordinates":[[120.32915,23.08452],[120.32859,23.09353]]}},{"type":"Feature","properties":{"id":"0000300134500D","name":"國道3號(新化系統到善化)"},"geometry":{"type":"LineString","coordinates":[[120.32862,23.07499],[120.32923,23.07907],[120.32915,23.08452]]}},{"type":"Feature","properties":{"id":"0000300134610D","name":"國道3號(新化系統到善化)"},"geometry":{"type":"LineString","coordinates":[[120.32825,23.07377],[120.32862,23.07499]]}},{"type":"Feature","properties":{"id":"0000300134630D","name":"國道3號(新化系統到善化)"},"geometry":{"type":"LineString","coordinates":[[120.32639,23.0694],[120.32825,23.07377]]}},{"type":"Feature","properties":{"id":"0000300134680D","name":"國道3號(新化休息站到新化系統)"},"geometry":{"type":"LineString","coordinates":[[120.3253,23.06724],[120.32639,23.0694]]}},{"type":"Feature","properties":{"id":"0000300134700D","name":"國道3號(新化休息站到新化系統)"},"geometry":{"type":"LineString","coordinates":[[120.32206,23.05879],[120.32345,23.06319],[120.3253,23.06724]]}},{"type":"Feature","properties":{"id":"0000300134800D","name":"國道3號(新化休息站到新化系統)"},"geometry":{"type":"LineString","coordinates":[[120.32164,23.05679],[120.32206,23.05879]]}},{"type":"Feature","properties":{"id":"0000300134830D","name":"國道3號(新化休息站到新化系統)"},"geometry":{"type":"LineString","coordinates":[[120.32149,23.04986],[120.32126,23.05332],[120.32164,23.05679]]}},{"type":"Feature","properties":{"id":"0000300134900D","name":"國道3號(新化休息站到新化系統)"},"geometry":{"type":"LineString","coordinates":[[120.32467,23.04141],[120.3225,23.04608],[120.32149,23.04986]]}},{"type":"Feature","properties":{"id":"0000300135000D","name":"國道3號(關廟到新化休息站)"},"geometry":{"type":"LineString","coordinates":[[120.32728,23.03393],[120.32641,23.03744],[120.32467,23.04141]]}},{"type":"Feature","properties":{"id":"0000300135090D","name":"國道3號(關廟到新化休息站)"},"geometry":{"type":"LineString","coordinates":[[120.32742,23.03282],[120.32728,23.03393]]}},{"type":"Feature","properties":{"id":"0000300135100D","name":"國道3號(關廟到新化休息站)"},"geometry":{"type":"LineString","coordinates":[[120.32745,23.02814],[120.32756,23.03067],[120.32742,23.03282]]}},{"type":"Feature","properties":{"id":"0000300135160D","name":"國道3號(關廟到新化休息站)"},"geometry":{"type":"LineString","coordinates":[[120.32658,23.02391],[120.32715,23.02603],[120.32745,23.02814]]}},{"type":"Feature","properties":{"id":"0000300135200D","name":"國道3號(關廟到新化休息站)"},"geometry":{"type":"LineString","coordinates":[[120.32249,23.01577],[120.32529,23.02062],[120.32658,23.02391]]}},{"type":"Feature","properties":{"id":"0000300135300D","name":"國道3號(關廟到新化休息站)"},"geometry":{"type":"LineString","coordinates":[[120.31992,23.00717],[120.32015,23.00965],[120.32058,23.01148],[120.32122,23.01328],[120.32249,23.01577]]}},{"type":"Feature","properties":{"id":"0000300135400D","name":"國道3號(關廟到新化休息站)"},"geometry":{"type":"LineString","coordinates":[[120.32035,22.99819],[120.32035,23.00094],[120.31992,23.00717]]}},{"type":"Feature","properties":{"id":"0000300135500D","name":"國道3號(關廟到新化休息站)"},"geometry":{"type":"LineString","coordinates":[[120.31992,22.98921],[120.31989,22.99277],[120.32035,22.99819]]}},{"type":"Feature","properties":{"id":"0000300135600D","name":"國道3號(關廟服務區到關廟)"},"geometry":{"type":"LineString","coordinates":[[120.32223,22.98053],[120.32071,22.98463],[120.31992,22.98921]]}},{"type":"Feature","properties":{"id":"0000300135700D","name":"國道3號(關廟服務區到關廟)"},"geometry":{"type":"LineString","coordinates":[[120.32554,22.97605],[120.3239,22.97782],[120.32223,22.98053]]}},{"type":"Feature","properties":{"id":"0000300135770D","name":"國道3號(關廟服務區到關廟)"},"geometry":{"type":"LineString","coordinates":[[120.32869,22.97378],[120.32685,22.97494],[120.32554,22.97605]]}},{"type":"Feature","properties":{"id":"0000300135810D","name":"國道3號(關廟服務區到關廟)"},"geometry":{"type":"LineString","coordinates":[[120.33771,22.97105],[120.3318,22.97248],[120.32869,22.97378]]}},{"type":"Feature","properties":{"id":"0000300135900D","name":"國道3號(關廟服務區到關廟)"},"geometry":{"type":"LineString","coordinates":[[120.34484,22.96504],[120.34357,22.96692],[120.34184,22.96868],[120.33983,22.97006],[120.33771,22.97105]]}},{"type":"Feature","properties":{"id":"0000300136000D","name":"國道3號(關廟服務區到關廟)"},"geometry":{"type":"LineString","coordinates":[[120.35002,22.95756],[120.34822,22.95929],[120.34702,22.9608],[120.34484,22.96504]]}},{"type":"Feature","properties":{"id":"0000300136100D","name":"國道3號(關廟服務區到關廟)"},"geometry":{"type":"LineString","coordinates":[[120.35463,22.94974],[120.35406,22.95185],[120.35301,22.95405],[120.35147,22.95615],[120.35002,22.95756]]}},{"type":"Feature","properties":{"id":"0000300136200D","name":"國道3號(關廟服務區到關廟)"},"geometry":{"type":"LineString","coordinates":[[120.35335,22.94091],[120.35467,22.94532],[120.35484,22.94833],[120.35463,22.94974]]}},{"type":"Feature","properties":{"id":"0000300136300D","name":"國道3號(田寮到關廟服務區)"},"geometry":{"type":"LineString","coordinates":[[120.35176,22.93337],[120.3522,22.9371],[120.35335,22.94091]]}},{"type":"Feature","properties":{"id":"0000300136390D","name":"國道3號(田寮到關廟服務區)"},"geometry":{"type":"LineString","coordinates":[[120.35171,22.93211],[120.35176,22.93337]]}},{"type":"Feature","properties":{"id":"0000300136400D","name":"國道3號(田寮到關廟服務區)"},"geometry":{"type":"LineString","coordinates":[[120.35115,22.92625],[120.35154,22.92848],[120.35171,22.93211]]}},{"type":"Feature","properties":{"id":"0000300136470D","name":"國道3號(田寮到關廟服務區)"},"geometry":{"type":"LineString","coordinates":[[120.35036,22.92323],[120.35115,22.92625]]}},{"type":"Feature","properties":{"id":"0000300136500D","name":"國道3號(田寮到關廟服務區)"},"geometry":{"type":"LineString","coordinates":[[120.34954,22.91432],[120.34938,22.91675],[120.34947,22.91869],[120.35036,22.92323]]}},{"type":"Feature","properties":{"id":"0000300136600D","name":"國道3號(田寮到關廟服務區)"},"geometry":{"type":"LineString","coordinates":[[120.35245,22.90584],[120.3507,22.90951],[120.34985,22.91241],[120.34954,22.91432]]}},{"type":"Feature","properties":{"id":"0000300136700D","name":"國道3號(田寮到關廟服務區)"},"geometry":{"type":"LineString","coordinates":[[120.35743,22.89811],[120.35245,22.90584]]}},{"type":"Feature","properties":{"id":"0000300136800D","name":"國道3號(田寮到關廟服務區)"},"geometry":{"type":"LineString","coordinates":[[120.35852,22.89613],[120.35743,22.89811]]}},{"type":"Feature","properties":{"id":"0000300136830E","name":"國道3號(田寮到關廟服務區)"},"geometry":{"type":"LineString","coordinates":[[120.36066,22.88964],[120.35985,22.89297],[120.35852,22.89613]]}},{"type":"Feature","properties":{"id":"0000300136900E","name":"國道3號(燕巢系統到田寮)"},"geometry":{"type":"LineString","coordinates":[[120.36084,22.88438],[120.36088,22.88761],[120.36066,22.88964]]}},{"type":"Feature","properties":{"id":"0000300136960E","name":"國道3號(燕巢系統到田寮)"},"geometry":{"type":"LineString","coordinates":[[120.3606,22.88065],[120.36084,22.88438]]}},{"type":"Feature","properties":{"id":"0000300137000E","name":"國道3號(燕巢系統到田寮)"},"geometry":{"type":"LineString","coordinates":[[120.36079,22.87739],[120.3606,22.88065]]}},{"type":"Feature","properties":{"id":"0000300137040E","name":"國道3號(燕巢系統到田寮)"},"geometry":{"type":"LineString","coordinates":[[120.3622,22.87185],[120.36128,22.8746],[120.36079,22.87739]]}},{"type":"Feature","properties":{"id":"0000300137100E","name":"國道3號(燕巢系統到田寮)"},"geometry":{"type":"LineString","coordinates":[[120.36733,22.86431],[120.36437,22.86782],[120.3622,22.87185]]}},{"type":"Feature","properties":{"id":"0000300137200E","name":"國道3號(燕巢系統到田寮)"},"geometry":{"type":"LineString","coordinates":[[120.37438,22.85811],[120.36733,22.86431]]}},{"type":"Feature","properties":{"id":"0000300137300E","name":"國道3號(燕巢系統到田寮)"},"geometry":{"type":"LineString","coordinates":[[120.38123,22.8517],[120.37938,22.85373],[120.37438,22.85811]]}},{"type":"Feature","properties":{"id":"0000300137400E","name":"國道3號(燕巢系統到田寮)"},"geometry":{"type":"LineString","coordinates":[[120.38632,22.84404],[120.38472,22.84632],[120.38291,22.84939],[120.38123,22.8517]]}},{"type":"Feature","properties":{"id":"0000300137500E","name":"國道3號(燕巢系統到田寮)"},"geometry":{"type":"LineString","coordinates":[[120.39389,22.83853],[120.38999,22.84064],[120.38829,22.84198],[120.38632,22.84404]]}},{"type":"Feature","properties":{"id":"0000300137600E","name":"國道3號(燕巢系統到田寮)"},"geometry":{"type":"LineString","coordinates":[[120.40278,22.83483],[120.39389,22.83853]]}},{"type":"Feature","properties":{"id":"0000300137700E","name":"國道3號(燕巢系統到田寮)"},"geometry":{"type":"LineString","coordinates":[[120.41104,22.83005],[120.40713,22.83263],[120.40278,22.83483]]}},{"type":"Feature","properties":{"id":"0000300137800E","name":"國道3號(燕巢系統到田寮)"},"geometry":{"type":"LineString","coordinates":[[120.41791,22.82367],[120.41537,22.82639],[120.41104,22.83005]]}},{"type":"Feature","properties":{"id":"0000300137900E","name":"國道3號(燕巢系統到田寮)"},"geometry":{"type":"LineString","coordinates":[[120.4199,22.8212],[120.41791,22.82367]]}},{"type":"Feature","properties":{"id":"0000300137940E","name":"國道3號(燕巢系統到田寮)"},"geometry":{"type":"LineString","coordinates":[[120.42263,22.81583],[120.42139,22.81859],[120.4199,22.8212]]}},{"type":"Feature","properties":{"id":"0000300138000E","name":"國道3號(燕巢系統到田寮)"},"geometry":{"type":"LineString","coordinates":[[120.42586,22.80733],[120.4245,22.81182],[120.42263,22.81583]]}},{"type":"Feature","properties":{"id":"0000300138100E","name":"國道3號(燕巢系統到田寮)"},"geometry":{"type":"LineString","coordinates":[[120.42615,22.8058],[120.42586,22.80733]]}},{"type":"Feature","properties":{"id":"0000300138120E","name":"國道3號(燕巢系統到田寮)"},"geometry":{"type":"LineString","coordinates":[[120.42641,22.79836],[120.42644,22.80192],[120.42615,22.8058]]}},{"type":"Feature","properties":{"id":"0000300138200E","name":"國道3號(燕巢系統到田寮)"},"geometry":{"type":"LineString","coordinates":[[120.42594,22.79092],[120.42641,22.79836]]}},{"type":"Feature","properties":{"id":"0000300138290E","name":"國道3號(九如到燕巢系統)"},"geometry":{"type":"LineString","coordinates":[[120.42589,22.78938],[120.42594,22.79092]]}},{"type":"Feature","properties":{"id":"0000300138300E","name":"國道3號(九如到燕巢系統)"},"geometry":{"type":"LineString","coordinates":[[120.42607,22.78577],[120.42589,22.78938]]}},{"type":"Feature","properties":{"id":"0000300138350E","name":"國道3號(九如到燕巢系統)"},"geometry":{"type":"LineString","coordinates":[[120.42713,22.78159],[120.42624,22.78452],[120.42607,22.78577]]}},{"type":"Feature","properties":{"id":"0000300138390E","name":"國道3號(九如到燕巢系統)"},"geometry":{"type":"LineString","coordinates":[[120.42752,22.78063],[120.42713,22.78159]]}},{"type":"Feature","properties":{"id":"0000300138400E","name":"國道3號(九如到燕巢系統)"},"geometry":{"type":"LineString","coordinates":[[120.43324,22.77353],[120.4313,22.77523],[120.42971,22.777],[120.42832,22.77905],[120.42752,22.78063]]}},{"type":"Feature","properties":{"id":"0000300138500E","name":"國道3號(九如到燕巢系統)"},"geometry":{"type":"LineString","coordinates":[[120.44177,22.76926],[120.43624,22.77169],[120.43324,22.77353]]}},{"type":"Feature","properties":{"id":"0000300138600E","name":"國道3號(九如到燕巢系統)"},"geometry":{"type":"LineString","coordinates":[[120.45062,22.76549],[120.44177,22.76926]]}},{"type":"Feature","properties":{"id":"0000300138700E","name":"國道3號(九如到燕巢系統)"},"geometry":{"type":"LineString","coordinates":[[120.4544,22.76387],[120.45062,22.76549]]}},{"type":"Feature","properties":{"id":"0000300138750T","name":"國道3號(九如到燕巢系統)"},"geometry":{"type":"LineString","coordinates":[[120.45949,22.76174],[120.4544,22.76387]]}},{"type":"Feature","properties":{"id":"0000300138800T","name":"國道3號(九如到燕巢系統)"},"geometry":{"type":"LineString","coordinates":[[120.46858,22.75859],[120.46446,22.75977],[120.45949,22.76174]]}},{"type":"Feature","properties":{"id":"0000300138900T","name":"國道3號(九如到燕巢系統)"},"geometry":{"type":"LineString","coordinates":[[120.4782,22.75719],[120.4716,22.75797],[120.46858,22.75859]]}},{"type":"Feature","properties":{"id":"0000300139000T","name":"國道3號(九如到燕巢系統)"},"geometry":{"type":"LineString","coordinates":[[120.48775,22.75534],[120.48413,22.75634],[120.4782,22.75719]]}},{"type":"Feature","properties":{"id":"0000300139100T","name":"國道3號(屏東到九如)"},"geometry":{"type":"LineString","coordinates":[[120.49224,22.75328],[120.48974,22.75456],[120.48775,22.75534]]}},{"type":"Feature","properties":{"id":"0000300139160T","name":"國道3號(屏東到九如)"},"geometry":{"type":"LineString","coordinates":[[120.49589,22.75069],[120.49224,22.75328]]}},{"type":"Feature","properties":{"id":"0000300139200T","name":"國道3號(屏東到九如)"},"geometry":{"type":"LineString","coordinates":[[120.50194,22.74348],[120.49899,22.74756],[120.49589,22.75069]]}},{"type":"Feature","properties":{"id":"0000300139300T","name":"國道3號(屏東到九如)"},"geometry":{"type":"LineString","coordinates":[[120.50781,22.73638],[120.50484,22.73947],[120.50194,22.74348]]}},{"type":"Feature","properties":{"id":"0000300139400T","name":"國道3號(屏東到九如)"},"geometry":{"type":"LineString","coordinates":[[120.51546,22.73085],[120.51084,22.73399],[120.50781,22.73638]]}},{"type":"Feature","properties":{"id":"0000300139500T","name":"國道3號(屏東到九如)"},"geometry":{"type":"LineString","coordinates":[[120.52219,22.7243],[120.51887,22.72807],[120.51546,22.73085]]}},{"type":"Feature","properties":{"id":"0000300139600T","name":"國道3號(長治到屏東)"},"geometry":{"type":"LineString","coordinates":[[120.52513,22.7203],[120.52219,22.7243]]}},{"type":"Feature","properties":{"id":"0000300139660T","name":"國道3號(長治到屏東)"},"geometry":{"type":"LineString","coordinates":[[120.52772,22.71691],[120.52513,22.7203]]}},{"type":"Feature","properties":{"id":"0000300139700T","name":"國道3號(長治到屏東)"},"geometry":{"type":"LineString","coordinates":[[120.53405,22.71012],[120.53037,22.71378],[120.52772,22.71691]]}},{"type":"Feature","properties":{"id":"0000300139800T","name":"國道3號(長治到屏東)"},"geometry":{"type":"LineString","coordinates":[[120.54152,22.7044],[120.53788,22.70693],[120.53405,22.71012]]}},{"type":"Feature","properties":{"id":"0000300139900T","name":"國道3號(長治到屏東)"},"geometry":{"type":"LineString","coordinates":[[120.54892,22.70024],[120.54443,22.70261],[120.54152,22.7044]]}},{"type":"Feature","properties":{"id":"0000300139990T","name":"國道3號(長治到屏東)"},"geometry":{"type":"LineString","coordinates":[[120.54984,22.69975],[120.54892,22.70024]]}},{"type":"Feature","properties":{"id":"0000300140000T","name":"國道3號(長治到屏東)"},"geometry":{"type":"LineString","coordinates":[[120.55765,22.69436],[120.55609,22.69583],[120.55419,22.69725],[120.54984,22.69975]]}},{"type":"Feature","properties":{"id":"0000300140100T","name":"國道3號(麟洛到長治)"},"geometry":{"type":"LineString","coordinates":[[120.5611,22.6896],[120.55988,22.69164],[120.55765,22.69436]]}},{"type":"Feature","properties":{"id":"0000300140170T","name":"國道3號(麟洛到長治)"},"geometry":{"type":"LineString","coordinates":[[120.56236,22.68655],[120.5611,22.6896]]}},{"type":"Feature","properties":{"id":"0000300140200T","name":"國道3號(麟洛到長治)"},"geometry":{"type":"LineString","coordinates":[[120.56303,22.67764],[120.56324,22.68179],[120.56292,22.68433],[120.56236,22.68655]]}},{"type":"Feature","properties":{"id":"0000300140300T","name":"國道3號(麟洛到長治)"},"geometry":{"type":"LineString","coordinates":[[120.56023,22.66907],[120.56198,22.67336],[120.56303,22.67764]]}},{"type":"Feature","properties":{"id":"0000300140400T","name":"國道3號(麟洛到長治)"},"geometry":{"type":"LineString","coordinates":[[120.55525,22.66136],[120.55806,22.66518],[120.56023,22.66907]]}},{"type":"Feature","properties":{"id":"0000300140500T","name":"國道3號(麟洛到長治)"},"geometry":{"type":"LineString","coordinates":[[120.54899,22.65447],[120.55525,22.66136]]}},{"type":"Feature","properties":{"id":"0000300140600T","name":"國道3號(麟洛到長治)"},"geometry":{"type":"LineString","coordinates":[[120.54465,22.64928],[120.54899,22.65447]]}},{"type":"Feature","properties":{"id":"0000300140680T","name":"國道3號(麟洛到長治)"},"geometry":{"type":"LineString","coordinates":[[120.54315,22.64727],[120.54465,22.64928]]}},{"type":"Feature","properties":{"id":"0000300140700T","name":"國道3號(竹田系統到麟洛)"},"geometry":{"type":"LineString","coordinates":[[120.53829,22.63949],[120.54107,22.64422],[120.54315,22.64727]]}},{"type":"Feature","properties":{"id":"0000300140800T","name":"國道3號(竹田系統到麟洛)"},"geometry":{"type":"LineString","coordinates":[[120.53465,22.63116],[120.53593,22.63451],[120.53829,22.63949]]}},{"type":"Feature","properties":{"id":"0000300140900T","name":"國道3號(竹田系統到麟洛)"},"geometry":{"type":"LineString","coordinates":[[120.53432,22.63018],[120.53465,22.63116]]}},{"type":"Feature","properties":{"id":"0000300140920T","name":"國道3號(竹田系統到麟洛)"},"geometry":{"type":"LineString","coordinates":[[120.53271,22.62238],[120.53342,22.62679],[120.53432,22.63018]]}},{"type":"Feature","properties":{"id":"0000300141000T","name":"國道3號(竹田系統到麟洛)"},"geometry":{"type":"LineString","coordinates":[[120.53144,22.61345],[120.5321,22.61695],[120.53271,22.62238]]}},{"type":"Feature","properties":{"id":"0000300141100T","name":"國道3號(竹田系統到麟洛)"},"geometry":{"type":"LineString","coordinates":[[120.52897,22.60474],[120.53144,22.61345]]}},{"type":"Feature","properties":{"id":"0000300141200T","name":"國道3號(竹田系統到麟洛)"},"geometry":{"type":"LineString","coordinates":[[120.52601,22.59619],[120.5282,22.60295],[120.52897,22.60474]]}},{"type":"Feature","properties":{"id":"0000300141300T","name":"國道3號(竹田系統到麟洛)"},"geometry":{"type":"LineString","coordinates":[[120.52468,22.58732],[120.52483,22.59121],[120.52601,22.59619]]}},{"type":"Feature","properties":{"id":"0000300141400T","name":"國道3號(竹田系統到麟洛)"},"geometry":{"type":"LineString","coordinates":[[120.52658,22.57854],[120.52527,22.58328],[120.52468,22.58732]]}},{"type":"Feature","properties":{"id":"0000300141500T","name":"國道3號(崁頂到竹田系統)"},"geometry":{"type":"LineString","coordinates":[[120.52712,22.57667],[120.52658,22.57854]]}},{"type":"Feature","properties":{"id":"0000300141530T","name":"國道3號(崁頂到竹田系統)"},"geometry":{"type":"LineString","coordinates":[[120.52826,22.56971],[120.52799,22.57272],[120.52712,22.57667]]}},{"type":"Feature","properties":{"id":"0000300141600T","name":"國道3號(崁頂到竹田系統)"},"geometry":{"type":"LineString","coordinates":[[120.52781,22.56484],[120.52816,22.56698],[120.52826,22.56971]]}},{"type":"Feature","properties":{"id":"0000300141660T","name":"國道3號(崁頂到竹田系統)"},"geometry":{"type":"LineString","coordinates":[[120.52656,22.56094],[120.52781,22.56484]]}},{"type":"Feature","properties":{"id":"0000300141700T","name":"國道3號(崁頂到竹田系統)"},"geometry":{"type":"LineString","coordinates":[[120.52234,22.55285],[120.52656,22.56094]]}},{"type":"Feature","properties":{"id":"0000300141800T","name":"國道3號(崁頂到竹田系統)"},"geometry":{"type":"LineString","coordinates":[[120.51932,22.54432],[120.52043,22.54846],[120.52234,22.55285]]}},{"type":"Feature","properties":{"id":"0000300141900T","name":"國道3號(崁頂到竹田系統)"},"geometry":{"type":"LineString","coordinates":[[120.51898,22.53537],[120.51882,22.54029],[120.51932,22.54432]]}},{"type":"Feature","properties":{"id":"0000300142000T","name":"國道3號(崁頂到竹田系統)"},"geometry":{"type":"LineString","coordinates":[[120.52131,22.52665],[120.51976,22.53122],[120.51898,22.53537]]}},{"type":"Feature","properties":{"id":"0000300142100T","name":"國道3號(南州到崁頂)"},"geometry":{"type":"LineString","coordinates":[[120.52381,22.52002],[120.52131,22.52665]]}},{"type":"Feature","properties":{"id":"0000300142180T","name":"國道3號(南州到崁頂)"},"geometry":{"type":"LineString","coordinates":[[120.52429,22.51811],[120.52381,22.52002]]}},{"type":"Feature","properties":{"id":"0000300142200T","name":"國道3號(南州到崁頂)"},"geometry":{"type":"LineString","coordinates":[[120.5249,22.50916],[120.52479,22.51466],[120.52429,22.51811]]}},{"type":"Feature","properties":{"id":"0000300142300T","name":"國道3號(南州到崁頂)"},"geometry":{"type":"LineString","coordinates":[[120.52617,22.50028],[120.52511,22.5046],[120.5249,22.50916]]}},{"type":"Feature","properties":{"id":"0000300142400T","name":"國道3號(林邊到南州)"},"geometry":{"type":"LineString","coordinates":[[120.5282,22.49522],[120.52617,22.50028]]}},{"type":"Feature","properties":{"id":"0000300142460T","name":"國道3號(林邊到南州)"},"geometry":{"type":"LineString","coordinates":[[120.5295,22.49184],[120.5282,22.49522]]}},{"type":"Feature","properties":{"id":"0000300142500T","name":"國道3號(林邊到南州)"},"geometry":{"type":"LineString","coordinates":[[120.53111,22.48615],[120.5295,22.49184]]}},{"type":"Feature","properties":{"id":"0000300142570T","name":"國道3號(林邊到南州)"},"geometry":{"type":"LineString","coordinates":[[120.53152,22.48306],[120.53111,22.48615]]}},{"type":"Feature","properties":{"id":"0000300142600T","name":"國道3號(林邊到南州)"},"geometry":{"type":"LineString","coordinates":[[120.53085,22.47412],[120.53153,22.47863],[120.53152,22.48306]]}},{"type":"Feature","properties":{"id":"0000300142700T","name":"國道3號(林邊到南州)"},"geometry":{"type":"LineString","coordinates":[[120.52751,22.46573],[120.52958,22.47002],[120.53085,22.47412]]}},{"type":"Feature","properties":{"id":"0000300142800T","name":"國道3號(林邊到南州)"},"geometry":{"type":"LineString","coordinates":[[120.52177,22.45853],[120.52494,22.46198],[120.52751,22.46573]]}},{"type":"Feature","properties":{"id":"0000300142900T","name":"國道3號(林邊到南州)"},"geometry":{"type":"LineString","coordinates":[[120.51462,22.45245],[120.52177,22.45853]]}},{"type":"Feature","properties":{"id":"0000300143000T","name":"國道3號(大鵬灣端到林邊)"},"geometry":{"type":"LineString","coordinates":[[120.50959,22.44833],[120.51462,22.45245]]}},{"type":"Feature","properties":{"id":"0000300143070T","name":"國道3號(大鵬灣端到林邊)"},"geometry":{"type":"LineString","coordinates":[[120.5073,22.4465],[120.50959,22.44833]]}},{"type":"Feature","properties":{"id":"0000300143100T","name":"國道3號(大鵬灣端到林邊)"},"geometry":{"type":"LineString","coordinates":[[120.49824,22.44135],[120.49994,22.44157],[120.50187,22.44228],[120.50286,22.44289],[120.5073,22.4465]]}},{"type":"Feature","properties":{"id":"0000301001000C","name":""},"geometry":{"type":"LineString","coordinates":[[121.7132,25.14009],[121.71378,25.14013],[121.7139,25.1397],[121.71298,25.13896],[121.71047,25.13772]]}},{"type":"Feature","properties":{"id":"0000301001010C","name":""},"geometry":{"type":"LineString","coordinates":[[121.718,25.13882],[121.71562,25.1398],[121.71477,25.13992],[121.71422,25.13975],[121.71262,25.13868],[121.71047,25.13772]]}},{"type":"Feature","properties":{"id":"0000301002000C","name":""},"geometry":{"type":"LineString","coordinates":[[121.69796,25.12911],[121.69713,25.12755],[121.69688,25.12659],[121.69711,25.12592],[121.69814,25.12497],[121.69828,25.1239]]}},{"type":"Feature","properties":{"id":"0000301002020C","name":""},"geometry":{"type":"LineString","coordinates":[[121.69899,25.12425],[121.6992,25.12516],[121.69881,25.12619],[121.69799,25.12673],[121.6972,25.12645],[121.69689,25.12585],[121.69694,25.12426],[121.6967,25.12292],[121.69509,25.11939]]}},{"type":"Feature","properties":{"id":"0000301003010F","name":""},"geometry":{"type":"LineString","coordinates":[[121.64675,25.07662],[121.64592,25.07523],[121.64375,25.07319],[121.64261,25.07252],[121.64078,25.07199]]}},{"type":"Feature","properties":{"id":"0000301003040F","name":""},"geometry":{"type":"LineString","coordinates":[[121.645,25.07242],[121.64812,25.07259],[121.65013,25.07326],[121.65229,25.07361]]}},{"type":"Feature","properties":{"id":"0000301003080F","name":""},"geometry":{"type":"LineString","coordinates":[[121.64926,25.07415],[121.64805,25.0746],[121.64714,25.07463],[121.6461,25.0743],[121.64464,25.07343],[121.64376,25.07262],[121.64333,25.07174],[121.64331,25.07095],[121.64364,25.06992]]}},{"type":"Feature","properties":{"id":"0000301004000F","name":""},"geometry":{"type":"LineString","coordinates":[[121.64112,25.05943],[121.64014,25.05825],[121.63784,25.05632]]}},{"type":"Feature","properties":{"id":"0000301004010F","name":""},"geometry":{"type":"LineString","coordinates":[[121.63784,25.05632],[121.63724,25.05588]]}},{"type":"Feature","properties":{"id":"0000301004030F","name":""},"geometry":{"type":"LineString","coordinates":[[121.64483,25.06013],[121.64369,25.05975],[121.64187,25.05989],[121.64087,25.05954],[121.63951,25.05838],[121.63825,25.05634],[121.63749,25.05554]]}},{"type":"Feature","properties":{"id":"0000301004040F","name":""},"geometry":{"type":"LineString","coordinates":[[121.63542,25.05613],[121.63581,25.05556],[121.63558,25.05497],[121.63244,25.05325]]}},{"type":"Feature","properties":{"id":"0000301005000F","name":""},"geometry":{"type":"LineString","coordinates":[[121.62825,25.05068],[121.62748,25.05013],[121.62634,25.04889]]}},{"type":"Feature","properties":{"id":"0000301005010F","name":""},"geometry":{"type":"LineString","coordinates":[[121.62238,25.04742],[121.62474,25.04568],[121.62487,25.04495],[121.62467,25.04304]]}},{"type":"Feature","properties":{"id":"0000301006010A","name":""},"geometry":{"type":"LineString","coordinates":[[121.62352,25.03541],[121.62,25.03625],[121.61939,25.03625],[121.61883,25.03589],[121.61853,25.03475],[121.61774,25.03397]]}},{"type":"Feature","properties":{"id":"0000301008000A","name":""},"geometry":{"type":"LineString","coordinates":[[121.5954,25.00475],[121.59445,25.00291]]}},{"type":"Feature","properties":{"id":"0000301008050A","name":""},"geometry":{"type":"LineString","coordinates":[[121.59409,25.0011],[121.59424,25.00003],[121.59414,24.99905]]}},{"type":"Feature","properties":{"id":"0000301009000F","name":""},"geometry":{"type":"LineString","coordinates":[[121.55552,24.97481],[121.55334,24.97375],[121.55111,24.97357]]}},{"type":"Feature","properties":{"id":"0000301009020F","name":""},"geometry":{"type":"LineString","coordinates":[[121.54684,24.97217],[121.54714,24.9715]]}},{"type":"Feature","properties":{"id":"0000301009040F","name":""},"geometry":{"type":"LineString","coordinates":[[121.55029,24.97351],[121.55127,24.97329],[121.55183,24.97271],[121.55187,24.97201],[121.55128,24.971]]}},{"type":"Feature","properties":{"id":"0000301010000F","name":""},"geometry":{"type":"LineString","coordinates":[[121.52841,24.96512],[121.52646,24.96799]]}},{"type":"Feature","properties":{"id":"0000301010010F","name":""},"geometry":{"type":"LineString","coordinates":[[121.52646,24.96799],[121.52621,24.9686],[121.52621,24.96919],[121.52658,24.96973],[121.52717,24.97014]]}},{"type":"Feature","properties":{"id":"0000301010040F","name":""},"geometry":{"type":"LineString","coordinates":[[121.52784,24.97058],[121.52886,24.9712],[121.52905,24.97164],[121.52897,24.97201],[121.5274,24.97333],[121.52394,24.97694]]}},{"type":"Feature","properties":{"id":"0000301010080F","name":""},"geometry":{"type":"LineString","coordinates":[[121.52836,24.97241],[121.52868,24.97199],[121.52863,24.97158]]}},{"type":"Feature","properties":{"id":"0000301010110F","name":""},"geometry":{"type":"LineString","coordinates":[[121.52711,24.97021],[121.5262,24.9699],[121.52545,24.96999],[121.52422,24.97071],[121.52305,24.9717]]}},{"type":"Feature","properties":{"id":"0000301010120F","name":""},"geometry":{"type":"LineString","coordinates":[[121.52285,24.96796],[121.52411,24.96837],[121.52449,24.96878],[121.52468,24.96936],[121.52438,24.97027],[121.52305,24.9717]]}},{"type":"Feature","properties":{"id":"0000301011000F","name":""},"geometry":{"type":"LineString","coordinates":[[121.48935,24.98786],[121.48678,24.98937],[121.4861,24.99059]]}},{"type":"Feature","properties":{"id":"0000301011010F","name":""},"geometry":{"type":"LineString","coordinates":[[121.4861,24.99059],[121.48572,24.99244]]}},{"type":"Feature","properties":{"id":"0000301011020F","name":""},"geometry":{"type":"LineString","coordinates":[[121.48572,24.99244],[121.48579,24.99434]]}},{"type":"Feature","properties":{"id":"0000301011080F","name":""},"geometry":{"type":"LineString","coordinates":[[121.48456,24.99141],[121.48325,24.99085],[121.48112,24.98924]]}},{"type":"Feature","properties":{"id":"0000301011090F","name":""},"geometry":{"type":"LineString","coordinates":[[121.48512,24.99135],[121.48326,24.99054],[121.48112,24.98924]]}},{"type":"Feature","properties":{"id":"0000301012010F","name":""},"geometry":{"type":"LineString","coordinates":[[121.43461,24.9613],[121.4339,24.9612],[121.43325,24.96135],[121.43285,24.96173],[121.43271,24.96256]]}},{"type":"Feature","properties":{"id":"0000301012020F","name":""},"geometry":{"type":"LineString","coordinates":[[121.43461,24.9613],[121.43355,24.96108],[121.43275,24.96158],[121.43257,24.96229],[121.43276,24.96405],[121.43265,24.96512]]}},{"type":"Feature","properties":{"id":"0000301012040F","name":""},"geometry":{"type":"LineString","coordinates":[[121.43278,24.96483],[121.43318,24.9654]]}},{"type":"Feature","properties":{"id":"0000301012070F","name":""},"geometry":{"type":"LineString","coordinates":[[121.43226,24.96249],[121.43149,24.9609],[121.4303,24.96016]]}},{"type":"Feature","properties":{"id":"0000301012080F","name":""},"geometry":{"type":"LineString","coordinates":[[121.43255,24.96511],[121.43255,24.9637],[121.43217,24.96154],[121.43133,24.96063],[121.4303,24.96016]]}},{"type":"Feature","properties":{"id":"0000301013000F","name":""},"geometry":{"type":"LineString","coordinates":[[121.40385,24.9506],[121.39445,24.95188],[121.38879,24.95217]]}},{"type":"Feature","properties":{"id":"0000301014000F","name":""},"geometry":{"type":"LineString","coordinates":[[121.36263,24.94142],[121.36139,24.9404],[121.3603,24.93981],[121.35887,24.93962],[121.35745,24.94007]]}},{"type":"Feature","properties":{"id":"0000301014010F","name":""},"geometry":{"type":"LineString","coordinates":[[121.35945,24.9385],[121.35825,24.93804],[121.3579,24.93826],[121.3578,24.93858],[121.35798,24.93893],[121.35841,24.93907],[121.35997,24.93871]]}},{"type":"Feature","properties":{"id":"0000301014020F","name":""},"geometry":{"type":"LineString","coordinates":[[121.35719,24.94009],[121.35767,24.9395],[121.35765,24.9387]]}},{"type":"Feature","properties":{"id":"0000301017000H","name":""},"geometry":{"type":"LineString","coordinates":[[121.26531,24.89469],[121.26483,24.89414],[121.26403,24.8937]]}},{"type":"Feature","properties":{"id":"0000301017030H","name":""},"geometry":{"type":"LineString","coordinates":[[121.26366,24.89242],[121.26342,24.89308],[121.26377,24.8935],[121.2644,24.89338],[121.26458,24.89286]]}},{"type":"Feature","properties":{"id":"0000301017040H","name":""},"geometry":{"type":"LineString","coordinates":[[121.26209,24.89434],[121.26312,24.89191],[121.26327,24.89087],[121.26311,24.88981],[121.2621,24.88741]]}},{"type":"Feature","properties":{"id":"0000301017050H","name":""},"geometry":{"type":"LineString","coordinates":[[121.27008,24.90107],[121.2668,24.89746],[121.26531,24.89469]]}},{"type":"Feature","properties":{"id":"0000301017080H","name":""},"geometry":{"type":"LineString","coordinates":[[121.26388,24.89127],[121.26315,24.89092],[121.26276,24.89114],[121.26267,24.89147],[121.26283,24.89188],[121.26316,24.8921],[121.26395,24.89205]]}},{"type":"Feature","properties":{"id":"0000301018000H","name":""},"geometry":{"type":"LineString","coordinates":[[121.22824,24.86307],[121.22607,24.8626],[121.22475,24.86255]]}},{"type":"Feature","properties":{"id":"0000301018010H","name":""},"geometry":{"type":"LineString","coordinates":[[121.22475,24.86255],[121.22346,24.86298],[121.22287,24.86433]]}},{"type":"Feature","properties":{"id":"0000301018040H","name":""},"geometry":{"type":"LineString","coordinates":[[121.22304,24.86234],[121.22177,24.86186]]}},{"type":"Feature","properties":{"id":"0000301018050H","name":""},"geometry":{"type":"LineString","coordinates":[[121.22271,24.86429],[121.22276,24.8629],[121.22177,24.86186]]}},{"type":"Feature","properties":{"id":"0000301020000J","name":""},"geometry":{"type":"LineString","coordinates":[[121.17627,24.79873],[121.17454,24.79996],[121.17379,24.8016],[121.17295,24.80211],[121.17207,24.80195],[121.16884,24.80031]]}},{"type":"Feature","properties":{"id":"0000301020020J","name":""},"geometry":{"type":"LineString","coordinates":[[121.16811,24.79995],[121.16737,24.79963],[121.1664,24.79986]]}},{"type":"Feature","properties":{"id":"0000301020040J","name":""},"geometry":{"type":"LineString","coordinates":[[121.16939,24.80049],[121.17246,24.80201],[121.1733,24.80193],[121.17378,24.80134],[121.17359,24.80093],[121.17329,24.8008],[121.17196,24.80133]]}},{"type":"Feature","properties":{"id":"0000301021010J","name":""},"geometry":{"type":"LineString","coordinates":[[121.08191,24.76828],[121.0811,24.76767],[121.0804,24.76754],[121.07989,24.76764],[121.07911,24.76813]]}},{"type":"Feature","properties":{"id":"0000301021020J","name":""},"geometry":{"type":"LineString","coordinates":[[121.08191,24.76828],[121.08122,24.76698],[121.08031,24.76598],[121.07944,24.76585],[121.07908,24.76621],[121.07916,24.76662],[121.07957,24.76687],[121.08061,24.76663]]}},{"type":"Feature","properties":{"id":"0000301021040J","name":""},"geometry":{"type":"LineString","coordinates":[[121.07963,24.76744],[121.07903,24.76687]]}},{"type":"Feature","properties":{"id":"0000301022000J","name":""},"geometry":{"type":"LineString","coordinates":[[121.01214,24.75588],[121.0069,24.75756]]}},{"type":"Feature","properties":{"id":"0000301022010J","name":""},"geometry":{"type":"LineString","coordinates":[[121.0069,24.75756],[121.00642,24.75771],[121.0062,24.75823]]}},{"type":"Feature","properties":{"id":"0000301022070J","name":""},"geometry":{"type":"LineString","coordinates":[[121.00455,24.75764],[121.00061,24.75668]]}},{"type":"Feature","properties":{"id":"0000301023010J","name":""},"geometry":{"type":"LineString","coordinates":[[120.99213,24.75651],[120.99127,24.75763],[120.99127,24.75849],[120.99157,24.75924]]}},{"type":"Feature","properties":{"id":"0000301023050J","name":""},"geometry":{"type":"LineString","coordinates":[[120.98916,24.75893],[120.99022,24.75945],[120.99056,24.75938],[120.99084,24.75902],[120.99057,24.75842],[120.98973,24.75813],[120.98564,24.7584]]}},{"type":"Feature","properties":{"id":"0000301024000O","name":""},"geometry":{"type":"LineString","coordinates":[[120.96387,24.75904],[120.96117,24.75881],[120.95887,24.75828]]}},{"type":"Feature","properties":{"id":"0000301024010O","name":""},"geometry":{"type":"LineString","coordinates":[[120.95887,24.75828],[120.95827,24.75813],[120.95796,24.7583],[120.95816,24.7591]]}},{"type":"Feature","properties":{"id":"0000301024030O","name":""},"geometry":{"type":"LineString","coordinates":[[120.95789,24.759],[120.95607,24.75715]]}},{"type":"Feature","properties":{"id":"0000301024040O","name":""},"geometry":{"type":"LineString","coordinates":[[120.95703,24.75768],[120.95607,24.75715]]}},{"type":"Feature","properties":{"id":"0000301025000O","name":""},"geometry":{"type":"LineString","coordinates":[[120.91633,24.73846],[120.91325,24.73749]]}},{"type":"Feature","properties":{"id":"0000301025010O","name":""},"geometry":{"type":"LineString","coordinates":[[120.91325,24.73749],[120.91249,24.7374],[120.9119,24.73768]]}},{"type":"Feature","properties":{"id":"0000301025100K","name":""},"geometry":{"type":"LineString","coordinates":[[120.9066,24.73356],[120.90596,24.73293]]}},{"type":"Feature","properties":{"id":"0000301025110K","name":""},"geometry":{"type":"LineString","coordinates":[[120.90596,24.73293],[120.90421,24.73071],[120.90264,24.72808]]}},{"type":"Feature","properties":{"id":"0000301027000K","name":""},"geometry":{"type":"LineString","coordinates":[[120.84716,24.68027],[120.84682,24.67649]]}},{"type":"Feature","properties":{"id":"0000301027030K","name":""},"geometry":{"type":"LineString","coordinates":[[120.84648,24.67603],[120.84688,24.67534]]}},{"type":"Feature","properties":{"id":"0000301027050K","name":""},"geometry":{"type":"LineString","coordinates":[[120.84688,24.67534],[120.84723,24.67181]]}},{"type":"Feature","properties":{"id":"0000301028000K","name":""},"geometry":{"type":"LineString","coordinates":[[120.82093,24.64],[120.81924,24.63852],[120.81788,24.63689]]}},{"type":"Feature","properties":{"id":"0000301028010K","name":""},"geometry":{"type":"LineString","coordinates":[[120.81788,24.63689],[120.81751,24.63676]]}},{"type":"Feature","properties":{"id":"0000301028030K","name":""},"geometry":{"type":"LineString","coordinates":[[120.81731,24.63672],[120.8174,24.63621]]}},{"type":"Feature","properties":{"id":"0000301028050K","name":""},"geometry":{"type":"LineString","coordinates":[[120.8174,24.63621],[120.81624,24.63431],[120.81518,24.63156]]}},{"type":"Feature","properties":{"id":"0000301029000K","name":""},"geometry":{"type":"LineString","coordinates":[[120.78983,24.6025],[120.78714,24.60001],[120.78585,24.59852]]}},{"type":"Feature","properties":{"id":"0000301029010K","name":""},"geometry":{"type":"LineString","coordinates":[[120.78585,24.59852],[120.78526,24.59832]]}},{"type":"Feature","properties":{"id":"0000301029030K","name":""},"geometry":{"type":"LineString","coordinates":[[120.78488,24.59841],[120.78524,24.59795],[120.78503,24.59753]]}},{"type":"Feature","properties":{"id":"0000301029050K","name":""},"geometry":{"type":"LineString","coordinates":[[120.78503,24.59753],[120.78333,24.59518],[120.78194,24.59367]]}},{"type":"Feature","properties":{"id":"0000301030000K","name":""},"geometry":{"type":"LineString","coordinates":[[120.70897,24.50362],[120.70638,24.50047],[120.70496,24.49778]]}},{"type":"Feature","properties":{"id":"0000301030010K","name":""},"geometry":{"type":"LineString","coordinates":[[120.70496,24.49778],[120.70458,24.49731],[120.70394,24.497]]}},{"type":"Feature","properties":{"id":"0000301030030K","name":""},"geometry":{"type":"LineString","coordinates":[[120.70397,24.49689],[120.70446,24.49684],[120.70455,24.49641]]}},{"type":"Feature","properties":{"id":"0000301030050K","name":""},"geometry":{"type":"LineString","coordinates":[[120.70455,24.49641],[120.70365,24.49041]]}},{"type":"Feature","properties":{"id":"0000301031000K","name":""},"geometry":{"type":"LineString","coordinates":[[120.67061,24.40314],[120.66917,24.39797]]}},{"type":"Feature","properties":{"id":"0000301031010K","name":""},"geometry":{"type":"LineString","coordinates":[[120.66917,24.39797],[120.66879,24.39767],[120.66817,24.39791]]}},{"type":"Feature","properties":{"id":"0000301031030K","name":""},"geometry":{"type":"LineString","coordinates":[[120.66841,24.3975],[120.6686,24.39652]]}},{"type":"Feature","properties":{"id":"0000301031050K","name":""},"geometry":{"type":"LineString","coordinates":[[120.6686,24.39652],[120.66853,24.39486]]}},{"type":"Feature","properties":{"id":"0000301031060B","name":""},"geometry":{"type":"LineString","coordinates":[[120.66853,24.39486],[120.66815,24.39098]]}},{"type":"Feature","properties":{"id":"0000301032010B","name":""},"geometry":{"type":"LineString","coordinates":[[120.6463,24.33853],[120.64352,24.33777],[120.64251,24.33789]]}},{"type":"Feature","properties":{"id":"0000301032020B","name":""},"geometry":{"type":"LineString","coordinates":[[120.6463,24.33853],[120.64409,24.33781],[120.64349,24.33744],[120.64327,24.33679],[120.64377,24.33597]]}},{"type":"Feature","properties":{"id":"0000301032030B","name":""},"geometry":{"type":"LineString","coordinates":[[120.64192,24.33821],[120.64212,24.33784],[120.64207,24.33741],[120.64141,24.33697]]}},{"type":"Feature","properties":{"id":"0000301032050B","name":""},"geometry":{"type":"LineString","coordinates":[[120.64141,24.33697],[120.63782,24.33561]]}},{"type":"Feature","properties":{"id":"0000301033020B","name":""},"geometry":{"type":"LineString","coordinates":[[120.6152,24.3107],[120.61424,24.3095],[120.61408,24.3087],[120.61425,24.30787],[120.6147,24.30719],[120.61557,24.3066],[120.61733,24.30643]]}},{"type":"Feature","properties":{"id":"0000301033060B","name":""},"geometry":{"type":"LineString","coordinates":[[120.6131,24.30757],[120.61155,24.30664],[120.61052,24.30557]]}},{"type":"Feature","properties":{"id":"0000301034000B","name":""},"geometry":{"type":"LineString","coordinates":[[120.58888,24.25436],[120.58898,24.25173]]}},{"type":"Feature","properties":{"id":"0000301034010B","name":""},"geometry":{"type":"LineString","coordinates":[[120.58898,24.25173],[120.58898,24.251],[120.58874,24.25056],[120.58827,24.25026],[120.58756,24.25013]]}},{"type":"Feature","properties":{"id":"0000301034050B","name":""},"geometry":{"type":"LineString","coordinates":[[120.58733,24.24998],[120.58906,24.24971],[120.59018,24.24897]]}},{"type":"Feature","properties":{"id":"0000301034060B","name":""},"geometry":{"type":"LineString","coordinates":[[120.59018,24.24897],[120.59125,24.24698],[120.59277,24.24475]]}},{"type":"Feature","properties":{"id":"0000301035010B","name":""},"geometry":{"type":"LineString","coordinates":[[120.5746,24.19785],[120.57357,24.19739],[120.57251,24.19744],[120.57184,24.19793],[120.57117,24.19911]]}},{"type":"Feature","properties":{"id":"0000301035030B","name":""},"geometry":{"type":"LineString","coordinates":[[120.57205,24.19591],[120.57209,24.19683],[120.57252,24.19718],[120.57294,24.19716],[120.57321,24.19688],[120.57309,24.19628]]}},{"type":"Feature","properties":{"id":"0000301035070B","name":""},"geometry":{"type":"LineString","coordinates":[[120.57144,24.19793],[120.57142,24.19681],[120.57063,24.19588],[120.5704,24.19472],[120.56972,24.19379]]}},{"type":"Feature","properties":{"id":"0000301036010N","name":""},"geometry":{"type":"LineString","coordinates":[[120.51963,24.14216],[120.51989,24.14128],[120.51977,24.14076],[120.51931,24.1403],[120.51872,24.14027],[120.51832,24.14072],[120.51836,24.14131],[120.51869,24.14186],[120.51992,24.14302],[120.52015,24.14364],[120.52014,24.14445]]}},{"type":"Feature","properties":{"id":"0000301036070N","name":""},"geometry":{"type":"LineString","coordinates":[[120.519,24.14231],[120.51807,24.14133],[120.51807,24.14008],[120.51882,24.13927],[120.52166,24.13732]]}},{"type":"Feature","properties":{"id":"0000301036090N","name":""},"geometry":{"type":"LineString","coordinates":[[120.52281,24.13576],[120.52118,24.13901],[120.52033,24.13952],[120.51945,24.13929],[120.51934,24.1387],[120.51969,24.13823],[120.52166,24.13732]]}},{"type":"Feature","properties":{"id":"0000301037000N","name":""},"geometry":{"type":"LineString","coordinates":[[120.54996,24.10877],[120.55319,24.10698],[120.55361,24.10632],[120.55377,24.10529]]}},{"type":"Feature","properties":{"id":"0000301037020N","name":""},"geometry":{"type":"LineString","coordinates":[[120.55393,24.10207],[120.5535,24.10069],[120.5526,24.09961],[120.55071,24.09864],[120.54852,24.09812]]}},{"type":"Feature","properties":{"id":"0000301037030N","name":""},"geometry":{"type":"LineString","coordinates":[[120.55393,24.10207],[120.55409,24.10055],[120.5545,24.0998],[120.55539,24.09932],[120.55638,24.09938],[120.55713,24.0999],[120.55806,24.10154],[120.55976,24.10359]]}},{"type":"Feature","properties":{"id":"0000301037050N","name":""},"geometry":{"type":"LineString","coordinates":[[120.54915,24.09801],[120.55227,24.09832],[120.55365,24.09862],[120.55428,24.099],[120.55464,24.09953],[120.55477,24.10019],[120.55411,24.10256]]}},{"type":"Feature","properties":{"id":"0000301038000N","name":""},"geometry":{"type":"LineString","coordinates":[[120.59488,24.09758],[120.60026,24.09474]]}},{"type":"Feature","properties":{"id":"0000301038010N","name":""},"geometry":{"type":"LineString","coordinates":[[120.60026,24.09474],[120.60126,24.09365],[120.60219,24.09138],[120.60281,24.09076],[120.60349,24.09039],[120.60444,24.09021],[120.6057,24.09059]]}},{"type":"Feature","properties":{"id":"0000301038020N","name":""},"geometry":{"type":"LineString","coordinates":[[120.60026,24.09474],[120.60275,24.09259],[120.60295,24.09159],[120.60252,24.09079]]}},{"type":"Feature","properties":{"id":"0000301038060N","name":""},"geometry":{"type":"LineString","coordinates":[[120.6025,24.0935],[120.60194,24.0927],[120.60177,24.09111]]}},{"type":"Feature","properties":{"id":"0000301038070N","name":""},"geometry":{"type":"LineString","coordinates":[[120.6025,24.0935],[120.6021,24.09269],[120.60212,24.09223],[120.60271,24.09116],[120.60352,24.09063],[120.6055,24.09008],[120.60654,24.08938]]}},{"type":"Feature","properties":{"id":"0000301038100N","name":""},"geometry":{"type":"LineString","coordinates":[[120.60288,24.09059],[120.60363,24.09095],[120.6045,24.09091],[120.60654,24.08938]]}},{"type":"Feature","properties":{"id":"0000301039000B","name":""},"geometry":{"type":"LineString","coordinates":[[120.64097,24.0696],[120.6453,24.06723]]}},{"type":"Feature","properties":{"id":"0000301039020B","name":""},"geometry":{"type":"LineString","coordinates":[[120.6453,24.06723],[120.64601,24.06709]]}},{"type":"Feature","properties":{"id":"0000301039030B","name":""},"geometry":{"type":"LineString","coordinates":[[120.64636,24.06548],[120.64631,24.06645],[120.64654,24.06705],[120.64717,24.06747],[120.64867,24.06781]]}},{"type":"Feature","properties":{"id":"0000301039040B","name":""},"geometry":{"type":"LineString","coordinates":[[120.64574,24.06974],[120.64504,24.06923],[120.64469,24.06872],[120.64472,24.06806],[120.6452,24.0675],[120.64602,24.06732],[120.64867,24.06781]]}},{"type":"Feature","properties":{"id":"0000301040000B","name":""},"geometry":{"type":"LineString","coordinates":[[120.65561,24.06726],[120.66196,24.06544],[120.66258,24.06503],[120.66282,24.06458]]}},{"type":"Feature","properties":{"id":"0000301040010B","name":""},"geometry":{"type":"LineString","coordinates":[[120.66333,24.06407],[120.66362,24.06446],[120.66411,24.06454],[120.66926,24.06191]]}},{"type":"Feature","properties":{"id":"0000301041000B","name":""},"geometry":{"type":"LineString","coordinates":[[120.67504,24.05703],[120.67729,24.05317],[120.67841,24.05219],[120.67991,24.05147]]}},{"type":"Feature","properties":{"id":"0000301041040B","name":""},"geometry":{"type":"LineString","coordinates":[[120.68322,24.05134],[120.68021,24.05187],[120.67953,24.05177],[120.67879,24.05135],[120.67833,24.05072],[120.6782,24.05007],[120.67897,24.04729]]}},{"type":"Feature","properties":{"id":"0000301042010B","name":""},"geometry":{"type":"LineString","coordinates":[[120.67151,24.02594],[120.6693,24.0273],[120.66856,24.02734],[120.6678,24.02681],[120.66663,24.02467]]}},{"type":"Feature","properties":{"id":"0000301043020M","name":""},"geometry":{"type":"LineString","coordinates":[[120.65352,24.00763],[120.65185,24.00706],[120.65114,24.00709],[120.65053,24.00736]]}},{"type":"Feature","properties":{"id":"0000301043030M","name":""},"geometry":{"type":"LineString","coordinates":[[120.65352,24.00763],[120.6517,24.00662],[120.6512,24.00578],[120.65124,24.00522],[120.65156,24.00469],[120.65202,24.00438],[120.65278,24.00421]]}},{"type":"Feature","properties":{"id":"0000301043040M","name":""},"geometry":{"type":"LineString","coordinates":[[120.65042,24.0073],[120.65079,24.00667],[120.65082,24.00575]]}},{"type":"Feature","properties":{"id":"0000301043070M","name":""},"geometry":{"type":"LineString","coordinates":[[120.65082,24.00575],[120.65117,24.00421],[120.65088,24.00279]]}},{"type":"Feature","properties":{"id":"0000301044000M","name":""},"geometry":{"type":"LineString","coordinates":[[120.6519,23.96079],[120.65345,23.95895],[120.65377,23.95828],[120.65355,23.95728],[120.65259,23.95659]]}},{"type":"Feature","properties":{"id":"0000301044020M","name":""},"geometry":{"type":"LineString","coordinates":[[120.65473,23.95723],[120.65614,23.95729],[120.65779,23.95682]]}},{"type":"Feature","properties":{"id":"0000301045010M","name":""},"geometry":{"type":"LineString","coordinates":[[120.6667,23.95135],[120.66693,23.95058],[120.66662,23.94992],[120.66595,23.94962],[120.66506,23.94984]]}},{"type":"Feature","properties":{"id":"0000301045030M","name":""},"geometry":{"type":"LineString","coordinates":[[120.6673,23.94884],[120.66678,23.94926],[120.66688,23.94981],[120.66741,23.95001],[120.66811,23.94973]]}},{"type":"Feature","properties":{"id":"0000301045050M","name":""},"geometry":{"type":"LineString","coordinates":[[120.66915,23.94802],[120.66911,23.94759],[120.66878,23.94731],[120.66791,23.94756],[120.66771,23.94791],[120.66778,23.94825],[120.66859,23.94857]]}},{"type":"Feature","properties":{"id":"0000301045080M","name":""},"geometry":{"type":"LineString","coordinates":[[120.66875,23.94689],[120.66984,23.94619]]}},{"type":"Feature","properties":{"id":"0000301046010M","name":""},"geometry":{"type":"LineString","coordinates":[[120.6845,23.92178],[120.68585,23.92071],[120.68901,23.91872],[120.69127,23.9164]]}},{"type":"Feature","properties":{"id":"0000301047000M","name":""},"geometry":{"type":"LineString","coordinates":[[120.70185,23.85563],[120.70168,23.85292],[120.70115,23.85202],[120.7001,23.85124]]}},{"type":"Feature","properties":{"id":"0000301047050M","name":""},"geometry":{"type":"LineString","coordinates":[[120.69987,23.85103],[120.70129,23.85121],[120.70232,23.85069],[120.7032,23.84948],[120.70434,23.84672]]}},{"type":"Feature","properties":{"id":"0000301048000M","name":""},"geometry":{"type":"LineString","coordinates":[[120.70007,23.79963],[120.7003,23.79838],[120.69987,23.79688],[120.70026,23.79616],[120.70125,23.79584],[120.70427,23.79629]]}},{"type":"Feature","properties":{"id":"0000301048010M","name":""},"geometry":{"type":"LineString","coordinates":[[120.70425,23.79646],[120.70089,23.79595],[120.7002,23.79634],[120.69999,23.79717],[120.70032,23.79746],[120.70076,23.79744],[120.70153,23.79651]]}},{"type":"Feature","properties":{"id":"0000301049040M","name":""},"geometry":{"type":"LineString","coordinates":[[120.65823,23.77505],[120.65881,23.77491],[120.65915,23.77457]]}},{"type":"Feature","properties":{"id":"0000301050000P","name":""},"geometry":{"type":"LineString","coordinates":[[120.59201,23.73904],[120.5923,23.73781],[120.59306,23.73595],[120.59489,23.73311]]}},{"type":"Feature","properties":{"id":"0000301050050P","name":""},"geometry":{"type":"LineString","coordinates":[[120.59495,23.73249],[120.59549,23.73232]]}},{"type":"Feature","properties":{"id":"0000301050060P","name":""},"geometry":{"type":"LineString","coordinates":[[120.59549,23.73232],[120.59689,23.73052]]}},{"type":"Feature","properties":{"id":"0000301051000P","name":""},"geometry":{"type":"LineString","coordinates":[[120.58088,23.67285],[120.57768,23.67031],[120.57392,23.66603],[120.57232,23.66529],[120.57039,23.66522]]}},{"type":"Feature","properties":{"id":"0000301051010P","name":""},"geometry":{"type":"LineString","coordinates":[[120.57037,23.66514],[120.57181,23.66487],[120.57259,23.66437],[120.57295,23.66361],[120.57286,23.66237]]}},{"type":"Feature","properties":{"id":"0000301052000P","name":""},"geometry":{"type":"LineString","coordinates":[[120.5855,23.67533],[120.58088,23.67285]]}},{"type":"Feature","properties":{"id":"0000301052020P","name":""},"geometry":{"type":"LineString","coordinates":[[120.57826,23.67113],[120.57785,23.67103],[120.57742,23.67131]]}},{"type":"Feature","properties":{"id":"0000301052030P","name":""},"geometry":{"type":"LineString","coordinates":[[120.57826,23.67113],[120.57777,23.67069]]}},{"type":"Feature","properties":{"id":"0000301052040P","name":""},"geometry":{"type":"LineString","coordinates":[[120.57193,23.64631],[120.57231,23.64618],[120.57252,23.64582]]}},{"type":"Feature","properties":{"id":"0000301052050P","name":""},"geometry":{"type":"LineString","coordinates":[[120.57259,23.64636],[120.57252,23.64582]]}},{"type":"Feature","properties":{"id":"0000301053000Q","name":""},"geometry":{"type":"LineString","coordinates":[[120.52539,23.60006],[120.52258,23.59628]]}},{"type":"Feature","properties":{"id":"0000301053030Q","name":""},"geometry":{"type":"LineString","coordinates":[[120.52174,23.59597],[120.52204,23.59554],[120.52187,23.595]]}},{"type":"Feature","properties":{"id":"0000301053050Q","name":""},"geometry":{"type":"LineString","coordinates":[[120.52187,23.595],[120.52082,23.59254],[120.51954,23.59051]]}},{"type":"Feature","properties":{"id":"0000301054000Q","name":""},"geometry":{"type":"LineString","coordinates":[[120.48593,23.52692],[120.48538,23.5255],[120.48442,23.52167]]}},{"type":"Feature","properties":{"id":"0000301054010Q","name":""},"geometry":{"type":"LineString","coordinates":[[120.49139,23.50236],[120.49284,23.49962],[120.49372,23.49684]]}},{"type":"Feature","properties":{"id":"0000301055000Q","name":""},"geometry":{"type":"LineString","coordinates":[[120.48666,23.45379],[120.48592,23.4531],[120.48457,23.45125]]}},{"type":"Feature","properties":{"id":"0000301055010Q","name":""},"geometry":{"type":"LineString","coordinates":[[120.48457,23.45125],[120.48398,23.4509]]}},{"type":"Feature","properties":{"id":"0000301055030Q","name":""},"geometry":{"type":"LineString","coordinates":[[120.48363,23.45082],[120.48391,23.45051],[120.48393,23.45006]]}},{"type":"Feature","properties":{"id":"0000301055050Q","name":""},"geometry":{"type":"LineString","coordinates":[[120.48393,23.45006],[120.48275,23.44609]]}},{"type":"Feature","properties":{"id":"0000301056000Q","name":""},"geometry":{"type":"LineString","coordinates":[[120.47018,23.43069],[120.46884,23.42985],[120.46773,23.42958],[120.46645,23.42978],[120.46515,23.43057]]}},{"type":"Feature","properties":{"id":"0000301056010Q","name":""},"geometry":{"type":"LineString","coordinates":[[120.46468,23.43077],[120.46629,23.42952],[120.46677,23.42883],[120.46682,23.42771],[120.46623,23.42636]]}},{"type":"Feature","properties":{"id":"0000301057000D","name":""},"geometry":{"type":"LineString","coordinates":[[120.43908,23.35142],[120.43919,23.34982],[120.43905,23.34862]]}},{"type":"Feature","properties":{"id":"0000301057010D","name":""},"geometry":{"type":"LineString","coordinates":[[120.43905,23.34862],[120.43867,23.34756],[120.43818,23.34733]]}},{"type":"Feature","properties":{"id":"0000301057030D","name":""},"geometry":{"type":"LineString","coordinates":[[120.43818,23.34722],[120.43874,23.34694],[120.43891,23.34639]]}},{"type":"Feature","properties":{"id":"0000301057050D","name":""},"geometry":{"type":"LineString","coordinates":[[120.43891,23.34639],[120.43896,23.34485],[120.43835,23.3423]]}},{"type":"Feature","properties":{"id":"0000301058010D","name":""},"geometry":{"type":"LineString","coordinates":[[120.37877,23.27181],[120.3783,23.27166],[120.37774,23.27197]]}},{"type":"Feature","properties":{"id":"0000301058040D","name":""},"geometry":{"type":"LineString","coordinates":[[120.37834,23.27129],[120.37799,23.27077]]}},{"type":"Feature","properties":{"id":"0000301058050D","name":""},"geometry":{"type":"LineString","coordinates":[[120.37768,23.2719],[120.37808,23.27141],[120.37799,23.27077]]}},{"type":"Feature","properties":{"id":"0000301059000D","name":""},"geometry":{"type":"LineString","coordinates":[[120.35723,23.21753],[120.35664,23.21626],[120.35579,23.21323]]}},{"type":"Feature","properties":{"id":"0000301059010D","name":""},"geometry":{"type":"LineString","coordinates":[[120.35579,23.21323],[120.35559,23.21286],[120.35516,23.21267]]}},{"type":"Feature","properties":{"id":"0000301059020D","name":""},"geometry":{"type":"LineString","coordinates":[[120.35579,23.21323],[120.356,23.21266]]}},{"type":"Feature","properties":{"id":"0000301059050D","name":""},"geometry":{"type":"LineString","coordinates":[[120.35562,23.21198],[120.35549,23.20768]]}},{"type":"Feature","properties":{"id":"0000301060030D","name":""},"geometry":{"type":"LineString","coordinates":[[120.35207,23.16668],[120.34896,23.1661]]}},{"type":"Feature","properties":{"id":"0000301060080D","name":""},"geometry":{"type":"LineString","coordinates":[[120.35106,23.16517],[120.35004,23.16305]]}},{"type":"Feature","properties":{"id":"0000301060100D","name":""},"geometry":{"type":"LineString","coordinates":[[120.34835,23.16522],[120.34928,23.16514],[120.34992,23.16477],[120.35022,23.16416],[120.35004,23.16305]]}},{"type":"Feature","properties":{"id":"0000301061000D","name":""},"geometry":{"type":"LineString","coordinates":[[120.33287,23.12781],[120.33119,23.12428]]}},{"type":"Feature","properties":{"id":"0000301061010D","name":""},"geometry":{"type":"LineString","coordinates":[[120.33119,23.12428],[120.33096,23.12408],[120.33048,23.12408]]}},{"type":"Feature","properties":{"id":"0000301061030D","name":""},"geometry":{"type":"LineString","coordinates":[[120.33045,23.12398],[120.33079,23.12375],[120.33085,23.12344]]}},{"type":"Feature","properties":{"id":"0000301061050D","name":""},"geometry":{"type":"LineString","coordinates":[[120.33085,23.12344],[120.32968,23.11959]]}},{"type":"Feature","properties":{"id":"0000301062010D","name":""},"geometry":{"type":"LineString","coordinates":[[120.32503,23.0677],[120.32329,23.06609],[120.32216,23.06553],[120.31889,23.06492],[120.31639,23.0642]]}},{"type":"Feature","properties":{"id":"0000301062060D","name":""},"geometry":{"type":"LineString","coordinates":[[120.3234,23.06384],[120.32276,23.06324],[120.32231,23.0633],[120.32206,23.06363],[120.32233,23.06421],[120.32328,23.06433]]}},{"type":"Feature","properties":{"id":"0000301063000D","name":""},"geometry":{"type":"LineString","coordinates":[[120.32226,22.98013],[120.32338,22.97746],[120.32307,22.97692],[120.32195,22.97651]]}},{"type":"Feature","properties":{"id":"0000301063040D","name":""},"geometry":{"type":"LineString","coordinates":[[120.3226,22.97658],[120.32364,22.97665],[120.32441,22.97644],[120.32771,22.97418]]}},{"type":"Feature","properties":{"id":"0000301064030E","name":""},"geometry":{"type":"LineString","coordinates":[[120.35903,22.88048],[120.35986,22.88034],[120.36012,22.87989]]}},{"type":"Feature","properties":{"id":"0000301064050E","name":""},"geometry":{"type":"LineString","coordinates":[[120.36012,22.87989],[120.36068,22.87708]]}},{"type":"Feature","properties":{"id":"0000301065050E","name":""},"geometry":{"type":"LineString","coordinates":[[120.42523,22.7814],[120.42596,22.78147],[120.42648,22.7813],[120.42756,22.78009]]}},{"type":"Feature","properties":{"id":"0000301066000T","name":""},"geometry":{"type":"LineString","coordinates":[[120.48835,22.75497],[120.48889,22.7546],[120.48915,22.75411],[120.48896,22.752],[120.48907,22.75169],[120.48932,22.7515],[120.49096,22.75132]]}},{"type":"Feature","properties":{"id":"0000301066020T","name":""},"geometry":{"type":"LineString","coordinates":[[120.49096,22.75132],[120.4913,22.75131]]}},{"type":"Feature","properties":{"id":"0000301066030T","name":""},"geometry":{"type":"LineString","coordinates":[[120.49133,22.75157],[120.49097,22.75138]]}},{"type":"Feature","properties":{"id":"0000301066050T","name":""},"geometry":{"type":"LineString","coordinates":[[120.49097,22.75138],[120.48928,22.7516],[120.48905,22.7519],[120.48907,22.75234],[120.48924,22.75328],[120.48965,22.75374],[120.49033,22.75393],[120.49124,22.75367]]}},{"type":"Feature","properties":{"id":"0000301067000T","name":""},"geometry":{"type":"LineString","coordinates":[[120.525,22.72029],[120.52556,22.71933],[120.52793,22.71634]]}},{"type":"Feature","properties":{"id":"0000301068000T","name":""},"geometry":{"type":"LineString","coordinates":[[120.54762,22.70078],[120.55305,22.69767]]}},{"type":"Feature","properties":{"id":"0000301068010T","name":""},"geometry":{"type":"LineString","coordinates":[[120.55656,22.69508],[120.55814,22.6935],[120.56025,22.69079]]}},{"type":"Feature","properties":{"id":"0000301069000T","name":""},"geometry":{"type":"LineString","coordinates":[[120.54475,22.64962],[120.54116,22.64476]]}},{"type":"Feature","properties":{"id":"0000301069020T","name":""},"geometry":{"type":"LineString","coordinates":[[120.53612,22.6355],[120.53585,22.63488]]}},{"type":"Feature","properties":{"id":"0000301069040T","name":""},"geometry":{"type":"LineString","coordinates":[[120.53585,22.63488],[120.53419,22.63025]]}},{"type":"Feature","properties":{"id":"0000301070010T","name":""},"geometry":{"type":"LineString","coordinates":[[120.52704,22.57533],[120.52692,22.57352],[120.52661,22.5726],[120.52565,22.57168],[120.52422,22.57095]]}},{"type":"Feature","properties":{"id":"0000301070020T","name":""},"geometry":{"type":"LineString","coordinates":[[120.52704,22.57533],[120.52739,22.57327],[120.52827,22.57199],[120.52981,22.57123],[120.53227,22.57117]]}},{"type":"Feature","properties":{"id":"0000301070050T","name":""},"geometry":{"type":"LineString","coordinates":[[120.52522,22.5707],[120.52644,22.57064],[120.52713,22.57035],[120.52763,22.56981],[120.52792,22.56897]]}},{"type":"Feature","properties":{"id":"0000301070060T","name":""},"geometry":{"type":"LineString","coordinates":[[120.53089,22.57181],[120.52971,22.57189],[120.52727,22.57159],[120.52671,22.57189],[120.52678,22.57247],[120.5274,22.57262],[120.5278,22.57214],[120.52792,22.56897]]}},{"type":"Feature","properties":{"id":"0000301072000T","name":""},"geometry":{"type":"LineString","coordinates":[[120.5281,22.49518],[120.52886,22.49228]]}},{"type":"Feature","properties":{"id":"0000301072010T","name":""},"geometry":{"type":"LineString","coordinates":[[120.52886,22.49228],[120.52888,22.49194],[120.52846,22.49161]]}},{"type":"Feature","properties":{"id":"0000301072030T","name":""},"geometry":{"type":"LineString","coordinates":[[120.52924,22.48966],[120.52976,22.48946],[120.52997,22.48916]]}},{"type":"Feature","properties":{"id":"0000301072050T","name":""},"geometry":{"type":"LineString","coordinates":[[120.52997,22.48916],[120.53101,22.48615]]}},{"type":"Feature","properties":{"id":"0000301073000T","name":""},"geometry":{"type":"LineString","coordinates":[[120.5094,22.44833],[120.50628,22.44595]]}},{"type":"Feature","properties":{"id":"0000301073020T","name":""},"geometry":{"type":"LineString","coordinates":[[120.50628,22.44595],[120.50579,22.44554]]}},{"type":"Feature","properties":{"id":"0000301075000H","name":""},"geometry":{"type":"LineString","coordinates":[[121.19924,24.84427],[121.19881,24.84135],[121.19903,24.83145]]}},{"type":"Feature","properties":{"id":"0000301075010H","name":""},"geometry":{"type":"LineString","coordinates":[[121.19903,24.83145],[121.19792,24.83069]]}},{"type":"Feature","properties":{"id":"0000301075020H","name":""},"geometry":{"type":"LineString","coordinates":[[121.19903,24.83145],[121.19912,24.83103]]}},{"type":"Feature","properties":{"id":"0000301075030H","name":""},"geometry":{"type":"LineString","coordinates":[[121.19868,24.83092],[121.19906,24.8306]]}},{"type":"Feature","properties":{"id":"0000301075040H","name":""},"geometry":{"type":"LineString","coordinates":[[121.19912,24.83103],[121.19906,24.8306]]}},{"type":"Feature","properties":{"id":"0000301081000J","name":""},"geometry":{"type":"LineString","coordinates":[[121.19969,24.80692],[121.19895,24.80526],[121.19818,24.80426],[121.19726,24.8037],[121.1954,24.80323]]}},{"type":"Feature","properties":{"id":"0000301081010J","name":""},"geometry":{"type":"LineString","coordinates":[[121.19493,24.80283],[121.19562,24.80311],[121.19625,24.80283],[121.19632,24.80216],[121.19594,24.80148],[121.19394,24.79956],[121.19074,24.79772]]}},{"type":"Feature","properties":{"id":"0000301082000J","name":""},"geometry":{"type":"LineString","coordinates":[[121.02734,24.75632],[121.02228,24.75455]]}},{"type":"Feature","properties":{"id":"0000301083000K","name":""},"geometry":{"type":"LineString","coordinates":[[120.76154,24.57019],[120.76041,24.56719]]}},{"type":"Feature","properties":{"id":"0000301083010K","name":""},"geometry":{"type":"LineString","coordinates":[[120.75881,24.56385],[120.75732,24.56125]]}},{"type":"Feature","properties":{"id":"0000301084000B","name":""},"geometry":{"type":"LineString","coordinates":[[120.60072,24.28534],[120.59967,24.28347],[120.59766,24.28218],[120.59714,24.2814],[120.59714,24.28047],[120.59758,24.2794],[120.59841,24.27856],[120.59919,24.27827]]}},{"type":"Feature","properties":{"id":"0000301084010B","name":""},"geometry":{"type":"LineString","coordinates":[[120.59884,24.27846],[120.59792,24.27909],[120.5973,24.28015],[120.59723,24.2814],[120.59746,24.28181],[120.59781,24.28199],[120.5983,24.28184],[120.59845,24.28154],[120.59792,24.28033]]}},{"type":"Feature","properties":{"id":"0000301085010M","name":""},"geometry":{"type":"LineString","coordinates":[[120.70731,23.90039],[120.70762,23.89981],[120.70945,23.8986]]}},{"type":"Feature","properties":{"id":"0000301086000P","name":""},"geometry":{"type":"LineString","coordinates":[[120.5431,23.61045],[120.54191,23.61048],[120.54059,23.61112],[120.5399,23.61083],[120.53996,23.61004],[120.54177,23.60818]]}},{"type":"Feature","properties":{"id":"0000301087000D","name":""},"geometry":{"type":"LineString","coordinates":[[120.3974,23.28847],[120.39664,23.28773],[120.39613,23.28777],[120.39588,23.2881],[120.39617,23.28876],[120.39729,23.28911],[120.39865,23.28894],[120.39993,23.2883]]}},{"type":"Feature","properties":{"id":"0000301087010D","name":""},"geometry":{"type":"LineString","coordinates":[[120.39986,23.28846],[120.39806,23.28915],[120.39694,23.28914],[120.39626,23.28891],[120.39574,23.28823],[120.3959,23.28669],[120.39566,23.28565]]}},{"type":"Feature","properties":{"id":"0000301088000D","name":""},"geometry":{"type":"LineString","coordinates":[[120.32703,23.03443],[120.32726,23.02774]]}},{"type":"Feature","properties":{"id":"0000301089010D","name":""},"geometry":{"type":"LineString","coordinates":[[120.35091,22.92699],[120.35065,22.92482]]}},{"type":"Feature","properties":{"id":"0000301101000C","name":""},"geometry":{"type":"LineString","coordinates":[[121.71043,25.1373],[121.71198,25.13792],[121.71437,25.13932]]}},{"type":"Feature","properties":{"id":"0000301101020C","name":""},"geometry":{"type":"LineString","coordinates":[[121.71437,25.13932],[121.71494,25.13985]]}},{"type":"Feature","properties":{"id":"0000301102000C","name":""},"geometry":{"type":"LineString","coordinates":[[121.69519,25.11921],[121.69656,25.12118],[121.69751,25.12422],[121.69777,25.1244],[121.69813,25.12434],[121.69828,25.1239]]}},{"type":"Feature","properties":{"id":"0000301102020C","name":""},"geometry":{"type":"LineString","coordinates":[[121.69899,25.12425],[121.69937,25.1251],[121.69933,25.12581],[121.69902,25.12642],[121.69825,25.12719],[121.69811,25.12765],[121.69861,25.12948]]}},{"type":"Feature","properties":{"id":"0000301103020F","name":""},"geometry":{"type":"LineString","coordinates":[[121.64513,25.07035],[121.64625,25.07384],[121.64696,25.07439],[121.64777,25.07423],[121.6479,25.07389],[121.6477,25.07346],[121.64648,25.07309]]}},{"type":"Feature","properties":{"id":"0000301103030F","name":""},"geometry":{"type":"LineString","coordinates":[[121.65722,25.07531],[121.65501,25.0746]]}},{"type":"Feature","properties":{"id":"0000301104000F","name":""},"geometry":{"type":"LineString","coordinates":[[121.63597,25.05451],[121.63793,25.05521],[121.63923,25.05541]]}},{"type":"Feature","properties":{"id":"0000301104030F","name":""},"geometry":{"type":"LineString","coordinates":[[121.64036,25.05659],[121.63999,25.05683]]}},{"type":"Feature","properties":{"id":"0000301104050F","name":""},"geometry":{"type":"LineString","coordinates":[[121.63999,25.05683],[121.64009,25.05732],[121.64098,25.05859],[121.64169,25.06012]]}},{"type":"Feature","properties":{"id":"0000301105000F","name":""},"geometry":{"type":"LineString","coordinates":[[121.62644,25.04742],[121.62775,25.04992]]}},{"type":"Feature","properties":{"id":"0000301105010F","name":""},"geometry":{"type":"LineString","coordinates":[[121.62469,25.04218],[121.62561,25.0441],[121.62564,25.04514],[121.62511,25.04584],[121.62262,25.0474]]}},{"type":"Feature","properties":{"id":"0000301106000A","name":""},"geometry":{"type":"LineString","coordinates":[[121.619,25.0345],[121.62125,25.03555],[121.62334,25.03508]]}},{"type":"Feature","properties":{"id":"0000301106010A","name":""},"geometry":{"type":"LineString","coordinates":[[121.62352,25.03541],[121.62285,25.03578],[121.62243,25.03649],[121.62251,25.03723],[121.62312,25.03829]]}},{"type":"Feature","properties":{"id":"0000301107000A","name":""},"geometry":{"type":"LineString","coordinates":[[121.61586,25.03266],[121.6182,25.03361],[121.61916,25.03419]]}},{"type":"Feature","properties":{"id":"0000301109000F","name":""},"geometry":{"type":"LineString","coordinates":[[121.55355,24.97288],[121.55453,24.97334],[121.55501,24.97306],[121.55508,24.97271],[121.55478,24.97229],[121.55426,24.9722],[121.55244,24.97327],[121.55111,24.97357]]}},{"type":"Feature","properties":{"id":"0000301109010F","name":""},"geometry":{"type":"LineString","coordinates":[[121.54761,24.97232],[121.54735,24.97217],[121.54692,24.97227]]}},{"type":"Feature","properties":{"id":"0000301109040F","name":""},"geometry":{"type":"LineString","coordinates":[[121.55029,24.97351],[121.55203,24.97334],[121.55389,24.97223],[121.55455,24.97213],[121.55514,24.97258],[121.55515,24.97379],[121.55582,24.97464]]}},{"type":"Feature","properties":{"id":"0000301110000F","name":""},"geometry":{"type":"LineString","coordinates":[[121.52103,24.97338],[121.52199,24.97197],[121.52217,24.97103],[121.5221,24.97022]]}},{"type":"Feature","properties":{"id":"0000301110020F","name":""},"geometry":{"type":"LineString","coordinates":[[121.5221,24.97022],[121.52226,24.96978],[121.52266,24.96943],[121.52366,24.96922],[121.5256,24.96953],[121.52717,24.97014]]}},{"type":"Feature","properties":{"id":"0000301110050F","name":""},"geometry":{"type":"LineString","coordinates":[[121.51989,24.96488],[121.51957,24.9643],[121.51897,24.96405]]}},{"type":"Feature","properties":{"id":"0000301110080F","name":""},"geometry":{"type":"LineString","coordinates":[[121.52402,24.96993],[121.52296,24.97063],[121.52254,24.9705],[121.52233,24.97015],[121.52262,24.96954],[121.52393,24.9693],[121.52581,24.96966],[121.52711,24.97021]]}},{"type":"Feature","properties":{"id":"0000301110120F","name":""},"geometry":{"type":"LineString","coordinates":[[121.52011,24.96482],[121.5207,24.96626]]}},{"type":"Feature","properties":{"id":"0000301110140F","name":""},"geometry":{"type":"LineString","coordinates":[[121.52285,24.96796],[121.52411,24.9679],[121.52525,24.96754],[121.52636,24.96677],[121.52822,24.96502]]}},{"type":"Feature","properties":{"id":"0000301111000F","name":""},"geometry":{"type":"LineString","coordinates":[[121.47656,24.98647],[121.47887,24.9879],[121.481,24.98866],[121.48229,24.98878],[121.48466,24.98841],[121.48536,24.98856],[121.48583,24.98888],[121.48614,24.98939],[121.4861,24.99059]]}},{"type":"Feature","properties":{"id":"0000301111010F","name":""},"geometry":{"type":"LineString","coordinates":[[121.48456,24.99141],[121.48345,24.99063],[121.48314,24.98951]]}},{"type":"Feature","properties":{"id":"0000301111030F","name":""},"geometry":{"type":"LineString","coordinates":[[121.48512,24.99135],[121.4836,24.9904],[121.48314,24.98951]]}},{"type":"Feature","properties":{"id":"0000301112000F","name":""},"geometry":{"type":"LineString","coordinates":[[121.42573,24.95908],[121.42827,24.95931],[121.43031,24.95855],[121.43098,24.95852],[121.43145,24.9587],[121.43195,24.95921],[121.43227,24.96049]]}},{"type":"Feature","properties":{"id":"0000301112020F","name":""},"geometry":{"type":"LineString","coordinates":[[121.43227,24.96049],[121.43268,24.96371],[121.43265,24.96512]]}},{"type":"Feature","properties":{"id":"0000301112040F","name":""},"geometry":{"type":"LineString","coordinates":[[121.43255,24.96511],[121.43263,24.96375],[121.43216,24.96049]]}},{"type":"Feature","properties":{"id":"0000301113000F","name":""},"geometry":{"type":"LineString","coordinates":[[121.3882,24.95146],[121.40107,24.95064]]}},{"type":"Feature","properties":{"id":"0000301114000F","name":""},"geometry":{"type":"LineString","coordinates":[[121.35164,24.93478],[121.35583,24.93559],[121.35778,24.93494]]}},{"type":"Feature","properties":{"id":"0000301114010F","name":""},"geometry":{"type":"LineString","coordinates":[[121.35603,24.93612],[121.36009,24.93803],[121.36073,24.93856]]}},{"type":"Feature","properties":{"id":"0000301114030F","name":""},"geometry":{"type":"LineString","coordinates":[[121.36105,24.93861],[121.36156,24.93961]]}},{"type":"Feature","properties":{"id":"0000301114040F","name":""},"geometry":{"type":"LineString","coordinates":[[121.36156,24.93961],[121.36327,24.94178]]}},{"type":"Feature","properties":{"id":"0000301115000F","name":""},"geometry":{"type":"LineString","coordinates":[[121.31848,24.93633],[121.32066,24.93742],[121.32338,24.93795],[121.32451,24.93874],[121.32499,24.93953],[121.32515,24.94055],[121.325,24.94132],[121.32435,24.94263]]}},{"type":"Feature","properties":{"id":"0000301117000H","name":""},"geometry":{"type":"LineString","coordinates":[[121.26227,24.88736],[121.26376,24.88952],[121.26531,24.89022]]}},{"type":"Feature","properties":{"id":"0000301117010H","name":""},"geometry":{"type":"LineString","coordinates":[[121.26531,24.89022],[121.26628,24.8907],[121.26766,24.89031]]}},{"type":"Feature","properties":{"id":"0000301117030H","name":""},"geometry":{"type":"LineString","coordinates":[[121.26772,24.89042],[121.2662,24.89127],[121.26563,24.89191],[121.2654,24.89271],[121.26573,24.8938]]}},{"type":"Feature","properties":{"id":"0000301117040H","name":""},"geometry":{"type":"LineString","coordinates":[[121.26463,24.89168],[121.26535,24.89085],[121.26526,24.89043],[121.26494,24.89022],[121.26437,24.89037],[121.26424,24.89076],[121.26573,24.8938]]}},{"type":"Feature","properties":{"id":"0000301118000H","name":""},"geometry":{"type":"LineString","coordinates":[[121.21791,24.8603],[121.22037,24.86072]]}},{"type":"Feature","properties":{"id":"0000301118010H","name":""},"geometry":{"type":"LineString","coordinates":[[121.22037,24.86072],[121.2214,24.86047],[121.22247,24.85958],[121.22248,24.85871],[121.22187,24.85781]]}},{"type":"Feature","properties":{"id":"0000301118030H","name":""},"geometry":{"type":"LineString","coordinates":[[121.2231,24.86128],[121.22276,24.86031],[121.22204,24.86024],[121.2218,24.86053],[121.22182,24.86086],[121.22256,24.86134]]}},{"type":"Feature","properties":{"id":"0000301118050H","name":""},"geometry":{"type":"LineString","coordinates":[[121.22358,24.86159],[121.22453,24.8615],[121.22472,24.86117],[121.22465,24.86086],[121.2242,24.8606],[121.22375,24.86072],[121.22341,24.86113],[121.22326,24.86174]]}},{"type":"Feature","properties":{"id":"0000301118070H","name":""},"geometry":{"type":"LineString","coordinates":[[121.22201,24.85773],[121.22255,24.85834],[121.22333,24.85978],[121.22458,24.86056],[121.22534,24.86154],[121.22625,24.8621]]}},{"type":"Feature","properties":{"id":"0000301120000J","name":""},"geometry":{"type":"LineString","coordinates":[[121.16328,24.80549],[121.16678,24.8039],[121.16926,24.80231],[121.16976,24.80174],[121.16985,24.80119],[121.16962,24.80079],[121.16884,24.80031]]}},{"type":"Feature","properties":{"id":"0000301120010J","name":""},"geometry":{"type":"LineString","coordinates":[[121.1683,24.79892],[121.16781,24.79933],[121.16814,24.79986]]}},{"type":"Feature","properties":{"id":"0000301120040J","name":""},"geometry":{"type":"LineString","coordinates":[[121.16939,24.80049],[121.17055,24.8008],[121.17149,24.80067],[121.17739,24.79796]]}},{"type":"Feature","properties":{"id":"0000301121000J","name":""},"geometry":{"type":"LineString","coordinates":[[121.07911,24.76417],[121.08005,24.76492],[121.08104,24.76534]]}},{"type":"Feature","properties":{"id":"0000301121010J","name":""},"geometry":{"type":"LineString","coordinates":[[121.08104,24.76534],[121.08299,24.76524]]}},{"type":"Feature","properties":{"id":"0000301121030J","name":""},"geometry":{"type":"LineString","coordinates":[[121.08374,24.76503],[121.08273,24.76576],[121.08242,24.7669]]}},{"type":"Feature","properties":{"id":"0000301122000J","name":""},"geometry":{"type":"LineString","coordinates":[[121.00062,24.75652],[121.00284,24.75682],[121.00474,24.75677]]}},{"type":"Feature","properties":{"id":"0000301122070J","name":""},"geometry":{"type":"LineString","coordinates":[[121.00611,24.75637],[121.00649,24.75668]]}},{"type":"Feature","properties":{"id":"0000301122090J","name":""},"geometry":{"type":"LineString","coordinates":[[121.00649,24.75668],[121.00925,24.75644],[121.0121,24.75572]]}},{"type":"Feature","properties":{"id":"0000301123010J","name":""},"geometry":{"type":"LineString","coordinates":[[120.98221,24.75794],[120.98343,24.75743],[120.98402,24.75681],[120.98432,24.75603],[120.98444,24.75467]]}},{"type":"Feature","properties":{"id":"0000301123040J","name":""},"geometry":{"type":"LineString","coordinates":[[120.98534,24.75412],[120.98652,24.75534],[120.98762,24.75611],[120.98859,24.75642],[120.98973,24.75635]]}},{"type":"Feature","properties":{"id":"0000301124000O","name":""},"geometry":{"type":"LineString","coordinates":[[120.95243,24.75459],[120.95538,24.75584]]}},{"type":"Feature","properties":{"id":"0000301124010O","name":""},"geometry":{"type":"LineString","coordinates":[[120.95672,24.75668],[120.95598,24.75509],[120.95543,24.75477],[120.95503,24.75492],[120.95488,24.75527],[120.95538,24.75584]]}},{"type":"Feature","properties":{"id":"0000301124030O","name":""},"geometry":{"type":"LineString","coordinates":[[120.95703,24.75673],[120.95758,24.75685],[120.95795,24.75672],[120.95811,24.75636],[120.95779,24.75584]]}},{"type":"Feature","properties":{"id":"0000301124060O","name":""},"geometry":{"type":"LineString","coordinates":[[120.95779,24.75584],[120.95728,24.75567],[120.95658,24.75575]]}},{"type":"Feature","properties":{"id":"0000301124070O","name":""},"geometry":{"type":"LineString","coordinates":[[120.95627,24.75482],[120.95677,24.75545],[120.95801,24.7558],[120.9585,24.75707],[120.95943,24.75774]]}},{"type":"Feature","properties":{"id":"0000301125000K","name":""},"geometry":{"type":"LineString","coordinates":[[120.90277,24.72801],[120.9041,24.72974],[120.90587,24.73154]]}},{"type":"Feature","properties":{"id":"0000301125090O","name":""},"geometry":{"type":"LineString","coordinates":[[120.91276,24.73562],[120.91294,24.73609],[120.91336,24.73647]]}},{"type":"Feature","properties":{"id":"0000301125110O","name":""},"geometry":{"type":"LineString","coordinates":[[120.91336,24.73647],[120.91657,24.73841]]}},{"type":"Feature","properties":{"id":"0000301126000K","name":""},"geometry":{"type":"LineString","coordinates":[[120.8654,24.69869],[120.86625,24.70064],[120.86666,24.70116],[120.8715,24.70327]]}},{"type":"Feature","properties":{"id":"0000301127000K","name":""},"geometry":{"type":"LineString","coordinates":[[120.84731,24.67129],[120.84782,24.67496]]}},{"type":"Feature","properties":{"id":"0000301127010K","name":""},"geometry":{"type":"LineString","coordinates":[[120.84782,24.67496],[120.84818,24.6752]]}},{"type":"Feature","properties":{"id":"0000301127030K","name":""},"geometry":{"type":"LineString","coordinates":[[120.84811,24.67535],[120.8478,24.67603]]}},{"type":"Feature","properties":{"id":"0000301127050K","name":""},"geometry":{"type":"LineString","coordinates":[[120.8478,24.67603],[120.84728,24.6795]]}},{"type":"Feature","properties":{"id":"0000301128000K","name":""},"geometry":{"type":"LineString","coordinates":[[120.81538,24.63154],[120.81804,24.63602]]}},{"type":"Feature","properties":{"id":"0000301128010K","name":""},"geometry":{"type":"LineString","coordinates":[[120.81804,24.63602],[120.81844,24.63616]]}},{"type":"Feature","properties":{"id":"0000301128030K","name":""},"geometry":{"type":"LineString","coordinates":[[120.81852,24.63624],[120.8185,24.63665]]}},{"type":"Feature","properties":{"id":"0000301128050K","name":""},"geometry":{"type":"LineString","coordinates":[[120.8185,24.63665],[120.82104,24.6399]]}},{"type":"Feature","properties":{"id":"0000301129000K","name":""},"geometry":{"type":"LineString","coordinates":[[120.78211,24.59359],[120.78605,24.59727]]}},{"type":"Feature","properties":{"id":"0000301129010K","name":""},"geometry":{"type":"LineString","coordinates":[[120.78605,24.59727],[120.78669,24.59749]]}},{"type":"Feature","properties":{"id":"0000301129030K","name":""},"geometry":{"type":"LineString","coordinates":[[120.78676,24.59758],[120.78679,24.59818]]}},{"type":"Feature","properties":{"id":"0000301129050K","name":""},"geometry":{"type":"LineString","coordinates":[[120.78679,24.59818],[120.78861,24.60078],[120.79002,24.60241]]}},{"type":"Feature","properties":{"id":"0000301130000K","name":""},"geometry":{"type":"LineString","coordinates":[[120.70426,24.49207],[120.70503,24.49464],[120.70543,24.49513],[120.70664,24.49597],[120.70693,24.49669]]}},{"type":"Feature","properties":{"id":"0000301130010K","name":""},"geometry":{"type":"LineString","coordinates":[[120.70693,24.49669],[120.70708,24.4971],[120.70758,24.49735]]}},{"type":"Feature","properties":{"id":"0000301130030K","name":""},"geometry":{"type":"LineString","coordinates":[[120.70601,24.49718],[120.70668,24.49686],[120.70668,24.49627]]}},{"type":"Feature","properties":{"id":"0000301130050K","name":""},"geometry":{"type":"LineString","coordinates":[[120.70668,24.49627],[120.70632,24.49606],[120.70587,24.49613],[120.70549,24.49685],[120.7062,24.49915],[120.70702,24.50084]]}},{"type":"Feature","properties":{"id":"0000301131000B","name":""},"geometry":{"type":"LineString","coordinates":[[120.66833,24.39096],[120.66921,24.39406]]}},{"type":"Feature","properties":{"id":"0000301131060K","name":""},"geometry":{"type":"LineString","coordinates":[[120.67015,24.39713],[120.6702,24.39949],[120.67079,24.4031]]}},{"type":"Feature","properties":{"id":"0000301132010B","name":""},"geometry":{"type":"LineString","coordinates":[[120.63856,24.33544],[120.64287,24.33628],[120.64377,24.33597]]}},{"type":"Feature","properties":{"id":"0000301132040B","name":""},"geometry":{"type":"LineString","coordinates":[[120.64419,24.3361],[120.64412,24.33678],[120.64461,24.33722]]}},{"type":"Feature","properties":{"id":"0000301132060B","name":""},"geometry":{"type":"LineString","coordinates":[[120.64461,24.33722],[120.64751,24.33846],[120.64858,24.33913]]}},{"type":"Feature","properties":{"id":"0000301133010B","name":""},"geometry":{"type":"LineString","coordinates":[[120.61159,24.30533],[120.61733,24.30643]]}},{"type":"Feature","properties":{"id":"0000301133040B","name":""},"geometry":{"type":"LineString","coordinates":[[120.61404,24.3074],[120.61471,24.30674],[120.6147,24.30645],[120.61439,24.30613],[120.61399,24.30612],[120.61363,24.30642],[120.6137,24.30719]]}},{"type":"Feature","properties":{"id":"0000301134010B","name":""},"geometry":{"type":"LineString","coordinates":[[120.59214,24.24734],[120.59222,24.24833],[120.59303,24.24933],[120.59396,24.24988],[120.59512,24.24999]]}},{"type":"Feature","properties":{"id":"0000301134030B","name":""},"geometry":{"type":"LineString","coordinates":[[120.59119,24.24997],[120.59204,24.24983],[120.59253,24.24923],[120.59237,24.24889],[120.59197,24.24875],[120.59129,24.24915]]}},{"type":"Feature","properties":{"id":"0000301134050B","name":""},"geometry":{"type":"LineString","coordinates":[[120.59051,24.2508],[120.59052,24.25123],[120.59087,24.25153],[120.5913,24.25147],[120.5916,24.25116],[120.59154,24.25039],[120.59082,24.25013]]}},{"type":"Feature","properties":{"id":"0000301134060B","name":""},"geometry":{"type":"LineString","coordinates":[[120.59051,24.2508],[120.58978,24.25303]]}},{"type":"Feature","properties":{"id":"0000301134070B","name":""},"geometry":{"type":"LineString","coordinates":[[120.5936,24.25013],[120.59235,24.25055],[120.59141,24.25177],[120.58978,24.25303]]}},{"type":"Feature","properties":{"id":"0000301135010B","name":""},"geometry":{"type":"LineString","coordinates":[[120.5695,24.193],[120.57068,24.19326],[120.57172,24.19286],[120.57241,24.19214],[120.5728,24.19063]]}},{"type":"Feature","properties":{"id":"0000301135030B","name":""},"geometry":{"type":"LineString","coordinates":[[120.57214,24.19429],[120.57209,24.19337],[120.57167,24.19311],[120.57137,24.19317],[120.57112,24.19349],[120.57143,24.19415]]}},{"type":"Feature","properties":{"id":"0000301135050B","name":""},"geometry":{"type":"LineString","coordinates":[[120.57263,24.19502],[120.57313,24.19514],[120.57347,24.19497],[120.57362,24.19453],[120.57341,24.19409],[120.573,24.1939],[120.57265,24.19398],[120.57228,24.19461]]}},{"type":"Feature","properties":{"id":"0000301135060B","name":""},"geometry":{"type":"LineString","coordinates":[[120.57263,24.19502],[120.57433,24.19662]]}},{"type":"Feature","properties":{"id":"0000301135070B","name":""},"geometry":{"type":"LineString","coordinates":[[120.57277,24.19175],[120.57273,24.1928],[120.57371,24.19413],[120.57379,24.19571],[120.57433,24.19662]]}},{"type":"Feature","properties":{"id":"0000301135080B","name":""},"geometry":{"type":"LineString","coordinates":[[120.57433,24.19662],[120.57578,24.19827],[120.57662,24.19957]]}},{"type":"Feature","properties":{"id":"0000301136000N","name":""},"geometry":{"type":"LineString","coordinates":[[120.5248,24.13334],[120.52218,24.13896]]}},{"type":"Feature","properties":{"id":"0000301136010N","name":""},"geometry":{"type":"LineString","coordinates":[[120.52218,24.13896],[120.5208,24.14259]]}},{"type":"Feature","properties":{"id":"0000301136020N","name":""},"geometry":{"type":"LineString","coordinates":[[120.52218,24.13896],[120.52127,24.13979],[120.5206,24.13989],[120.51978,24.13972],[120.51933,24.13945],[120.51905,24.13891],[120.51913,24.13843],[120.51948,24.13799]]}},{"type":"Feature","properties":{"id":"0000301136080N","name":""},"geometry":{"type":"LineString","coordinates":[[120.52243,24.13797],[120.52132,24.13977],[120.52064,24.14239]]}},{"type":"Feature","properties":{"id":"0000301136090N","name":""},"geometry":{"type":"LineString","coordinates":[[120.519,24.14231],[120.51825,24.14149],[120.5181,24.14077],[120.5185,24.14008],[120.51935,24.13983],[120.52018,24.14013],[120.52069,24.1407],[120.52084,24.14152],[120.52064,24.14239]]}},{"type":"Feature","properties":{"id":"0000301138000N","name":""},"geometry":{"type":"LineString","coordinates":[[120.6116,24.0856],[120.60957,24.08774],[120.60806,24.08869]]}},{"type":"Feature","properties":{"id":"0000301138010N","name":""},"geometry":{"type":"LineString","coordinates":[[120.60806,24.08869],[120.60708,24.08982],[120.60652,24.09112],[120.60638,24.09249],[120.60672,24.09407]]}},{"type":"Feature","properties":{"id":"0000301138020N","name":""},"geometry":{"type":"LineString","coordinates":[[120.60806,24.08869],[120.60447,24.09183]]}},{"type":"Feature","properties":{"id":"0000301138030N","name":""},"geometry":{"type":"LineString","coordinates":[[120.60397,24.08993],[120.60507,24.09014],[120.6057,24.09059]]}},{"type":"Feature","properties":{"id":"0000301138150N","name":""},"geometry":{"type":"LineString","coordinates":[[120.60373,24.09248],[120.60201,24.09439],[120.60065,24.09532]]}},{"type":"Feature","properties":{"id":"0000301138170N","name":""},"geometry":{"type":"LineString","coordinates":[[120.60431,24.0941],[120.60282,24.09437],[120.60065,24.09532]]}},{"type":"Feature","properties":{"id":"0000301139000B","name":""},"geometry":{"type":"LineString","coordinates":[[120.65074,24.06797],[120.64892,24.0684],[120.64745,24.06954]]}},{"type":"Feature","properties":{"id":"0000301139020B","name":""},"geometry":{"type":"LineString","coordinates":[[120.64745,24.06954],[120.64654,24.06982]]}},{"type":"Feature","properties":{"id":"0000301139040B","name":""},"geometry":{"type":"LineString","coordinates":[[120.64574,24.06974],[120.64416,24.06918],[120.64286,24.06922]]}},{"type":"Feature","properties":{"id":"0000301139050B","name":""},"geometry":{"type":"LineString","coordinates":[[120.64626,24.0687],[120.64671,24.06948],[120.64738,24.06942]]}},{"type":"Feature","properties":{"id":"0000301139070B","name":""},"geometry":{"type":"LineString","coordinates":[[120.64738,24.06942],[120.64749,24.06878],[120.64694,24.06848],[120.64286,24.06922]]}},{"type":"Feature","properties":{"id":"0000301140000B","name":""},"geometry":{"type":"LineString","coordinates":[[120.66225,24.06665],[120.662,24.06615],[120.6614,24.06607],[120.6584,24.06696],[120.6559,24.06733]]}},{"type":"Feature","properties":{"id":"0000301140010B","name":""},"geometry":{"type":"LineString","coordinates":[[120.66933,24.06201],[120.66774,24.06316],[120.66332,24.0654],[120.66289,24.06592]]}},{"type":"Feature","properties":{"id":"0000301141010B","name":""},"geometry":{"type":"LineString","coordinates":[[120.67957,24.04725],[120.68011,24.04908],[120.68077,24.05017],[120.68155,24.05076],[120.68273,24.05113]]}},{"type":"Feature","properties":{"id":"0000301141020B","name":""},"geometry":{"type":"LineString","coordinates":[[120.67957,24.04725],[120.68011,24.04961],[120.68116,24.05164],[120.68252,24.05324],[120.68441,24.05481]]}},{"type":"Feature","properties":{"id":"0000301141180B","name":""},"geometry":{"type":"LineString","coordinates":[[120.67848,24.05324],[120.67756,24.05409],[120.67602,24.05604]]}},{"type":"Feature","properties":{"id":"0000301142000B","name":""},"geometry":{"type":"LineString","coordinates":[[120.66707,24.02489],[120.66799,24.02583],[120.66887,24.02628],[120.66968,24.02635],[120.67106,24.02601]]}},{"type":"Feature","properties":{"id":"0000301143000M","name":""},"geometry":{"type":"LineString","coordinates":[[120.65069,24.0014],[120.65186,24.00368],[120.65278,24.00421]]}},{"type":"Feature","properties":{"id":"0000301143020M","name":""},"geometry":{"type":"LineString","coordinates":[[120.65291,24.00605],[120.65346,24.00637],[120.65384,24.00636],[120.65419,24.00611],[120.65433,24.00564],[120.65425,24.0053],[120.65389,24.00498],[120.65355,24.00494],[120.6529,24.00523]]}},{"type":"Feature","properties":{"id":"0000301143030M","name":""},"geometry":{"type":"LineString","coordinates":[[120.65445,24.00385],[120.6542,24.00459],[120.65449,24.00552]]}},{"type":"Feature","properties":{"id":"0000301143050M","name":""},"geometry":{"type":"LineString","coordinates":[[120.65363,24.00458],[120.65411,24.0049],[120.65449,24.00552]]}},{"type":"Feature","properties":{"id":"0000301143060M","name":""},"geometry":{"type":"LineString","coordinates":[[120.65449,24.00552],[120.65443,24.00724],[120.65495,24.00824]]}},{"type":"Feature","properties":{"id":"0000301144000M","name":""},"geometry":{"type":"LineString","coordinates":[[120.65367,23.95943],[120.65306,23.96023],[120.65289,23.96078]]}},{"type":"Feature","properties":{"id":"0000301144020M","name":""},"geometry":{"type":"LineString","coordinates":[[120.65292,23.95645],[120.654,23.95733],[120.65488,23.95854],[120.6552,23.9596],[120.65505,23.96049],[120.65455,23.96122],[120.65399,23.96162],[120.65193,23.9621],[120.65118,23.96245],[120.6501,23.96375]]}},{"type":"Feature","properties":{"id":"0000301145000M","name":""},"geometry":{"type":"LineString","coordinates":[[120.67047,23.94609],[120.67041,23.94742],[120.6708,23.94855]]}},{"type":"Feature","properties":{"id":"0000301145010M","name":""},"geometry":{"type":"LineString","coordinates":[[120.6708,23.94855],[120.67181,23.94952]]}},{"type":"Feature","properties":{"id":"0000301145030M","name":""},"geometry":{"type":"LineString","coordinates":[[120.67186,23.9497],[120.67071,23.94936],[120.6696,23.94954]]}},{"type":"Feature","properties":{"id":"0000301145040M","name":""},"geometry":{"type":"LineString","coordinates":[[120.66875,23.94689],[120.66983,23.94717],[120.67037,23.94788],[120.67034,23.94879],[120.6696,23.94954]]}},{"type":"Feature","properties":{"id":"0000301146010M","name":""},"geometry":{"type":"LineString","coordinates":[[120.68785,23.91984],[120.68437,23.92238]]}},{"type":"Feature","properties":{"id":"0000301147050M","name":""},"geometry":{"type":"LineString","coordinates":[[120.69987,23.85103],[120.70299,23.85248],[120.70366,23.85328],[120.70352,23.85419],[120.70226,23.85566],[120.70195,23.85804]]}},{"type":"Feature","properties":{"id":"0000301148000M","name":""},"geometry":{"type":"LineString","coordinates":[[120.70303,23.79365],[120.70282,23.79453],[120.70299,23.79536],[120.70349,23.79591],[120.70427,23.79629]]}},{"type":"Feature","properties":{"id":"0000301148130M","name":""},"geometry":{"type":"LineString","coordinates":[[120.70425,23.79646],[120.70311,23.79656],[120.70199,23.79705],[120.70137,23.79762],[120.70037,23.79925]]}},{"type":"Feature","properties":{"id":"0000301149000M","name":""},"geometry":{"type":"LineString","coordinates":[[120.65445,23.77434],[120.65826,23.77392]]}},{"type":"Feature","properties":{"id":"0000301149010M","name":""},"geometry":{"type":"LineString","coordinates":[[120.65826,23.77392],[120.65899,23.77357],[120.65919,23.77282]]}},{"type":"Feature","properties":{"id":"0000301149030M","name":""},"geometry":{"type":"LineString","coordinates":[[120.6593,23.77281],[120.65953,23.77374],[120.66021,23.77408]]}},{"type":"Feature","properties":{"id":"0000301150010P","name":""},"geometry":{"type":"LineString","coordinates":[[120.59748,23.73056],[120.5957,23.73285]]}},{"type":"Feature","properties":{"id":"0000301150040P","name":""},"geometry":{"type":"LineString","coordinates":[[120.59568,23.73344],[120.59521,23.73355]]}},{"type":"Feature","properties":{"id":"0000301150060P","name":""},"geometry":{"type":"LineString","coordinates":[[120.59521,23.73355],[120.59381,23.73538],[120.59242,23.73805]]}},{"type":"Feature","properties":{"id":"0000301151000P","name":""},"geometry":{"type":"LineString","coordinates":[[120.57266,23.66096],[120.57412,23.66356],[120.57421,23.66419],[120.57404,23.66477],[120.57342,23.6654],[120.57272,23.66563],[120.57039,23.66522]]}},{"type":"Feature","properties":{"id":"0000301151010P","name":""},"geometry":{"type":"LineString","coordinates":[[120.57037,23.66514],[120.5727,23.66522],[120.57492,23.66598],[120.5755,23.66656],[120.57689,23.66889],[120.5789,23.67082],[120.5803,23.67182]]}},{"type":"Feature","properties":{"id":"0000301152000P","name":""},"geometry":{"type":"LineString","coordinates":[[120.57845,23.66948],[120.57864,23.67009]]}},{"type":"Feature","properties":{"id":"0000301152010P","name":""},"geometry":{"type":"LineString","coordinates":[[120.57824,23.66984],[120.57864,23.67009]]}},{"type":"Feature","properties":{"id":"0000301152050P","name":""},"geometry":{"type":"LineString","coordinates":[[120.5733,23.6459],[120.57382,23.64646]]}},{"type":"Feature","properties":{"id":"0000301153020Q","name":""},"geometry":{"type":"LineString","coordinates":[[120.52322,23.59477],[120.5234,23.59528]]}},{"type":"Feature","properties":{"id":"0000301153030Q","name":""},"geometry":{"type":"LineString","coordinates":[[120.52394,23.5952],[120.52373,23.59554],[120.52384,23.59613]]}},{"type":"Feature","properties":{"id":"0000301153050Q","name":""},"geometry":{"type":"LineString","coordinates":[[120.52384,23.59613],[120.52546,23.59997]]}},{"type":"Feature","properties":{"id":"0000301154000Q","name":""},"geometry":{"type":"LineString","coordinates":[[120.48523,23.5214],[120.48547,23.52457],[120.48621,23.52721]]}},{"type":"Feature","properties":{"id":"0000301154010Q","name":""},"geometry":{"type":"LineString","coordinates":[[120.49405,23.49569],[120.49371,23.49877],[120.49305,23.501]]}},{"type":"Feature","properties":{"id":"0000301155010Q","name":""},"geometry":{"type":"LineString","coordinates":[[120.48419,23.44843],[120.48506,23.45014],[120.48591,23.45046]]}},{"type":"Feature","properties":{"id":"0000301155020Q","name":""},"geometry":{"type":"LineString","coordinates":[[120.48419,23.44843],[120.48462,23.44978],[120.48542,23.4513],[120.48587,23.45167],[120.48653,23.45162],[120.48676,23.45134],[120.48671,23.45097],[120.48594,23.45059]]}},{"type":"Feature","properties":{"id":"0000301155030Q","name":""},"geometry":{"type":"LineString","coordinates":[[120.48721,23.45031],[120.48697,23.45063],[120.48694,23.4512]]}},{"type":"Feature","properties":{"id":"0000301155050Q","name":""},"geometry":{"type":"LineString","coordinates":[[120.48694,23.4512],[120.48664,23.45279],[120.48704,23.45406]]}},{"type":"Feature","properties":{"id":"0000301156000Q","name":""},"geometry":{"type":"LineString","coordinates":[[120.46674,23.42685],[120.46883,23.42827],[120.46906,23.42876],[120.46898,23.42942],[120.46827,23.43005],[120.46619,23.43005],[120.46515,23.43057]]}},{"type":"Feature","properties":{"id":"0000301157010D","name":""},"geometry":{"type":"LineString","coordinates":[[120.43983,23.34603],[120.44025,23.347],[120.44126,23.34723]]}},{"type":"Feature","properties":{"id":"0000301157030D","name":""},"geometry":{"type":"LineString","coordinates":[[120.44126,23.34733],[120.44027,23.34752],[120.43993,23.34824]]}},{"type":"Feature","properties":{"id":"0000301157050D","name":""},"geometry":{"type":"LineString","coordinates":[[120.43993,23.34824],[120.43908,23.35216]]}},{"type":"Feature","properties":{"id":"0000301158010D","name":""},"geometry":{"type":"LineString","coordinates":[[120.37874,23.27011],[120.37919,23.27023],[120.3796,23.26978]]}},{"type":"Feature","properties":{"id":"0000301158020D","name":""},"geometry":{"type":"LineString","coordinates":[[120.37874,23.27011],[120.37909,23.27057]]}},{"type":"Feature","properties":{"id":"0000301158040D","name":""},"geometry":{"type":"LineString","coordinates":[[120.37917,23.2707],[120.37961,23.27116]]}},{"type":"Feature","properties":{"id":"0000301158050D","name":""},"geometry":{"type":"LineString","coordinates":[[120.3797,23.26978],[120.37944,23.27069],[120.37961,23.27116]]}},{"type":"Feature","properties":{"id":"0000301159030D","name":""},"geometry":{"type":"LineString","coordinates":[[120.35678,23.21264],[120.35642,23.21286],[120.35635,23.21324]]}},{"type":"Feature","properties":{"id":"0000301159050D","name":""},"geometry":{"type":"LineString","coordinates":[[120.35635,23.21324],[120.35738,23.21747]]}},{"type":"Feature","properties":{"id":"0000301160010D","name":""},"geometry":{"type":"LineString","coordinates":[[120.35151,23.16373],[120.35214,23.1645],[120.35351,23.16526],[120.35446,23.16644],[120.35545,23.16692]]}},{"type":"Feature","properties":{"id":"0000301160070D","name":""},"geometry":{"type":"LineString","coordinates":[[120.3531,23.1678],[120.3536,23.16823],[120.3542,23.16804],[120.35424,23.16748],[120.35367,23.1671]]}},{"type":"Feature","properties":{"id":"0000301160080D","name":""},"geometry":{"type":"LineString","coordinates":[[120.3531,23.1678],[120.35361,23.16901],[120.35382,23.17015]]}},{"type":"Feature","properties":{"id":"0000301160110D","name":""},"geometry":{"type":"LineString","coordinates":[[120.35567,23.1675],[120.35487,23.16765],[120.35416,23.16831],[120.35387,23.16904],[120.35382,23.17015]]}},{"type":"Feature","properties":{"id":"0000301161000D","name":""},"geometry":{"type":"LineString","coordinates":[[120.32984,23.11957],[120.33203,23.1231]]}},{"type":"Feature","properties":{"id":"0000301161010D","name":""},"geometry":{"type":"LineString","coordinates":[[120.33203,23.1231],[120.3326,23.12334]]}},{"type":"Feature","properties":{"id":"0000301161030D","name":""},"geometry":{"type":"LineString","coordinates":[[120.33263,23.12344],[120.33232,23.1239]]}},{"type":"Feature","properties":{"id":"0000301161050D","name":""},"geometry":{"type":"LineString","coordinates":[[120.33232,23.1239],[120.33331,23.12911]]}},{"type":"Feature","properties":{"id":"0000301162010D","name":""},"geometry":{"type":"LineString","coordinates":[[120.32251,23.05948],[120.32391,23.06197],[120.32488,23.06297],[120.32635,23.06346],[120.32811,23.06315]]}},{"type":"Feature","properties":{"id":"0000301162060D","name":""},"geometry":{"type":"LineString","coordinates":[[120.32688,23.06401],[120.32579,23.06456],[120.32536,23.06512],[120.32524,23.06594],[120.3256,23.06728]]}},{"type":"Feature","properties":{"id":"0000301163000D","name":""},"geometry":{"type":"LineString","coordinates":[[120.32869,22.97378],[120.32772,22.97472],[120.32712,22.97631],[120.32643,22.97683],[120.3248,22.97703],[120.32195,22.97651]]}},{"type":"Feature","properties":{"id":"0000301163040D","name":""},"geometry":{"type":"LineString","coordinates":[[120.3226,22.97658],[120.32544,22.97697],[120.32652,22.97671],[120.32684,22.97628],[120.32674,22.97592],[120.32642,22.97572],[120.32554,22.97605]]}},{"type":"Feature","properties":{"id":"0000301164000E","name":""},"geometry":{"type":"LineString","coordinates":[[120.36079,22.87739],[120.36092,22.87849],[120.3613,22.87955]]}},{"type":"Feature","properties":{"id":"0000301164010E","name":""},"geometry":{"type":"LineString","coordinates":[[120.3613,22.87955],[120.36178,22.88003],[120.36259,22.87992]]}},{"type":"Feature","properties":{"id":"0000301164030E","name":""},"geometry":{"type":"LineString","coordinates":[[120.3626,22.88002],[120.36177,22.88038],[120.36146,22.88101]]}},{"type":"Feature","properties":{"id":"0000301164050E","name":""},"geometry":{"type":"LineString","coordinates":[[120.36146,22.88101],[120.36096,22.88274],[120.36084,22.88438]]}},{"type":"Feature","properties":{"id":"0000301165020E","name":""},"geometry":{"type":"LineString","coordinates":[[120.42702,22.78426],[120.4264,22.78551],[120.42615,22.78655],[120.4263,22.78741],[120.42681,22.78765],[120.42718,22.78742],[120.42724,22.787],[120.42649,22.78544]]}},{"type":"Feature","properties":{"id":"0000301165050E","name":""},"geometry":{"type":"LineString","coordinates":[[120.42791,22.78843],[120.42711,22.78838],[120.42639,22.78882],[120.42612,22.78944],[120.42594,22.79092]]}},{"type":"Feature","properties":{"id":"0000301166000T","name":""},"geometry":{"type":"LineString","coordinates":[[120.49589,22.75069],[120.49499,22.75201],[120.49501,22.75485],[120.49463,22.75504],[120.49228,22.75512]]}},{"type":"Feature","properties":{"id":"0000301166010T","name":""},"geometry":{"type":"LineString","coordinates":[[120.49228,22.75512],[120.49193,22.75551]]}},{"type":"Feature","properties":{"id":"0000301166050T","name":""},"geometry":{"type":"LineString","coordinates":[[120.49225,22.75507],[120.49461,22.75498],[120.49496,22.75478],[120.49505,22.75445],[120.49484,22.75329],[120.49432,22.75278],[120.49354,22.75268],[120.49224,22.75328]]}},{"type":"Feature","properties":{"id":"0000301167000T","name":""},"geometry":{"type":"LineString","coordinates":[[120.52816,22.71646],[120.52513,22.7203]]}},{"type":"Feature","properties":{"id":"0000301168010T","name":""},"geometry":{"type":"LineString","coordinates":[[120.5611,22.6896],[120.55949,22.69235],[120.55677,22.69537]]}},{"type":"Feature","properties":{"id":"0000301169020T","name":""},"geometry":{"type":"LineString","coordinates":[[120.53637,22.63522],[120.53672,22.63603]]}},{"type":"Feature","properties":{"id":"0000301170010T","name":""},"geometry":{"type":"LineString","coordinates":[[120.52839,22.56735],[120.5289,22.56944],[120.52948,22.5703],[120.53056,22.57094],[120.53227,22.57117]]}},{"type":"Feature","properties":{"id":"0000301170020T","name":""},"geometry":{"type":"LineString","coordinates":[[120.52839,22.56735],[120.52857,22.56977],[120.52793,22.57097],[120.52726,22.5714],[120.52627,22.57158],[120.52422,22.57095]]}},{"type":"Feature","properties":{"id":"0000301170050T","name":""},"geometry":{"type":"LineString","coordinates":[[120.53089,22.57181],[120.52971,22.57211],[120.52904,22.57251],[120.52796,22.57416]]}},{"type":"Feature","properties":{"id":"0000301170060T","name":""},"geometry":{"type":"LineString","coordinates":[[120.52522,22.5707],[120.52886,22.57134],[120.52945,22.57106],[120.5294,22.57047],[120.52884,22.57029],[120.5284,22.57071],[120.52831,22.57301],[120.52796,22.57416]]}},{"type":"Feature","properties":{"id":"0000301170070T","name":""},"geometry":{"type":"LineString","coordinates":[[120.52796,22.57416],[120.52712,22.57667]]}},{"type":"Feature","properties":{"id":"0000301171000T","name":""},"geometry":{"type":"LineString","coordinates":[[120.52495,22.51426],[120.52445,22.51784],[120.52381,22.52002]]}},{"type":"Feature","properties":{"id":"0000301172000T","name":""},"geometry":{"type":"LineString","coordinates":[[120.53111,22.48615],[120.53085,22.4884]]}},{"type":"Feature","properties":{"id":"0000301172020T","name":""},"geometry":{"type":"LineString","coordinates":[[120.53085,22.4884],[120.53054,22.48966]]}},{"type":"Feature","properties":{"id":"0000301172030T","name":""},"geometry":{"type":"LineString","coordinates":[[120.53032,22.49215],[120.5299,22.49222],[120.52965,22.49253]]}},{"type":"Feature","properties":{"id":"0000301172050T","name":""},"geometry":{"type":"LineString","coordinates":[[120.52965,22.49253],[120.5282,22.49522]]}},{"type":"Feature","properties":{"id":"0000301173000T","name":""},"geometry":{"type":"LineString","coordinates":[[120.50655,22.4446],[120.50633,22.44509],[120.50641,22.44553]]}},{"type":"Feature","properties":{"id":"0000301173020T","name":""},"geometry":{"type":"LineString","coordinates":[[120.50641,22.44553],[120.50921,22.44789]]}},{"type":"Feature","properties":{"id":"0000301173030T","name":""},"geometry":{"type":"LineString","coordinates":[[120.50316,22.44297],[120.50921,22.44789]]}},{"type":"Feature","properties":{"id":"0000301175000H","name":""},"geometry":{"type":"LineString","coordinates":[[121.19999,24.82463],[121.2001,24.8308]]}},{"type":"Feature","properties":{"id":"0000301175010H","name":""},"geometry":{"type":"LineString","coordinates":[[121.2001,24.8308],[121.20035,24.83106],[121.2008,24.83112]]}},{"type":"Feature","properties":{"id":"0000301175020H","name":""},"geometry":{"type":"LineString","coordinates":[[121.2001,24.8308],[121.20003,24.83127]]}},{"type":"Feature","properties":{"id":"0000301175030H","name":""},"geometry":{"type":"LineString","coordinates":[[121.20038,24.83151],[121.20006,24.83196]]}},{"type":"Feature","properties":{"id":"0000301175040H","name":""},"geometry":{"type":"LineString","coordinates":[[121.20003,24.83127],[121.20006,24.83196]]}},{"type":"Feature","properties":{"id":"0000301175050H","name":""},"geometry":{"type":"LineString","coordinates":[[121.20006,24.83196],[121.19994,24.83343],[121.19957,24.83471],[121.19916,24.83949]]}},{"type":"Feature","properties":{"id":"0000301180000A","name":""},"geometry":{"type":"LineString","coordinates":[[121.56916,24.97629],[121.57005,24.97603],[121.57182,24.976]]}},{"type":"Feature","properties":{"id":"0000301181000J","name":""},"geometry":{"type":"LineString","coordinates":[[121.19296,24.79859],[121.19571,24.80029],[121.19767,24.80075],[121.19823,24.80131],[121.19823,24.80217],[121.19746,24.80304],[121.19656,24.80336],[121.1954,24.80323]]}},{"type":"Feature","properties":{"id":"0000301181010J","name":""},"geometry":{"type":"LineString","coordinates":[[121.19493,24.80283],[121.19553,24.80317],[121.19636,24.8033],[121.19757,24.80286],[121.19811,24.80224],[121.19824,24.80163],[121.198,24.8011],[121.19751,24.80088],[121.19712,24.80105],[121.19697,24.80143],[121.19769,24.80272]]}},{"type":"Feature","properties":{"id":"0000301183000K","name":""},"geometry":{"type":"LineString","coordinates":[[120.76096,24.56667],[120.76123,24.56733],[120.76169,24.57018]]}},{"type":"Feature","properties":{"id":"0000301183010K","name":""},"geometry":{"type":"LineString","coordinates":[[120.75709,24.56071],[120.75944,24.56351]]}},{"type":"Feature","properties":{"id":"0000301184000B","name":""},"geometry":{"type":"LineString","coordinates":[[120.59549,24.2771],[120.597,24.27822],[120.59794,24.27841],[120.59919,24.27827]]}},{"type":"Feature","properties":{"id":"0000301184010B","name":""},"geometry":{"type":"LineString","coordinates":[[120.59884,24.27846],[120.59834,24.27892],[120.59829,24.27961],[120.5995,24.28226]]}},{"type":"Feature","properties":{"id":"0000301185000M","name":""},"geometry":{"type":"LineString","coordinates":[[120.70816,23.90148],[120.70657,23.90176],[120.70495,23.90303]]}},{"type":"Feature","properties":{"id":"0000301185010M","name":""},"geometry":{"type":"LineString","coordinates":[[120.70963,23.89857],[120.70868,23.90047],[120.7089,23.90118]]}},{"type":"Feature","properties":{"id":"0000301186000P","name":""},"geometry":{"type":"LineString","coordinates":[[120.53753,23.6088],[120.54055,23.60909],[120.54125,23.60876],[120.54177,23.60818]]}},{"type":"Feature","properties":{"id":"0000301186010P","name":""},"geometry":{"type":"LineString","coordinates":[[120.54184,23.60847],[120.54184,23.60913],[120.5421,23.60952],[120.5439,23.61058]]}},{"type":"Feature","properties":{"id":"0000301187010D","name":""},"geometry":{"type":"LineString","coordinates":[[120.39986,23.28846],[120.39878,23.28936],[120.39868,23.28988],[120.39892,23.29065]]}},{"type":"Feature","properties":{"id":"0000301188000D","name":""},"geometry":{"type":"LineString","coordinates":[[120.32745,23.02814],[120.32775,23.02969],[120.32778,23.03131],[120.32728,23.03393]]}},{"type":"Feature","properties":{"id":"0000301189000D","name":""},"geometry":{"type":"LineString","coordinates":[[120.35197,22.93241],[120.35176,22.93337]]}},{"type":"Feature","properties":{"id":"0000310000000A","name":"國道3甲(台北端到萬芳)"},"geometry":{"type":"LineString","coordinates":[[121.54898,25.01691],[121.5525,25.0146],[121.5539,25.01407],[121.555,25.01388]]}},{"type":"Feature","properties":{"id":"0000310000070A","name":"國道3甲(台北端到萬芳)"},"geometry":{"type":"LineString","coordinates":[[121.555,25.01388],[121.5569,25.01392]]}},{"type":"Feature","properties":{"id":"0000310000090A","name":"國道3甲(台北端到萬芳)"},"geometry":{"type":"LineString","coordinates":[[121.5569,25.01392],[121.55812,25.01398]]}},{"type":"Feature","properties":{"id":"0000310000100A","name":"國道3甲(台北端到萬芳)"},"geometry":{"type":"LineString","coordinates":[[121.55812,25.01398],[121.55971,25.01378],[121.5609,25.01322],[121.56377,25.01028],[121.56494,25.00955],[121.56608,25.00911]]}},{"type":"Feature","properties":{"id":"0000310000210A","name":"國道3甲(台北端到萬芳)"},"geometry":{"type":"LineString","coordinates":[[121.56608,25.00911],[121.57373,25.00719]]}},{"type":"Feature","properties":{"id":"0000310000290A","name":"國道3甲(台北端到萬芳)"},"geometry":{"type":"LineString","coordinates":[[121.57373,25.00719],[121.57564,25.00666]]}},{"type":"Feature","properties":{"id":"0000310000300A","name":"國道3甲(台北端到萬芳)"},"geometry":{"type":"LineString","coordinates":[[121.57564,25.00666],[121.57685,25.0061]]}},{"type":"Feature","properties":{"id":"0000310000320A","name":"國道3甲(台北端到萬芳)"},"geometry":{"type":"LineString","coordinates":[[121.57685,25.0061],[121.57889,25.00482],[121.58016,25.00439]]}},{"type":"Feature","properties":{"id":"0000310000360A","name":"國道3甲(萬芳到木柵)"},"geometry":{"type":"LineString","coordinates":[[121.58016,25.00439],[121.58476,25.00406]]}},{"type":"Feature","properties":{"id":"0000310000400A","name":"國道3甲(萬芳到木柵)"},"geometry":{"type":"LineString","coordinates":[[121.58476,25.00406],[121.5858,25.00388]]}},{"type":"Feature","properties":{"id":"0000310000410A","name":"國道3甲(萬芳到木柵)"},"geometry":{"type":"LineString","coordinates":[[121.5858,25.00388],[121.59215,25.00233]]}},{"type":"Feature","properties":{"id":"0000310000480A","name":"國道3甲(萬芳到木柵)"},"geometry":{"type":"LineString","coordinates":[[121.59215,25.00233],[121.59389,25.00203]]}},{"type":"Feature","properties":{"id":"0000310000500A","name":"國道3甲(木柵到深坑端)"},"geometry":{"type":"LineString","coordinates":[[121.59389,25.00203],[121.59734,25.00177]]}},{"type":"Feature","properties":{"id":"0000310000540A","name":"國道3甲(木柵到深坑端)"},"geometry":{"type":"LineString","coordinates":[[121.59734,25.00177],[121.59926,25.00189]]}},{"type":"Feature","properties":{"id":"0000310000550A","name":"國道3甲(木柵到深坑端)"},"geometry":{"type":"LineString","coordinates":[[121.59926,25.00189],[121.59996,25.00199]]}},{"type":"Feature","properties":{"id":"0000310100000A","name":"國道3甲(萬芳到台北端)"},"geometry":{"type":"LineString","coordinates":[[121.55483,25.01412],[121.55365,25.01428],[121.55259,25.01467],[121.54905,25.01702]]}},{"type":"Feature","properties":{"id":"0000310100070A","name":"國道3甲(萬芳到台北端)"},"geometry":{"type":"LineString","coordinates":[[121.55692,25.01421],[121.55483,25.01412]]}},{"type":"Feature","properties":{"id":"0000310100090A","name":"國道3甲(萬芳到台北端)"},"geometry":{"type":"LineString","coordinates":[[121.55811,25.01425],[121.55692,25.01421]]}},{"type":"Feature","properties":{"id":"0000310100100A","name":"國道3甲(萬芳到台北端)"},"geometry":{"type":"LineString","coordinates":[[121.56604,25.0094],[121.56459,25.00994],[121.5636,25.01058],[121.56092,25.01339],[121.55961,25.01401],[121.55811,25.01425]]}},{"type":"Feature","properties":{"id":"0000310100200A","name":"國道3甲(萬芳到台北端)"},"geometry":{"type":"LineString","coordinates":[[121.57356,25.00752],[121.56604,25.0094]]}},{"type":"Feature","properties":{"id":"0000310100280A","name":"國道3甲(萬芳到台北端)"},"geometry":{"type":"LineString","coordinates":[[121.57529,25.00706],[121.57356,25.00752]]}},{"type":"Feature","properties":{"id":"0000310100300A","name":"國道3甲(木柵到萬芳)"},"geometry":{"type":"LineString","coordinates":[[121.58476,25.00414],[121.57971,25.0046],[121.57863,25.00505],[121.57529,25.00706]]}},{"type":"Feature","properties":{"id":"0000310100400A","name":"國道3甲(木柵到萬芳)"},"geometry":{"type":"LineString","coordinates":[[121.58582,25.00399],[121.58476,25.00414]]}},{"type":"Feature","properties":{"id":"0000310100410A","name":"國道3甲(木柵到萬芳)"},"geometry":{"type":"LineString","coordinates":[[121.59039,25.00284],[121.58582,25.00399]]}},{"type":"Feature","properties":{"id":"0000310100460A","name":"國道3甲(木柵到萬芳)"},"geometry":{"type":"LineString","coordinates":[[121.59217,25.00243],[121.59039,25.00284]]}},{"type":"Feature","properties":{"id":"0000310100480A","name":"國道3甲(木柵到萬芳)"},"geometry":{"type":"LineString","coordinates":[[121.59391,25.00213],[121.59217,25.00243]]}},{"type":"Feature","properties":{"id":"0000310100500A","name":"國道3甲(深坑端到木柵)"},"geometry":{"type":"LineString","coordinates":[[121.59737,25.00187],[121.59391,25.00213]]}},{"type":"Feature","properties":{"id":"0000310100540A","name":"國道3甲(深坑端到木柵)"},"geometry":{"type":"LineString","coordinates":[[121.59881,25.00195],[121.59737,25.00187]]}},{"type":"Feature","properties":{"id":"0000310100550A","name":"國道3甲(深坑端到木柵)"},"geometry":{"type":"LineString","coordinates":[[121.59993,25.00206],[121.59881,25.00195]]}},{"type":"Feature","properties":{"id":"0000311002000A","name":""},"geometry":{"type":"LineString","coordinates":[[121.57685,25.0061],[121.57785,25.00501],[121.57846,25.00348]]}},{"type":"Feature","properties":{"id":"0000311002030A","name":""},"geometry":{"type":"LineString","coordinates":[[121.58003,25.00372],[121.5792,25.00325],[121.57876,25.00344],[121.57861,25.00392],[121.57909,25.00437],[121.58016,25.00439]]}},{"type":"Feature","properties":{"id":"0000311002050A","name":""},"geometry":{"type":"LineString","coordinates":[[121.58038,25.0034],[121.58127,25.00388],[121.5824,25.00409],[121.5858,25.00388]]}},{"type":"Feature","properties":{"id":"0000311003000A","name":""},"geometry":{"type":"LineString","coordinates":[[121.59215,25.00233],[121.59344,25.00192],[121.59409,25.0011]]}},{"type":"Feature","properties":{"id":"0000311003030A","name":""},"geometry":{"type":"LineString","coordinates":[[121.59352,24.99436],[121.59436,24.9962],[121.59636,24.99834],[121.59713,24.99979]]}},{"type":"Feature","properties":{"id":"0000311003040A","name":""},"geometry":{"type":"LineString","coordinates":[[121.59713,24.99979],[121.59774,25.00137],[121.59816,25.00165],[121.59926,25.00189]]}},{"type":"Feature","properties":{"id":"0000311102000A","name":""},"geometry":{"type":"LineString","coordinates":[[121.58582,25.00399],[121.5828,25.00446]]}},{"type":"Feature","properties":{"id":"0000311102020A","name":""},"geometry":{"type":"LineString","coordinates":[[121.5828,25.00446],[121.58044,25.00454],[121.57912,25.00493],[121.57833,25.0055],[121.57821,25.00596],[121.57838,25.00635],[121.57903,25.00666],[121.58014,25.00636],[121.58064,25.00566],[121.58057,25.0046]]}},{"type":"Feature","properties":{"id":"0000311102030A","name":""},"geometry":{"type":"LineString","coordinates":[[121.58121,25.00772],[121.58104,25.00719],[121.5807,25.00693],[121.57873,25.00682]]}},{"type":"Feature","properties":{"id":"0000311102040A","name":""},"geometry":{"type":"LineString","coordinates":[[121.58038,25.0034],[121.58122,25.00443],[121.58117,25.00567],[121.58025,25.00658],[121.57873,25.00682]]}},{"type":"Feature","properties":{"id":"0000311103000A","name":""},"geometry":{"type":"LineString","coordinates":[[121.59881,25.00195],[121.59783,25.00205],[121.59677,25.00291]]}},{"type":"Feature","properties":{"id":"0000311103020A","name":""},"geometry":{"type":"LineString","coordinates":[[121.59677,25.00291],[121.59611,25.00373],[121.59592,25.00447]]}},{"type":"Feature","properties":{"id":"0000311103050A","name":""},"geometry":{"type":"LineString","coordinates":[[121.59445,25.00291],[121.59346,25.00235],[121.59217,25.00243]]}},{"type":"Feature","properties":{"id":"0000400000110B","name":"國道4號(清水端到中港系統)"},"geometry":{"type":"LineString","coordinates":[[120.59348,24.30492],[120.59829,24.30604],[120.60316,24.30682]]}},{"type":"Feature","properties":{"id":"0000400000200B","name":"國道4號(中港系統到神岡)"},"geometry":{"type":"LineString","coordinates":[[120.60316,24.30682],[120.60821,24.30725]]}},{"type":"Feature","properties":{"id":"0000400000250B","name":"國道4號(中港系統到神岡)"},"geometry":{"type":"LineString","coordinates":[[120.60821,24.30725],[120.61404,24.3074]]}},{"type":"Feature","properties":{"id":"0000400000310B","name":"國道4號(中港系統到神岡)"},"geometry":{"type":"LineString","coordinates":[[120.61404,24.3074],[120.6194,24.30706],[120.6233,24.30634]]}},{"type":"Feature","properties":{"id":"0000400000400B","name":"國道4號(中港系統到神岡)"},"geometry":{"type":"LineString","coordinates":[[120.6233,24.30634],[120.6278,24.30497],[120.63245,24.30294]]}},{"type":"Feature","properties":{"id":"0000400000500B","name":"國道4號(中港系統到神岡)"},"geometry":{"type":"LineString","coordinates":[[120.63245,24.30294],[120.63753,24.30028],[120.64139,24.29787]]}},{"type":"Feature","properties":{"id":"0000400000600B","name":"國道4號(中港系統到神岡)"},"geometry":{"type":"LineString","coordinates":[[120.64139,24.29787],[120.64651,24.29344],[120.64969,24.29113]]}},{"type":"Feature","properties":{"id":"0000400000700B","name":"國道4號(中港系統到神岡)"},"geometry":{"type":"LineString","coordinates":[[120.64969,24.29113],[120.65851,24.28607]]}},{"type":"Feature","properties":{"id":"0000400000800B","name":"國道4號(神岡到台中系統)"},"geometry":{"type":"LineString","coordinates":[[120.65851,24.28607],[120.66374,24.2827],[120.66694,24.28011]]}},{"type":"Feature","properties":{"id":"0000400000910B","name":"國道4號(神岡到台中系統)"},"geometry":{"type":"LineString","coordinates":[[120.66694,24.28011],[120.67025,24.27702]]}},{"type":"Feature","properties":{"id":"0000400000955B","name":"國道4號(神岡到台中系統)"},"geometry":{"type":"LineString","coordinates":[[120.67025,24.27702],[120.67205,24.27533]]}},{"type":"Feature","properties":{"id":"0000400000980B","name":"國道4號(神岡到台中系統)"},"geometry":{"type":"LineString","coordinates":[[120.67205,24.27533],[120.67395,24.27369]]}},{"type":"Feature","properties":{"id":"0000400001000B","name":"國道4號(神岡到台中系統)"},"geometry":{"type":"LineString","coordinates":[[120.67395,24.27369],[120.67589,24.27237],[120.67832,24.27121],[120.68044,24.27058],[120.68324,24.27017]]}},{"type":"Feature","properties":{"id":"0000400001100B","name":"國道4號(神岡到台中系統)"},"geometry":{"type":"LineString","coordinates":[[120.68324,24.27017],[120.68804,24.27008]]}},{"type":"Feature","properties":{"id":"0000400001150B","name":"國道4號(台中系統到后豐)"},"geometry":{"type":"LineString","coordinates":[[120.68804,24.27008],[120.69347,24.27072]]}},{"type":"Feature","properties":{"id":"0000400001200B","name":"國道4號(台中系統到后豐)"},"geometry":{"type":"LineString","coordinates":[[120.69347,24.27072],[120.69807,24.27192]]}},{"type":"Feature","properties":{"id":"0000400001250B","name":"國道4號(台中系統到后豐)"},"geometry":{"type":"LineString","coordinates":[[120.69807,24.27192],[120.70308,24.27398]]}},{"type":"Feature","properties":{"id":"0000400001300B","name":"國道4號(台中系統到后豐)"},"geometry":{"type":"LineString","coordinates":[[120.70308,24.27398],[120.70788,24.27613],[120.71265,24.27747]]}},{"type":"Feature","properties":{"id":"0000400001400B","name":"國道4號(后豐到豐勢)"},"geometry":{"type":"LineString","coordinates":[[120.71265,24.27747],[120.71739,24.27802]]}},{"type":"Feature","properties":{"id":"0000400001450B","name":"國道4號(后豐到豐勢)"},"geometry":{"type":"LineString","coordinates":[[120.71739,24.27802],[120.71999,24.27801],[120.72295,24.27772]]}},{"type":"Feature","properties":{"id":"0000400001500B","name":"國道4號(后豐到豐勢)"},"geometry":{"type":"LineString","coordinates":[[120.72295,24.27772],[120.72759,24.2766],[120.73262,24.27447]]}},{"type":"Feature","properties":{"id":"0000400001600B","name":"國道4號(后豐到豐勢)"},"geometry":{"type":"LineString","coordinates":[[120.73262,24.27447],[120.73711,24.27249],[120.74025,24.27144]]}},{"type":"Feature","properties":{"id":"0000400001685B","name":"國道4號(后豐到豐勢)"},"geometry":{"type":"LineString","coordinates":[[120.74025,24.27144],[120.74204,24.27094]]}},{"type":"Feature","properties":{"id":"0000400001700B","name":"國道4號(后豐到豐勢)"},"geometry":{"type":"LineString","coordinates":[[120.74204,24.27094],[120.74412,24.27039]]}},{"type":"Feature","properties":{"id":"0000400001730B","name":"國道4號(后豐到豐勢)"},"geometry":{"type":"LineString","coordinates":[[120.74412,24.27039],[120.74568,24.26996]]}},{"type":"Feature","properties":{"id":"0000400001760B","name":"國道4號(豐勢到潭子)"},"geometry":{"type":"LineString","coordinates":[[120.74568,24.26996],[120.74916,24.26872],[120.75255,24.26677]]}},{"type":"Feature","properties":{"id":"0000400001839B","name":"國道4號(豐勢到潭子)"},"geometry":{"type":"LineString","coordinates":[[120.75255,24.26677],[120.75395,24.26543],[120.75514,24.2637],[120.75586,24.26191],[120.7562,24.25991],[120.75608,24.2579],[120.75553,24.25602],[120.75447,24.25414],[120.75297,24.25248]]}},{"type":"Feature","properties":{"id":"0000400002017B","name":"國道4號(豐勢到潭子)"},"geometry":{"type":"LineString","coordinates":[[120.75297,24.25248],[120.75129,24.25107]]}},{"type":"Feature","properties":{"id":"0000400002040B","name":"國道4號(豐勢到潭子)"},"geometry":{"type":"LineString","coordinates":[[120.75129,24.25107],[120.74836,24.24819]]}},{"type":"Feature","properties":{"id":"0000400002084B","name":"國道4號(豐勢到潭子)"},"geometry":{"type":"LineString","coordinates":[[120.74836,24.24819],[120.74769,24.24729]]}},{"type":"Feature","properties":{"id":"0000400002096B","name":"國道4號(豐勢到潭子)"},"geometry":{"type":"LineString","coordinates":[[120.74769,24.24729],[120.74579,24.24432],[120.74407,24.24239],[120.74223,24.24098],[120.7393,24.23924],[120.73676,24.23741]]}},{"type":"Feature","properties":{"id":"0000400002254B","name":"國道4號(豐勢到潭子)"},"geometry":{"type":"LineString","coordinates":[[120.73676,24.23741],[120.73455,24.23522],[120.7333,24.23358],[120.73275,24.23231],[120.73236,24.22967]]}},{"type":"Feature","properties":{"id":"0000400002354B","name":"國道4號(豐勢到潭子)"},"geometry":{"type":"LineString","coordinates":[[120.73236,24.22967],[120.73174,24.22419],[120.73098,24.22253],[120.72977,24.22124]]}},{"type":"Feature","properties":{"id":"0000400002454B","name":"國道4號(豐勢到潭子)"},"geometry":{"type":"LineString","coordinates":[[120.72977,24.22124],[120.7288,24.22071],[120.72773,24.22047],[120.72663,24.2205],[120.72398,24.22101],[120.72265,24.22098],[120.72129,24.22049],[120.71984,24.21928]]}},{"type":"Feature","properties":{"id":"0000400002600B","name":"國道4號(潭子到潭子系統)"},"geometry":{"type":"LineString","coordinates":[[120.71984,24.21928],[120.71833,24.21712],[120.71729,24.21423],[120.71681,24.2112],[120.71696,24.20782]]}},{"type":"Feature","properties":{"id":"0000400002734B","name":"國道4號(潭子到潭子系統)"},"geometry":{"type":"LineString","coordinates":[[120.71696,24.20782],[120.71714,24.20638],[120.71705,24.20509],[120.71624,24.20313]]}},{"type":"Feature","properties":{"id":"0000400100110B","name":"國道4號(中港系統到清水端)"},"geometry":{"type":"LineString","coordinates":[[120.6029,24.30687],[120.59828,24.30614],[120.5932,24.30497]]}},{"type":"Feature","properties":{"id":"0000400100200B","name":"國道4號(神岡到中港系統)"},"geometry":{"type":"LineString","coordinates":[[120.60708,24.30732],[120.6029,24.30687]]}},{"type":"Feature","properties":{"id":"0000400100250B","name":"國道4號(神岡到中港系統)"},"geometry":{"type":"LineString","coordinates":[[120.61327,24.30754],[120.60708,24.30732]]}},{"type":"Feature","properties":{"id":"0000400100310B","name":"國道4號(神岡到中港系統)"},"geometry":{"type":"LineString","coordinates":[[120.61521,24.30747],[120.61327,24.30754]]}},{"type":"Feature","properties":{"id":"0000400100320B","name":"國道4號(神岡到中港系統)"},"geometry":{"type":"LineString","coordinates":[[120.62086,24.30697],[120.61521,24.30747]]}},{"type":"Feature","properties":{"id":"0000400100380B","name":"國道4號(神岡到中港系統)"},"geometry":{"type":"LineString","coordinates":[[120.62372,24.30637],[120.62086,24.30697]]}},{"type":"Feature","properties":{"id":"0000400100400B","name":"國道4號(神岡到中港系統)"},"geometry":{"type":"LineString","coordinates":[[120.6323,24.30315],[120.62785,24.30509],[120.62372,24.30637]]}},{"type":"Feature","properties":{"id":"0000400100500B","name":"國道4號(神岡到中港系統)"},"geometry":{"type":"LineString","coordinates":[[120.64127,24.29812],[120.63632,24.3011],[120.6323,24.30315]]}},{"type":"Feature","properties":{"id":"0000400100600B","name":"國道4號(神岡到中港系統)"},"geometry":{"type":"LineString","coordinates":[[120.6496,24.29135],[120.64651,24.29361],[120.64127,24.29812]]}},{"type":"Feature","properties":{"id":"0000400100700B","name":"國道4號(神岡到中港系統)"},"geometry":{"type":"LineString","coordinates":[[120.65842,24.2863],[120.6496,24.29135]]}},{"type":"Feature","properties":{"id":"0000400100800B","name":"國道4號(神岡到中港系統)"},"geometry":{"type":"LineString","coordinates":[[120.66532,24.2817],[120.66206,24.28405],[120.65842,24.2863]]}},{"type":"Feature","properties":{"id":"0000400100890B","name":"國道4號(台中系統到神岡)"},"geometry":{"type":"LineString","coordinates":[[120.66663,24.28059],[120.66532,24.2817]]}},{"type":"Feature","properties":{"id":"0000400100900B","name":"國道4號(台中系統到神岡)"},"geometry":{"type":"LineString","coordinates":[[120.67271,24.27492],[120.66663,24.28059]]}},{"type":"Feature","properties":{"id":"0000400100990B","name":"國道4號(台中系統到神岡)"},"geometry":{"type":"LineString","coordinates":[[120.67392,24.27391],[120.67271,24.27492]]}},{"type":"Feature","properties":{"id":"0000400101000B","name":"國道4號(台中系統到神岡)"},"geometry":{"type":"LineString","coordinates":[[120.68318,24.27033],[120.68028,24.27076],[120.67841,24.27132],[120.67599,24.27246],[120.67392,24.27391]]}},{"type":"Feature","properties":{"id":"0000400101100B","name":"國道4號(台中系統到神岡)"},"geometry":{"type":"LineString","coordinates":[[120.68702,24.27021],[120.68318,24.27033]]}},{"type":"Feature","properties":{"id":"0000400101140B","name":"國道4號(后豐到台中系統)"},"geometry":{"type":"LineString","coordinates":[[120.69343,24.27088],[120.69017,24.27039],[120.68702,24.27021]]}},{"type":"Feature","properties":{"id":"0000400101200B","name":"國道4號(后豐到台中系統)"},"geometry":{"type":"LineString","coordinates":[[120.69769,24.27197],[120.69343,24.27088]]}},{"type":"Feature","properties":{"id":"0000400101250B","name":"國道4號(后豐到台中系統)"},"geometry":{"type":"LineString","coordinates":[[120.70308,24.27414],[120.69769,24.27197]]}},{"type":"Feature","properties":{"id":"0000400101300B","name":"國道4號(后豐到台中系統)"},"geometry":{"type":"LineString","coordinates":[[120.71267,24.27761],[120.70806,24.27634],[120.70308,24.27414]]}},{"type":"Feature","properties":{"id":"0000400101400B","name":"國道4號(豐勢到后豐)"},"geometry":{"type":"LineString","coordinates":[[120.71739,24.27816],[120.71267,24.27761]]}},{"type":"Feature","properties":{"id":"0000400101450B","name":"國道4號(豐勢到后豐)"},"geometry":{"type":"LineString","coordinates":[[120.72298,24.27785],[120.72034,24.27813],[120.71739,24.27816]]}},{"type":"Feature","properties":{"id":"0000400101500B","name":"國道4號(豐勢到后豐)"},"geometry":{"type":"LineString","coordinates":[[120.73266,24.27461],[120.72733,24.27684],[120.72298,24.27785]]}},{"type":"Feature","properties":{"id":"0000400101600B","name":"國道4號(豐勢到后豐)"},"geometry":{"type":"LineString","coordinates":[[120.74035,24.27154],[120.73718,24.27262],[120.73266,24.27461]]}},{"type":"Feature","properties":{"id":"0000400101681B","name":"國道4號(豐勢到后豐)"},"geometry":{"type":"LineString","coordinates":[[120.74217,24.27102],[120.74035,24.27154]]}},{"type":"Feature","properties":{"id":"0000400101700B","name":"國道4號(豐勢到后豐)"},"geometry":{"type":"LineString","coordinates":[[120.74416,24.27048],[120.74217,24.27102]]}},{"type":"Feature","properties":{"id":"0000400101730B","name":"國道4號(豐勢到后豐)"},"geometry":{"type":"LineString","coordinates":[[120.74697,24.2697],[120.74416,24.27048]]}},{"type":"Feature","properties":{"id":"0000400101760B","name":"國道4號(豐勢到后豐)"},"geometry":{"type":"LineString","coordinates":[[120.75285,24.26685],[120.74969,24.26862],[120.74697,24.2697]]}},{"type":"Feature","properties":{"id":"0000400101828B","name":""},"geometry":{"type":"LineString","coordinates":[[120.75368,24.25264],[120.75499,24.25402],[120.75611,24.25586],[120.75677,24.258],[120.75686,24.26015],[120.75643,24.26221],[120.75546,24.2642],[120.75434,24.26559],[120.75285,24.26685]]}},{"type":"Feature","properties":{"id":"0000400102008B","name":""},"geometry":{"type":"LineString","coordinates":[[120.75206,24.25129],[120.75368,24.25264]]}},{"type":"Feature","properties":{"id":"0000400102030B","name":""},"geometry":{"type":"LineString","coordinates":[[120.74889,24.24823],[120.75023,24.24972],[120.75206,24.25129]]}},{"type":"Feature","properties":{"id":"0000400102089B","name":""},"geometry":{"type":"LineString","coordinates":[[120.73735,24.23733],[120.74161,24.23992],[120.74383,24.24158],[120.74598,24.24391],[120.7482,24.2473]]}},{"type":"Feature","properties":{"id":"0000400102248B","name":""},"geometry":{"type":"LineString","coordinates":[[120.73735,24.23733],[120.73478,24.23521],[120.73362,24.23384],[120.73285,24.23219],[120.73251,24.2299]]}},{"type":"Feature","properties":{"id":"0000400102448B","name":""},"geometry":{"type":"LineString","coordinates":[[120.73019,24.22133],[120.72885,24.22055],[120.72775,24.22032],[120.72661,24.22036],[120.72382,24.22088],[120.72234,24.22076],[120.72137,24.22037],[120.71996,24.2192]]}},{"type":"Feature","properties":{"id":"0000400102600B","name":"國道4號(潭子系統到潭子)"},"geometry":{"type":"LineString","coordinates":[[120.71695,24.2096],[120.71705,24.2121],[120.71768,24.21505],[120.71863,24.21737],[120.71996,24.2192]]}},{"type":"Feature","properties":{"id":"0000400102713B","name":"國道4號(潭子系統到潭子)"},"geometry":{"type":"LineString","coordinates":[[120.71636,24.20294],[120.71706,24.2045],[120.71728,24.20564],[120.71695,24.2096]]}},{"type":"Feature","properties":{"id":"0000401002000B","name":""},"geometry":{"type":"LineString","coordinates":[[120.60821,24.30725],[120.60958,24.30719],[120.6102,24.30697],[120.61062,24.30635],[120.61052,24.30557]]}},{"type":"Feature","properties":{"id":"0000401002070B","name":""},"geometry":{"type":"LineString","coordinates":[[120.61733,24.30643],[120.62052,24.30675],[120.6233,24.30634]]}},{"type":"Feature","properties":{"id":"0000401003010B","name":""},"geometry":{"type":"LineString","coordinates":[[120.6678,24.27884],[120.66786,24.27813],[120.66753,24.27701],[120.66688,24.27582],[120.66602,24.27476]]}},{"type":"Feature","properties":{"id":"0000401003020B","name":""},"geometry":{"type":"LineString","coordinates":[[120.6678,24.27884],[120.6683,24.27753],[120.66876,24.27699],[120.67009,24.27648],[120.6707,24.27661],[120.67132,24.27714],[120.6715,24.27772],[120.67137,24.2787]]}},{"type":"Feature","properties":{"id":"0000401004010B","name":""},"geometry":{"type":"LineString","coordinates":[[120.69057,24.27001],[120.69183,24.2695],[120.69232,24.26855]]}},{"type":"Feature","properties":{"id":"0000401004020B","name":""},"geometry":{"type":"LineString","coordinates":[[120.69057,24.27001],[120.69353,24.27054],[120.69415,24.27022],[120.69411,24.2696],[120.69356,24.26943],[120.69313,24.26977],[120.69343,24.27134],[120.69338,24.27254]]}},{"type":"Feature","properties":{"id":"0000401004050B","name":""},"geometry":{"type":"LineString","coordinates":[[120.69289,24.26771],[120.69396,24.26929],[120.69611,24.27098]]}},{"type":"Feature","properties":{"id":"0000401004060B","name":""},"geometry":{"type":"LineString","coordinates":[[120.6929,24.27401],[120.69256,24.27309],[120.69254,24.27231],[120.69273,24.27173],[120.69328,24.27104],[120.69454,24.27049],[120.69528,24.27058],[120.69611,24.27098]]}},{"type":"Feature","properties":{"id":"0000401005000B","name":""},"geometry":{"type":"LineString","coordinates":[[120.71739,24.27802],[120.72119,24.27784]]}},{"type":"Feature","properties":{"id":"0000401007010B","name":""},"geometry":{"type":"LineString","coordinates":[[120.74025,24.27144],[120.74184,24.27081],[120.74413,24.27032]]}},{"type":"Feature","properties":{"id":"0000401007020B","name":""},"geometry":{"type":"LineString","coordinates":[[120.74424,24.26534],[120.74293,24.26818],[120.74288,24.26918],[120.74326,24.26975],[120.7439,24.27007],[120.74568,24.26996]]}},{"type":"Feature","properties":{"id":"0000401008000B","name":""},"geometry":{"type":"LineString","coordinates":[[120.71984,24.21928],[120.71867,24.218],[120.71816,24.21712],[120.71707,24.21442],[120.71705,24.21391],[120.71727,24.21346],[120.71778,24.21318],[120.71848,24.21342],[120.71868,24.21398],[120.71857,24.2146]]}},{"type":"Feature","properties":{"id":"0000401008030B","name":""},"geometry":{"type":"LineString","coordinates":[[120.719,24.21808],[120.71784,24.21557],[120.71682,24.21194]]}},{"type":"Feature","properties":{"id":"0000401008040B","name":""},"geometry":{"type":"LineString","coordinates":[[120.71802,24.2146],[120.71831,24.21465],[120.71848,24.21433]]}},{"type":"Feature","properties":{"id":"0000401008060B","name":""},"geometry":{"type":"LineString","coordinates":[[120.71848,24.21433],[120.71843,24.21366],[120.71718,24.21285],[120.71682,24.21194]]}},{"type":"Feature","properties":{"id":"0000401103006B","name":""},"geometry":{"type":"LineString","coordinates":[[120.67183,24.27615],[120.67141,24.27677],[120.67003,24.27768]]}},{"type":"Feature","properties":{"id":"0000401103010B","name":""},"geometry":{"type":"LineString","coordinates":[[120.67007,24.27836],[120.67093,24.2785],[120.6713,24.27798],[120.67117,24.27767],[120.67079,24.27746],[120.67003,24.27768]]}},{"type":"Feature","properties":{"id":"0000401103030B","name":""},"geometry":{"type":"LineString","coordinates":[[120.66914,24.27854],[120.669,24.27929],[120.66958,24.27963],[120.67011,24.27925],[120.67015,24.27886],[120.66994,24.27846]]}},{"type":"Feature","properties":{"id":"0000401103050B","name":""},"geometry":{"type":"LineString","coordinates":[[120.67183,24.27615],[120.67172,24.27766],[120.67137,24.2787]]}},{"type":"Feature","properties":{"id":"0000401103080B","name":""},"geometry":{"type":"LineString","coordinates":[[120.67016,24.27974],[120.66727,24.2803]]}},{"type":"Feature","properties":{"id":"0000401103090B","name":""},"geometry":{"type":"LineString","coordinates":[[120.67016,24.27974],[120.66912,24.27981],[120.66861,24.27962],[120.66821,24.27919],[120.66809,24.27862],[120.6685,24.27788],[120.67025,24.27702]]}},{"type":"Feature","properties":{"id":"0000401104010B","name":""},"geometry":{"type":"LineString","coordinates":[[120.69513,24.27152],[120.69399,24.27169],[120.6936,24.272],[120.69338,24.27254]]}},{"type":"Feature","properties":{"id":"0000401104020B","name":""},"geometry":{"type":"LineString","coordinates":[[120.69513,24.27152],[120.69223,24.27087],[120.69147,24.27124],[120.69152,24.27183],[120.69214,24.27199],[120.69254,24.27152],[120.69231,24.27004],[120.69232,24.26855]]}},{"type":"Feature","properties":{"id":"0000401104050B","name":""},"geometry":{"type":"LineString","coordinates":[[120.6929,24.27401],[120.69219,24.27277],[120.69143,24.2719],[120.68926,24.27066]]}},{"type":"Feature","properties":{"id":"0000401104060B","name":""},"geometry":{"type":"LineString","coordinates":[[120.69289,24.26771],[120.69311,24.26918],[120.69285,24.26985],[120.69228,24.2705],[120.6916,24.27086],[120.69077,24.271],[120.68926,24.27066]]}},{"type":"Feature","properties":{"id":"0000401105000B","name":""},"geometry":{"type":"LineString","coordinates":[[120.72151,24.27814],[120.71852,24.27829],[120.71739,24.27816]]}},{"type":"Feature","properties":{"id":"0000401107010B","name":""},"geometry":{"type":"LineString","coordinates":[[120.74423,24.27057],[120.74035,24.27154]]}},{"type":"Feature","properties":{"id":"0000401107020B","name":""},"geometry":{"type":"LineString","coordinates":[[120.74697,24.2697],[120.7443,24.27067],[120.74336,24.27045],[120.74276,24.26988],[120.74258,24.26872],[120.74424,24.26534]]}},{"type":"Feature","properties":{"id":"0000401108000B","name":""},"geometry":{"type":"LineString","coordinates":[[120.71695,24.2096],[120.71707,24.21139],[120.71761,24.21331],[120.71773,24.21455]]}},{"type":"Feature","properties":{"id":"0000401108010B","name":""},"geometry":{"type":"LineString","coordinates":[[120.71773,24.21455],[120.71824,24.21526],[120.71978,24.21589],[120.71993,24.2163],[120.71978,24.2167],[120.71919,24.21696],[120.71868,24.21676],[120.71827,24.21605],[120.7183,24.21539]]}},{"type":"Feature","properties":{"id":"0000401108020B","name":""},"geometry":{"type":"LineString","coordinates":[[120.71773,24.21455],[120.71811,24.21601],[120.71923,24.21807]]}},{"type":"Feature","properties":{"id":"0000401108070B","name":""},"geometry":{"type":"LineString","coordinates":[[120.71842,24.21549],[120.71844,24.21626],[120.71887,24.21677],[120.71953,24.21679],[120.71978,24.21653],[120.71979,24.21613],[120.71948,24.21579],[120.71905,24.21575],[120.71867,24.21602],[120.71855,24.21657],[120.7191,24.21802],[120.71996,24.2192]]}},{"type":"Feature","properties":{"id":"0000401109000B","name":""},"geometry":{"type":"LineString","coordinates":[[120.71489,24.19985],[120.71669,24.1982],[120.7175,24.19821],[120.71796,24.19873],[120.7178,24.19948],[120.71666,24.20019],[120.71637,24.20058],[120.71616,24.20169],[120.71636,24.20294]]}},{"type":"Feature","properties":{"id":"0000401109010B","name":""},"geometry":{"type":"LineString","coordinates":[[120.71807,24.19776],[120.7168,24.19917],[120.7161,24.20043],[120.71599,24.20204],[120.71636,24.20294]]}},{"type":"Feature","properties":{"id":"0000500000000A","name":"國道5號(南港系統到石碇)"},"geometry":{"type":"LineString","coordinates":[[121.62334,25.03508],[121.6255,25.03444]]}},{"type":"Feature","properties":{"id":"0000500000030A","name":"國道5號(南港系統到石碇)"},"geometry":{"type":"LineString","coordinates":[[121.6255,25.03444],[121.62965,25.033],[121.63242,25.0316]]}},{"type":"Feature","properties":{"id":"0000500000100A","name":"國道5號(南港系統到石碇)"},"geometry":{"type":"LineString","coordinates":[[121.63242,25.0316],[121.63473,25.02992],[121.63625,25.02854],[121.63769,25.02694],[121.63907,25.02495]]}},{"type":"Feature","properties":{"id":"0000500000200A","name":"國道5號(南港系統到石碇)"},"geometry":{"type":"LineString","coordinates":[[121.63907,25.02495],[121.63984,25.02358]]}},{"type":"Feature","properties":{"id":"0000500000220F","name":"國道5號(南港系統到石碇)"},"geometry":{"type":"LineString","coordinates":[[121.63984,25.02358],[121.64089,25.0211],[121.64239,25.01638]]}},{"type":"Feature","properties":{"id":"0000500000300F","name":"國道5號(南港系統到石碇)"},"geometry":{"type":"LineString","coordinates":[[121.64239,25.01638],[121.64311,25.01414],[121.64392,25.01245]]}},{"type":"Feature","properties":{"id":"0000500000350F","name":"國道5號(南港系統到石碇)"},"geometry":{"type":"LineString","coordinates":[[121.64392,25.01245],[121.64527,25.01073]]}},{"type":"Feature","properties":{"id":"0000500000380F","name":"國道5號(石碇到坪林交控)"},"geometry":{"type":"LineString","coordinates":[[121.64527,25.01073],[121.64718,25.00881]]}},{"type":"Feature","properties":{"id":"0000500000400F","name":"國道5號(石碇到坪林交控)"},"geometry":{"type":"LineString","coordinates":[[121.64718,25.00881],[121.64954,25.00633],[121.65046,25.00465]]}},{"type":"Feature","properties":{"id":"0000500000460F","name":"國道5號(石碇到坪林交控)"},"geometry":{"type":"LineString","coordinates":[[121.65046,25.00465],[121.65122,25.00073]]}},{"type":"Feature","properties":{"id":"0000500000500F","name":"國道5號(石碇到坪林交控)"},"geometry":{"type":"LineString","coordinates":[[121.65122,25.00073],[121.65237,24.99471],[121.65288,24.9935],[121.65373,24.9923]]}},{"type":"Feature","properties":{"id":"0000500000600F","name":"國道5號(石碇到坪林交控)"},"geometry":{"type":"LineString","coordinates":[[121.65373,24.9923],[121.65488,24.99125],[121.65806,24.9893],[121.65885,24.98821],[121.66015,24.98569]]}},{"type":"Feature","properties":{"id":"0000500000700F","name":"國道5號(石碇到坪林交控)"},"geometry":{"type":"LineString","coordinates":[[121.66015,24.98569],[121.6612,24.98375],[121.66215,24.98268],[121.66332,24.98204],[121.66477,24.98179]]}},{"type":"Feature","properties":{"id":"0000500000780F","name":"國道5號(石碇到坪林交控)"},"geometry":{"type":"LineString","coordinates":[[121.66477,24.98179],[121.66692,24.98192]]}},{"type":"Feature","properties":{"id":"0000500000800F","name":"國道5號(石碇到坪林交控)"},"geometry":{"type":"LineString","coordinates":[[121.66692,24.98192],[121.66813,24.98204],[121.66979,24.98192],[121.67229,24.98111],[121.67451,24.97974],[121.67619,24.97791]]}},{"type":"Feature","properties":{"id":"0000500000900F","name":"國道5號(石碇到坪林交控)"},"geometry":{"type":"LineString","coordinates":[[121.67619,24.97791],[121.67786,24.97422]]}},{"type":"Feature","properties":{"id":"0000500000950F","name":"國道5號(石碇到坪林交控)"},"geometry":{"type":"LineString","coordinates":[[121.67786,24.97422],[121.67901,24.97242],[121.68126,24.97041]]}},{"type":"Feature","properties":{"id":"0000500001000F","name":"國道5號(石碇到坪林交控)"},"geometry":{"type":"LineString","coordinates":[[121.68126,24.97041],[121.68306,24.96868],[121.68419,24.96705],[121.68516,24.96484],[121.68567,24.96248]]}},{"type":"Feature","properties":{"id":"0000500001100F","name":"國道5號(石碇到坪林交控)"},"geometry":{"type":"LineString","coordinates":[[121.68567,24.96248],[121.68612,24.96036],[121.6867,24.95869],[121.68806,24.95629],[121.68958,24.95447]]}},{"type":"Feature","properties":{"id":"0000500001200F","name":"國道5號(石碇到坪林交控)"},"geometry":{"type":"LineString","coordinates":[[121.68958,24.95447],[121.69143,24.95283],[121.69388,24.95132],[121.69577,24.95053],[121.69787,24.94995]]}},{"type":"Feature","properties":{"id":"0000500001300F","name":"國道5號(石碇到坪林交控)"},"geometry":{"type":"LineString","coordinates":[[121.69787,24.94995],[121.70105,24.94939]]}},{"type":"Feature","properties":{"id":"0000500001340F","name":"國道5號(石碇到坪林交控)"},"geometry":{"type":"LineString","coordinates":[[121.70105,24.94939],[121.703,24.94871],[121.70699,24.94664]]}},{"type":"Feature","properties":{"id":"0000500001400F","name":"國道5號(石碇到坪林交控)"},"geometry":{"type":"LineString","coordinates":[[121.70699,24.94664],[121.70909,24.94577],[121.71046,24.94463]]}},{"type":"Feature","properties":{"id":"0000500001450F","name":"國道5號(坪林交控到頭城)"},"geometry":{"type":"LineString","coordinates":[[121.71046,24.94463],[121.71229,24.94181]]}},{"type":"Feature","properties":{"id":"0000500001480F","name":"國道5號(坪林交控到頭城)"},"geometry":{"type":"LineString","coordinates":[[121.71229,24.94181],[121.71337,24.94005]]}},{"type":"Feature","properties":{"id":"0000500001500F","name":"國道5號(坪林交控到頭城)"},"geometry":{"type":"LineString","coordinates":[[121.71337,24.94005],[121.71444,24.93834]]}},{"type":"Feature","properties":{"id":"0000500001530F","name":"國道5號(坪林交控到頭城)"},"geometry":{"type":"LineString","coordinates":[[121.71444,24.93834],[121.71624,24.93621],[121.71951,24.93306]]}},{"type":"Feature","properties":{"id":"0000500001600F","name":"國道5號(坪林交控到頭城)"},"geometry":{"type":"LineString","coordinates":[[121.71951,24.93306],[121.72465,24.92536]]}},{"type":"Feature","properties":{"id":"0000500001700F","name":"國道5號(坪林交控到頭城)"},"geometry":{"type":"LineString","coordinates":[[121.72465,24.92536],[121.72681,24.92237],[121.73055,24.91819]]}},{"type":"Feature","properties":{"id":"0000500001800F","name":"國道5號(坪林交控到頭城)"},"geometry":{"type":"LineString","coordinates":[[121.73055,24.91819],[121.73362,24.91538],[121.73782,24.91212]]}},{"type":"Feature","properties":{"id":"0000500001900F","name":"國道5號(坪林交控到頭城)"},"geometry":{"type":"LineString","coordinates":[[121.73782,24.91212],[121.74539,24.9063]]}},{"type":"Feature","properties":{"id":"0000500002000F","name":"國道5號(坪林交控到頭城)"},"geometry":{"type":"LineString","coordinates":[[121.74539,24.9063],[121.75028,24.90254],[121.75281,24.90033]]}},{"type":"Feature","properties":{"id":"0000500002100F","name":"國道5號(坪林交控到頭城)"},"geometry":{"type":"LineString","coordinates":[[121.75281,24.90033],[121.7561,24.89693],[121.75898,24.89326]]}},{"type":"Feature","properties":{"id":"0000500002200F","name":"國道5號(坪林交控到頭城)"},"geometry":{"type":"LineString","coordinates":[[121.75898,24.89326],[121.76423,24.88562]]}},{"type":"Feature","properties":{"id":"0000500002300F","name":"國道5號(坪林交控到頭城)"},"geometry":{"type":"LineString","coordinates":[[121.76423,24.88562],[121.76663,24.88219],[121.76987,24.87827]]}},{"type":"Feature","properties":{"id":"0000500002400F","name":"國道5號(坪林交控到頭城)"},"geometry":{"type":"LineString","coordinates":[[121.76987,24.87827],[121.77664,24.87172]]}},{"type":"Feature","properties":{"id":"0000500002500F","name":"國道5號(坪林交控到頭城)"},"geometry":{"type":"LineString","coordinates":[[121.77664,24.87172],[121.77755,24.87087]]}},{"type":"Feature","properties":{"id":"0000500002520G","name":"國道5號(坪林交控到頭城)"},"geometry":{"type":"LineString","coordinates":[[121.77755,24.87087],[121.78352,24.86526]]}},{"type":"Feature","properties":{"id":"0000500002600G","name":"國道5號(坪林交控到頭城)"},"geometry":{"type":"LineString","coordinates":[[121.78352,24.86526],[121.78685,24.86175],[121.78843,24.85964],[121.78928,24.85791]]}},{"type":"Feature","properties":{"id":"0000500002700G","name":"國道5號(坪林交控到頭城)"},"geometry":{"type":"LineString","coordinates":[[121.78928,24.85791],[121.78989,24.85664],[121.79074,24.85396],[121.79123,24.85147],[121.79125,24.84907]]}},{"type":"Feature","properties":{"id":"0000500002800G","name":"國道5號(坪林交控到頭城)"},"geometry":{"type":"LineString","coordinates":[[121.79125,24.84907],[121.79103,24.84776]]}},{"type":"Feature","properties":{"id":"0000500002820G","name":"國道5號(坪林交控到頭城)"},"geometry":{"type":"LineString","coordinates":[[121.79103,24.84776],[121.78923,24.8434],[121.78905,24.84196],[121.78923,24.84048]]}},{"type":"Feature","properties":{"id":"0000500002900G","name":"國道5號(坪林交控到頭城)"},"geometry":{"type":"LineString","coordinates":[[121.78923,24.84048],[121.7905,24.83451]]}},{"type":"Feature","properties":{"id":"0000500002970G","name":"國道5號(坪林交控到頭城)"},"geometry":{"type":"LineString","coordinates":[[121.7905,24.83451],[121.79072,24.83332],[121.79071,24.83155]]}},{"type":"Feature","properties":{"id":"0000500003000G","name":"國道5號(頭城到宜蘭)"},"geometry":{"type":"LineString","coordinates":[[121.79071,24.83155],[121.79036,24.82947],[121.78957,24.82752],[121.78835,24.82563],[121.78677,24.82403]]}},{"type":"Feature","properties":{"id":"0000500003100G","name":"國道5號(頭城到宜蘭)"},"geometry":{"type":"LineString","coordinates":[[121.78677,24.82403],[121.7847,24.8222],[121.7835,24.82079],[121.78228,24.81884],[121.78155,24.8171]]}},{"type":"Feature","properties":{"id":"0000500003200G","name":"國道5號(頭城到宜蘭)"},"geometry":{"type":"LineString","coordinates":[[121.78155,24.8171],[121.78099,24.81466],[121.7809,24.81259],[121.78119,24.81039],[121.78173,24.80841]]}},{"type":"Feature","properties":{"id":"0000500003300G","name":"國道5號(頭城到宜蘭)"},"geometry":{"type":"LineString","coordinates":[[121.78173,24.80841],[121.78251,24.80463],[121.78248,24.79954]]}},{"type":"Feature","properties":{"id":"0000500003400G","name":"國道5號(頭城到宜蘭)"},"geometry":{"type":"LineString","coordinates":[[121.78248,24.79954],[121.78188,24.79511],[121.78061,24.79079]]}},{"type":"Feature","properties":{"id":"0000500003500G","name":"國道5號(頭城到宜蘭)"},"geometry":{"type":"LineString","coordinates":[[121.78061,24.79079],[121.77921,24.78687],[121.77853,24.78423]]}},{"type":"Feature","properties":{"id":"0000500003580G","name":"國道5號(頭城到宜蘭)"},"geometry":{"type":"LineString","coordinates":[[121.77853,24.78423],[121.77825,24.78223]]}},{"type":"Feature","properties":{"id":"0000500003600G","name":"國道5號(頭城到宜蘭)"},"geometry":{"type":"LineString","coordinates":[[121.77825,24.78223],[121.7782,24.77844],[121.77889,24.7734]]}},{"type":"Feature","properties":{"id":"0000500003700G","name":"國道5號(頭城到宜蘭)"},"geometry":{"type":"LineString","coordinates":[[121.77889,24.7734],[121.77896,24.76918],[121.77818,24.76452]]}},{"type":"Feature","properties":{"id":"0000500003800G","name":"國道5號(宜蘭到羅東)"},"geometry":{"type":"LineString","coordinates":[[121.77818,24.76452],[121.7779,24.76245],[121.77783,24.75983],[121.77842,24.75573]]}},{"type":"Feature","properties":{"id":"0000500003900G","name":"國道5號(宜蘭到羅東)"},"geometry":{"type":"LineString","coordinates":[[121.77842,24.75573],[121.78064,24.74935],[121.78121,24.7472]]}},{"type":"Feature","properties":{"id":"0000500004000G","name":"國道5號(宜蘭到羅東)"},"geometry":{"type":"LineString","coordinates":[[121.78121,24.7472],[121.78163,24.7439],[121.78155,24.7383]]}},{"type":"Feature","properties":{"id":"0000500004100G","name":"國道5號(宜蘭到羅東)"},"geometry":{"type":"LineString","coordinates":[[121.78155,24.7383],[121.78177,24.73548],[121.78342,24.72976]]}},{"type":"Feature","properties":{"id":"0000500004200G","name":"國道5號(宜蘭到羅東)"},"geometry":{"type":"LineString","coordinates":[[121.78342,24.72976],[121.78638,24.72115]]}},{"type":"Feature","properties":{"id":"0000500004300G","name":"國道5號(宜蘭到羅東)"},"geometry":{"type":"LineString","coordinates":[[121.78638,24.72115],[121.78911,24.7126]]}},{"type":"Feature","properties":{"id":"0000500004400G","name":"國道5號(宜蘭到羅東)"},"geometry":{"type":"LineString","coordinates":[[121.78911,24.7126],[121.79022,24.70753],[121.79066,24.7038]]}},{"type":"Feature","properties":{"id":"0000500004500G","name":"國道5號(宜蘭到羅東)"},"geometry":{"type":"LineString","coordinates":[[121.79066,24.7038],[121.79076,24.70142]]}},{"type":"Feature","properties":{"id":"0000500004530G","name":"國道5號(宜蘭到羅東)"},"geometry":{"type":"LineString","coordinates":[[121.79076,24.70142],[121.79082,24.6949]]}},{"type":"Feature","properties":{"id":"0000500004600G","name":"國道5號(羅東到蘇澳)"},"geometry":{"type":"LineString","coordinates":[[121.79082,24.6949],[121.79105,24.69026],[121.79179,24.68608]]}},{"type":"Feature","properties":{"id":"0000500004700G","name":"國道5號(羅東到蘇澳)"},"geometry":{"type":"LineString","coordinates":[[121.79179,24.68608],[121.7941,24.67744]]}},{"type":"Feature","properties":{"id":"0000500004800G","name":"國道5號(羅東到蘇澳)"},"geometry":{"type":"LineString","coordinates":[[121.7941,24.67744],[121.79564,24.67179]]}},{"type":"Feature","properties":{"id":"0000500004870G","name":"國道5號(羅東到蘇澳)"},"geometry":{"type":"LineString","coordinates":[[121.79564,24.67179],[121.79655,24.66884]]}},{"type":"Feature","properties":{"id":"0000500004900G","name":"國道5號(羅東到蘇澳)"},"geometry":{"type":"LineString","coordinates":[[121.79655,24.66884],[121.79808,24.66555],[121.80111,24.66102]]}},{"type":"Feature","properties":{"id":"0000500005000G","name":"國道5號(羅東到蘇澳)"},"geometry":{"type":"LineString","coordinates":[[121.80111,24.66102],[121.80343,24.65689],[121.80412,24.65485],[121.80453,24.65273]]}},{"type":"Feature","properties":{"id":"0000500005100G","name":"國道5號(羅東到蘇澳)"},"geometry":{"type":"LineString","coordinates":[[121.80453,24.65273],[121.80469,24.65054],[121.8046,24.64383]]}},{"type":"Feature","properties":{"id":"0000500005200G","name":"國道5號(羅東到蘇澳)"},"geometry":{"type":"LineString","coordinates":[[121.8046,24.64383],[121.80501,24.64001],[121.80618,24.63508]]}},{"type":"Feature","properties":{"id":"0000500005300G","name":"國道5號(羅東到蘇澳)"},"geometry":{"type":"LineString","coordinates":[[121.80618,24.63508],[121.8076,24.62983],[121.80875,24.62652]]}},{"type":"Feature","properties":{"id":"0000500005400G","name":"國道5號(羅東到蘇澳)"},"geometry":{"type":"LineString","coordinates":[[121.80875,24.62652],[121.81013,24.6231]]}},{"type":"Feature","properties":{"id":"0000500100000A","name":"國道5號(石碇到南港系統)"},"geometry":{"type":"LineString","coordinates":[[121.62558,25.03475],[121.62352,25.03541]]}},{"type":"Feature","properties":{"id":"0000500100030A","name":"國道5號(石碇到南港系統)"},"geometry":{"type":"LineString","coordinates":[[121.6298,25.03325],[121.62558,25.03475]]}},{"type":"Feature","properties":{"id":"0000500100070A","name":"國道5號(石碇到南港系統)"},"geometry":{"type":"LineString","coordinates":[[121.6307,25.03282],[121.6298,25.03325]]}},{"type":"Feature","properties":{"id":"0000500100080A","name":"國道5號(石碇到南港系統)"},"geometry":{"type":"LineString","coordinates":[[121.63258,25.03186],[121.6307,25.03282]]}},{"type":"Feature","properties":{"id":"0000500100100A","name":"國道5號(石碇到南港系統)"},"geometry":{"type":"LineString","coordinates":[[121.63939,25.02506],[121.63795,25.0271],[121.63639,25.02885],[121.63429,25.03068],[121.63258,25.03186]]}},{"type":"Feature","properties":{"id":"0000500100200A","name":"國道5號(石碇到南港系統)"},"geometry":{"type":"LineString","coordinates":[[121.64024,25.02354],[121.63939,25.02506]]}},{"type":"Feature","properties":{"id":"0000500100220F","name":"國道5號(石碇到南港系統)"},"geometry":{"type":"LineString","coordinates":[[121.64263,25.01674],[121.64121,25.02122],[121.64024,25.02354]]}},{"type":"Feature","properties":{"id":"0000500100300F","name":"國道5號(石碇到南港系統)"},"geometry":{"type":"LineString","coordinates":[[121.64428,25.01249],[121.64345,25.01419],[121.64263,25.01674]]}},{"type":"Feature","properties":{"id":"0000500100360F","name":"國道5號(石碇到南港系統)"},"geometry":{"type":"LineString","coordinates":[[121.64587,25.01057],[121.64428,25.01249]]}},{"type":"Feature","properties":{"id":"0000500100380F","name":"國道5號(坪林交控到石碇)"},"geometry":{"type":"LineString","coordinates":[[121.64724,25.00905],[121.64587,25.01057]]}},{"type":"Feature","properties":{"id":"0000500100400F","name":"國道5號(坪林交控到石碇)"},"geometry":{"type":"LineString","coordinates":[[121.65064,25.00446],[121.64989,25.00604],[121.64724,25.00905]]}},{"type":"Feature","properties":{"id":"0000500100470F","name":"國道5號(坪林交控到石碇)"},"geometry":{"type":"LineString","coordinates":[[121.6513,25.00095],[121.65064,25.00446]]}},{"type":"Feature","properties":{"id":"0000500100500F","name":"國道5號(坪林交控到石碇)"},"geometry":{"type":"LineString","coordinates":[[121.65372,24.99247],[121.65302,24.99343],[121.65241,24.99496],[121.6513,25.00095]]}},{"type":"Feature","properties":{"id":"0000500100600F","name":"國道5號(坪林交控到石碇)"},"geometry":{"type":"LineString","coordinates":[[121.66018,24.98589],[121.65872,24.98869],[121.65806,24.98947],[121.65537,24.99105],[121.65372,24.99247]]}},{"type":"Feature","properties":{"id":"0000500100700F","name":"國道5號(坪林交控到石碇)"},"geometry":{"type":"LineString","coordinates":[[121.6646,24.98208],[121.66301,24.98244],[121.6619,24.98315],[121.66107,24.98422],[121.66018,24.98589]]}},{"type":"Feature","properties":{"id":"0000500100770F","name":"國道5號(坪林交控到石碇)"},"geometry":{"type":"LineString","coordinates":[[121.66703,24.98225],[121.6646,24.98208]]}},{"type":"Feature","properties":{"id":"0000500100800F","name":"國道5號(坪林交控到石碇)"},"geometry":{"type":"LineString","coordinates":[[121.67633,24.97825],[121.67416,24.98037],[121.67167,24.98171],[121.66942,24.9823],[121.66703,24.98225]]}},{"type":"Feature","properties":{"id":"0000500100900F","name":"國道5號(坪林交控到石碇)"},"geometry":{"type":"LineString","coordinates":[[121.67818,24.97431],[121.67633,24.97825]]}},{"type":"Feature","properties":{"id":"0000500100950F","name":"國道5號(坪林交控到石碇)"},"geometry":{"type":"LineString","coordinates":[[121.68141,24.97075],[121.67931,24.97257],[121.67818,24.97431]]}},{"type":"Feature","properties":{"id":"0000500101000F","name":"國道5號(坪林交控到石碇)"},"geometry":{"type":"LineString","coordinates":[[121.68604,24.96292],[121.68559,24.96496],[121.68468,24.96705],[121.6833,24.96902],[121.68141,24.97075]]}},{"type":"Feature","properties":{"id":"0000500101100F","name":"國道5號(坪林交控到石碇)"},"geometry":{"type":"LineString","coordinates":[[121.68987,24.95488],[121.68851,24.9565],[121.68738,24.95837],[121.68645,24.96089],[121.68604,24.96292]]}},{"type":"Feature","properties":{"id":"0000500101200F","name":"國道5號(坪林交控到石碇)"},"geometry":{"type":"LineString","coordinates":[[121.6981,24.95028],[121.69623,24.95081],[121.69412,24.95168],[121.69142,24.95342],[121.68987,24.95488]]}},{"type":"Feature","properties":{"id":"0000500101300F","name":"國道5號(坪林交控到石碇)"},"geometry":{"type":"LineString","coordinates":[[121.701,24.94973],[121.6981,24.95028]]}},{"type":"Feature","properties":{"id":"0000500101330F","name":"國道5號(坪林交控到石碇)"},"geometry":{"type":"LineString","coordinates":[[121.70713,24.94678],[121.70591,24.94729],[121.70313,24.94895],[121.701,24.94973]]}},{"type":"Feature","properties":{"id":"0000500101400F","name":"國道5號(坪林交控到石碇)"},"geometry":{"type":"LineString","coordinates":[[121.71091,24.94452],[121.7094,24.94584],[121.70713,24.94678]]}},{"type":"Feature","properties":{"id":"0000500101450F","name":"國道5號(頭城到坪林交控)"},"geometry":{"type":"LineString","coordinates":[[121.71262,24.94195],[121.71091,24.94452]]}},{"type":"Feature","properties":{"id":"0000500101480F","name":"國道5號(頭城到坪林交控)"},"geometry":{"type":"LineString","coordinates":[[121.71367,24.94027],[121.71262,24.94195]]}},{"type":"Feature","properties":{"id":"0000500101500F","name":"國道5號(頭城到坪林交控)"},"geometry":{"type":"LineString","coordinates":[[121.71472,24.93865],[121.71367,24.94027]]}},{"type":"Feature","properties":{"id":"0000500101530F","name":"國道5號(頭城到坪林交控)"},"geometry":{"type":"LineString","coordinates":[[121.71994,24.93341],[121.71664,24.93641],[121.71472,24.93865]]}},{"type":"Feature","properties":{"id":"0000500101600F","name":"國道5號(頭城到坪林交控)"},"geometry":{"type":"LineString","coordinates":[[121.72512,24.92571],[121.72096,24.93214],[121.71994,24.93341]]}},{"type":"Feature","properties":{"id":"0000500101700F","name":"國道5號(頭城到坪林交控)"},"geometry":{"type":"LineString","coordinates":[[121.73101,24.91854],[121.72813,24.92165],[121.72512,24.92571]]}},{"type":"Feature","properties":{"id":"0000500101800F","name":"國道5號(頭城到坪林交控)"},"geometry":{"type":"LineString","coordinates":[[121.73827,24.91246],[121.7325,24.91708],[121.73101,24.91854]]}},{"type":"Feature","properties":{"id":"0000500101900F","name":"國道5號(頭城到坪林交控)"},"geometry":{"type":"LineString","coordinates":[[121.74584,24.90665],[121.73827,24.91246]]}},{"type":"Feature","properties":{"id":"0000500102000F","name":"國道5號(頭城到坪林交控)"},"geometry":{"type":"LineString","coordinates":[[121.75326,24.90067],[121.75042,24.90312],[121.74584,24.90665]]}},{"type":"Feature","properties":{"id":"0000500102100F","name":"國道5號(頭城到坪林交控)"},"geometry":{"type":"LineString","coordinates":[[121.75942,24.8936],[121.75594,24.89795],[121.75326,24.90067]]}},{"type":"Feature","properties":{"id":"0000500102200F","name":"國道5號(頭城到坪林交控)"},"geometry":{"type":"LineString","coordinates":[[121.76469,24.88598],[121.75942,24.8936]]}},{"type":"Feature","properties":{"id":"0000500102300F","name":"國道5號(頭城到坪林交控)"},"geometry":{"type":"LineString","coordinates":[[121.77033,24.87862],[121.76793,24.88142],[121.76469,24.88598]]}},{"type":"Feature","properties":{"id":"0000500102400F","name":"國道5號(頭城到坪林交控)"},"geometry":{"type":"LineString","coordinates":[[121.77709,24.87207],[121.77033,24.87862]]}},{"type":"Feature","properties":{"id":"0000500102500F","name":"國道5號(頭城到坪林交控)"},"geometry":{"type":"LineString","coordinates":[[121.77818,24.87106],[121.77709,24.87207]]}},{"type":"Feature","properties":{"id":"0000500102520G","name":"國道5號(頭城到坪林交控)"},"geometry":{"type":"LineString","coordinates":[[121.78394,24.86556],[121.77818,24.87106]]}},{"type":"Feature","properties":{"id":"0000500102600G","name":"國道5號(頭城到坪林交控)"},"geometry":{"type":"LineString","coordinates":[[121.78962,24.85821],[121.7875,24.86162],[121.78548,24.86408],[121.78394,24.86556]]}},{"type":"Feature","properties":{"id":"0000500102700G","name":"國道5號(頭城到坪林交控)"},"geometry":{"type":"LineString","coordinates":[[121.79167,24.84944],[121.79159,24.85173],[121.79121,24.85413],[121.7904,24.85655],[121.78962,24.85821]]}},{"type":"Feature","properties":{"id":"0000500102800G","name":"國道5號(頭城到坪林交控)"},"geometry":{"type":"LineString","coordinates":[[121.79149,24.84788],[121.79167,24.84944]]}},{"type":"Feature","properties":{"id":"0000500102820G","name":"國道5號(頭城到坪林交控)"},"geometry":{"type":"LineString","coordinates":[[121.78927,24.84092],[121.78923,24.84223],[121.78947,24.84347],[121.79149,24.84788]]}},{"type":"Feature","properties":{"id":"0000500102900G","name":"國道5號(頭城到坪林交控)"},"geometry":{"type":"LineString","coordinates":[[121.79033,24.83594],[121.78927,24.84092]]}},{"type":"Feature","properties":{"id":"0000500102960G","name":"國道5號(頭城到坪林交控)"},"geometry":{"type":"LineString","coordinates":[[121.79088,24.83205],[121.79076,24.83389],[121.79033,24.83594]]}},{"type":"Feature","properties":{"id":"0000500103000G","name":"國道5號(宜蘭到頭城)"},"geometry":{"type":"LineString","coordinates":[[121.78762,24.82466],[121.78912,24.82648],[121.7902,24.82858],[121.79065,24.83017],[121.79088,24.83205]]}},{"type":"Feature","properties":{"id":"0000500103090G","name":"國道5號(宜蘭到頭城)"},"geometry":{"type":"LineString","coordinates":[[121.78694,24.82401],[121.78762,24.82466]]}},{"type":"Feature","properties":{"id":"0000500103100G","name":"國道5號(宜蘭到頭城)"},"geometry":{"type":"LineString","coordinates":[[121.78169,24.81713],[121.78263,24.81923],[121.78381,24.82102],[121.78516,24.82251],[121.78694,24.82401]]}},{"type":"Feature","properties":{"id":"0000500103200G","name":"國道5號(宜蘭到頭城)"},"geometry":{"type":"LineString","coordinates":[[121.78184,24.80848],[121.78124,24.81074],[121.78101,24.81291],[121.78117,24.81506],[121.78169,24.81713]]}},{"type":"Feature","properties":{"id":"0000500103300G","name":"國道5號(宜蘭到頭城)"},"geometry":{"type":"LineString","coordinates":[[121.7826,24.79962],[121.78263,24.80464],[121.78184,24.80848]]}},{"type":"Feature","properties":{"id":"0000500103400G","name":"國道5號(宜蘭到頭城)"},"geometry":{"type":"LineString","coordinates":[[121.78075,24.79087],[121.78192,24.7948],[121.7826,24.79962]]}},{"type":"Feature","properties":{"id":"0000500103500G","name":"國道5號(宜蘭到頭城)"},"geometry":{"type":"LineString","coordinates":[[121.7787,24.78455],[121.7795,24.78746],[121.78075,24.79087]]}},{"type":"Feature","properties":{"id":"0000500103580G","name":"國道5號(宜蘭到頭城)"},"geometry":{"type":"LineString","coordinates":[[121.77835,24.78232],[121.7787,24.78455]]}},{"type":"Feature","properties":{"id":"0000500103600G","name":"國道5號(宜蘭到頭城)"},"geometry":{"type":"LineString","coordinates":[[121.77898,24.77351],[121.77831,24.77827],[121.77835,24.78232]]}},{"type":"Feature","properties":{"id":"0000500103700G","name":"國道5號(宜蘭到頭城)"},"geometry":{"type":"LineString","coordinates":[[121.77833,24.76464],[121.77908,24.76915],[121.77915,24.77144],[121.77898,24.77351]]}},{"type":"Feature","properties":{"id":"0000500103800G","name":"國道5號(羅東到宜蘭)"},"geometry":{"type":"LineString","coordinates":[[121.77851,24.75587],[121.7781,24.75812],[121.77795,24.76039],[121.77833,24.76464]]}},{"type":"Feature","properties":{"id":"0000500103900G","name":"國道5號(羅東到宜蘭)"},"geometry":{"type":"LineString","coordinates":[[121.7813,24.74736],[121.77851,24.75587]]}},{"type":"Feature","properties":{"id":"0000500104000G","name":"國道5號(羅東到宜蘭)"},"geometry":{"type":"LineString","coordinates":[[121.78167,24.73846],[121.78175,24.7439],[121.7813,24.74736]]}},{"type":"Feature","properties":{"id":"0000500104100G","name":"國道5號(羅東到宜蘭)"},"geometry":{"type":"LineString","coordinates":[[121.7834,24.73018],[121.78189,24.73548],[121.78167,24.73846]]}},{"type":"Feature","properties":{"id":"0000500104200G","name":"國道5號(羅東到宜蘭)"},"geometry":{"type":"LineString","coordinates":[[121.78644,24.72133],[121.7834,24.73018]]}},{"type":"Feature","properties":{"id":"0000500104300G","name":"國道5號(羅東到宜蘭)"},"geometry":{"type":"LineString","coordinates":[[121.78916,24.71279],[121.78644,24.72133]]}},{"type":"Feature","properties":{"id":"0000500104400G","name":"國道5號(羅東到宜蘭)"},"geometry":{"type":"LineString","coordinates":[[121.79074,24.70401],[121.79036,24.70727],[121.78916,24.71279]]}},{"type":"Feature","properties":{"id":"0000500104500G","name":"國道5號(羅東到宜蘭)"},"geometry":{"type":"LineString","coordinates":[[121.79087,24.70158],[121.79074,24.70401]]}},{"type":"Feature","properties":{"id":"0000500104530G","name":"國道5號(羅東到宜蘭)"},"geometry":{"type":"LineString","coordinates":[[121.7909,24.69512],[121.79087,24.70158]]}},{"type":"Feature","properties":{"id":"0000500104600G","name":"國道5號(蘇澳到羅東)"},"geometry":{"type":"LineString","coordinates":[[121.79182,24.68631],[121.79114,24.69027],[121.7909,24.69512]]}},{"type":"Feature","properties":{"id":"0000500104700G","name":"國道5號(蘇澳到羅東)"},"geometry":{"type":"LineString","coordinates":[[121.79413,24.67768],[121.79182,24.68631]]}},{"type":"Feature","properties":{"id":"0000500104800G","name":"國道5號(蘇澳到羅東)"},"geometry":{"type":"LineString","coordinates":[[121.79575,24.67182],[121.79413,24.67768]]}},{"type":"Feature","properties":{"id":"0000500104870G","name":"國道5號(蘇澳到羅東)"},"geometry":{"type":"LineString","coordinates":[[121.79657,24.66908],[121.79575,24.67182]]}},{"type":"Feature","properties":{"id":"0000500104900G","name":"國道5號(蘇澳到羅東)"},"geometry":{"type":"LineString","coordinates":[[121.80106,24.66125],[121.7982,24.66554],[121.79657,24.66908]]}},{"type":"Feature","properties":{"id":"0000500105000G","name":"國道5號(蘇澳到羅東)"},"geometry":{"type":"LineString","coordinates":[[121.80459,24.65301],[121.80409,24.65531],[121.80352,24.65692],[121.8026,24.65882],[121.80106,24.66125]]}},{"type":"Feature","properties":{"id":"0000500105100G","name":"國道5號(蘇澳到羅東)"},"geometry":{"type":"LineString","coordinates":[[121.80469,24.64412],[121.80479,24.65054],[121.80459,24.65301]]}},{"type":"Feature","properties":{"id":"0000500105200G","name":"國道5號(蘇澳到羅東)"},"geometry":{"type":"LineString","coordinates":[[121.8062,24.63538],[121.8051,24.64004],[121.80469,24.64412]]}},{"type":"Feature","properties":{"id":"0000500105300G","name":"國道5號(蘇澳到羅東)"},"geometry":{"type":"LineString","coordinates":[[121.80874,24.62682],[121.80771,24.62979],[121.8062,24.63538]]}},{"type":"Feature","properties":{"id":"0000500105400G","name":"國道5號(蘇澳到羅東)"},"geometry":{"type":"LineString","coordinates":[[121.81038,24.62319],[121.80874,24.62682]]}},{"type":"Feature","properties":{"id":"0000501001010A","name":""},"geometry":{"type":"LineString","coordinates":[[121.62008,25.03543],[121.61925,25.03524],[121.61896,25.03579],[121.61923,25.03608],[121.61983,25.03615],[121.62334,25.03508]]}},{"type":"Feature","properties":{"id":"0000501002000F","name":""},"geometry":{"type":"LineString","coordinates":[[121.64527,25.01073],[121.64666,25.00892]]}},{"type":"Feature","properties":{"id":"0000501002030F","name":""},"geometry":{"type":"LineString","coordinates":[[121.64705,25.00837],[121.64945,25.0063],[121.65046,25.00465]]}},{"type":"Feature","properties":{"id":"0000501003000F","name":""},"geometry":{"type":"LineString","coordinates":[[121.71046,24.94463],[121.71106,24.94345],[121.71101,24.94198],[121.71121,24.94145],[121.71166,24.94133],[121.71258,24.94174]]}},{"type":"Feature","properties":{"id":"0000501003010F","name":""},"geometry":{"type":"LineString","coordinates":[[121.71256,24.94177],[121.71145,24.94137],[121.71114,24.94183],[121.71131,24.94216],[121.71164,24.94224],[121.71229,24.94181]]}},{"type":"Feature","properties":{"id":"0000501004003G","name":""},"geometry":{"type":"LineString","coordinates":[[121.7905,24.83451],[121.79056,24.83123]]}},{"type":"Feature","properties":{"id":"0000501004010G","name":""},"geometry":{"type":"LineString","coordinates":[[121.79208,24.8315],[121.79225,24.82958],[121.79182,24.8286],[121.79103,24.82801],[121.78997,24.82792],[121.78901,24.82846],[121.78887,24.82879],[121.78901,24.82914],[121.78959,24.8293],[121.78994,24.82899],[121.78958,24.82775],[121.78881,24.82645],[121.78677,24.82403]]}},{"type":"Feature","properties":{"id":"0000501004020G","name":""},"geometry":{"type":"LineString","coordinates":[[121.78736,24.82517],[121.78832,24.82615],[121.78862,24.82677],[121.78871,24.82914],[121.7901,24.83019],[121.79056,24.83123]]}},{"type":"Feature","properties":{"id":"0000501005000G","name":""},"geometry":{"type":"LineString","coordinates":[[121.77853,24.78423],[121.77802,24.78106],[121.77794,24.77923],[121.77818,24.77698]]}},{"type":"Feature","properties":{"id":"0000501005010G","name":""},"geometry":{"type":"LineString","coordinates":[[121.78145,24.73713],[121.78179,24.73476],[121.78342,24.72976]]}},{"type":"Feature","properties":{"id":"0000501006000G","name":""},"geometry":{"type":"LineString","coordinates":[[121.79076,24.70142],[121.79064,24.69409]]}},{"type":"Feature","properties":{"id":"0000501006016G","name":""},"geometry":{"type":"LineString","coordinates":[[121.79408,24.67704],[121.79564,24.67179]]}},{"type":"Feature","properties":{"id":"0000501007013G","name":""},"geometry":{"type":"LineString","coordinates":[[121.81583,24.62198],[121.81762,24.62234],[121.81918,24.62216],[121.82075,24.62142],[121.82208,24.62029]]}},{"type":"Feature","properties":{"id":"0000501080000G","name":""},"geometry":{"type":"LineString","coordinates":[[121.81583,24.62198],[121.81677,24.62208],[121.81724,24.62188],[121.81732,24.62132],[121.81682,24.62083]]}},{"type":"Feature","properties":{"id":"0000501080010G","name":""},"geometry":{"type":"LineString","coordinates":[[121.81637,24.62031],[121.81848,24.62184],[121.81915,24.62198],[121.82052,24.6215],[121.82208,24.62029]]}},{"type":"Feature","properties":{"id":"0000501102000F","name":""},"geometry":{"type":"LineString","coordinates":[[121.65064,25.00446],[121.64979,25.00642],[121.64798,25.00876]]}},{"type":"Feature","properties":{"id":"0000501102010F","name":""},"geometry":{"type":"LineString","coordinates":[[121.64791,25.00882],[121.64587,25.01057]]}},{"type":"Feature","properties":{"id":"0000501103000F","name":""},"geometry":{"type":"LineString","coordinates":[[121.71258,24.94174],[121.71405,24.94247],[121.71423,24.94288],[121.71413,24.94323],[121.71358,24.94351],[121.71274,24.94334],[121.71211,24.94343],[121.71091,24.94452]]}},{"type":"Feature","properties":{"id":"0000501103010F","name":""},"geometry":{"type":"LineString","coordinates":[[121.71262,24.94195],[121.71248,24.94261],[121.71275,24.94311],[121.71344,24.94344],[121.71408,24.94321],[121.71417,24.94288],[121.71401,24.94251],[121.71256,24.94177]]}},{"type":"Feature","properties":{"id":"0000501104000G","name":""},"geometry":{"type":"LineString","coordinates":[[121.78762,24.82466],[121.78902,24.82573],[121.79031,24.82738],[121.79184,24.82835],[121.79231,24.82905],[121.79247,24.83029],[121.79191,24.83346]]}},{"type":"Feature","properties":{"id":"0000501104030G","name":""},"geometry":{"type":"LineString","coordinates":[[121.79115,24.83768],[121.7911,24.83813],[121.79149,24.83844]]}},{"type":"Feature","properties":{"id":"0000501104075G","name":""},"geometry":{"type":"LineString","coordinates":[[121.79105,24.8377],[121.79144,24.83614],[121.79208,24.8315]]}},{"type":"Feature","properties":{"id":"0000501104098G","name":""},"geometry":{"type":"LineString","coordinates":[[121.79104,24.83256],[121.79111,24.83339],[121.79075,24.83485]]}},{"type":"Feature","properties":{"id":"0000501104100G","name":""},"geometry":{"type":"LineString","coordinates":[[121.78769,24.82413],[121.78918,24.82625],[121.79068,24.82926]]}},{"type":"Feature","properties":{"id":"0000501104120G","name":""},"geometry":{"type":"LineString","coordinates":[[121.79075,24.83485],[121.79033,24.83594]]}},{"type":"Feature","properties":{"id":"0000501105000G","name":""},"geometry":{"type":"LineString","coordinates":[[121.77868,24.77676],[121.77836,24.78],[121.7787,24.78455]]}},{"type":"Feature","properties":{"id":"0000501105010G","name":""},"geometry":{"type":"LineString","coordinates":[[121.7834,24.73018],[121.78242,24.734],[121.78194,24.73674]]}},{"type":"Feature","properties":{"id":"0000501106020G","name":""},"geometry":{"type":"LineString","coordinates":[[121.79105,24.69516],[121.79087,24.70158]]}},{"type":"Feature","properties":{"id":"0000501106030G","name":""},"geometry":{"type":"LineString","coordinates":[[121.79575,24.67182],[121.79422,24.67799]]}},{"type":"Feature","properties":{"id":"0000501107026G","name":""},"geometry":{"type":"LineString","coordinates":[[121.82635,24.61705],[121.82219,24.6205],[121.82005,24.62197]]}},{"type":"Feature","properties":{"id":"0000501180000G","name":""},"geometry":{"type":"LineString","coordinates":[[121.82005,24.62197],[121.81882,24.62256],[121.81772,24.62267],[121.81772,24.62154],[121.81682,24.62083]]}},{"type":"Feature","properties":{"id":"0000501180010G","name":""},"geometry":{"type":"LineString","coordinates":[[121.81637,24.62031],[121.81747,24.62139],[121.81753,24.62254],[121.81715,24.62265],[121.81564,24.62206]]}},{"type":"Feature","properties":{"id":"0000600000000B","name":"國道6號(霧峰系統到舊正)"},"geometry":{"type":"LineString","coordinates":[[120.67106,24.02601],[120.68074,24.02126]]}},{"type":"Feature","properties":{"id":"0000600000100B","name":"國道6號(霧峰系統到舊正)"},"geometry":{"type":"LineString","coordinates":[[120.68074,24.02126],[120.68434,24.0194],[120.68701,24.01751]]}},{"type":"Feature","properties":{"id":"0000600000180B","name":"國道6號(霧峰系統到舊正)"},"geometry":{"type":"LineString","coordinates":[[120.68701,24.01751],[120.6888,24.0161]]}},{"type":"Feature","properties":{"id":"0000600000200B","name":"國道6號(舊正到東草屯)"},"geometry":{"type":"LineString","coordinates":[[120.6888,24.0161],[120.69071,24.01483],[120.69258,24.01389],[120.69756,24.01231]]}},{"type":"Feature","properties":{"id":"0000600000300B","name":"國道6號(舊正到東草屯)"},"geometry":{"type":"LineString","coordinates":[[120.69756,24.01231],[120.7003,24.01133]]}},{"type":"Feature","properties":{"id":"0000600000330B","name":"國道6號(舊正到東草屯)"},"geometry":{"type":"LineString","coordinates":[[120.7003,24.01133],[120.7063,24.00816]]}},{"type":"Feature","properties":{"id":"0000600000400B","name":"國道6號(舊正到東草屯)"},"geometry":{"type":"LineString","coordinates":[[120.7063,24.00816],[120.7084,24.00731],[120.71077,24.00669]]}},{"type":"Feature","properties":{"id":"0000600000450M","name":"國道6號(舊正到東草屯)"},"geometry":{"type":"LineString","coordinates":[[120.71077,24.00669],[120.71445,24.00635]]}},{"type":"Feature","properties":{"id":"0000600000490M","name":"國道6號(舊正到東草屯)"},"geometry":{"type":"LineString","coordinates":[[120.71445,24.00635],[120.7157,24.0064]]}},{"type":"Feature","properties":{"id":"0000600000500M","name":"國道6號(舊正到東草屯)"},"geometry":{"type":"LineString","coordinates":[[120.7157,24.0064],[120.72195,24.00682]]}},{"type":"Feature","properties":{"id":"0000600000570M","name":"國道6號(東草屯到東草屯休息站)"},"geometry":{"type":"LineString","coordinates":[[120.72195,24.00682],[120.72527,24.00644]]}},{"type":"Feature","properties":{"id":"0000600000600M","name":"國道6號(東草屯休息站到國姓)"},"geometry":{"type":"LineString","coordinates":[[120.72527,24.00644],[120.73064,24.00482],[120.73473,24.00316]]}},{"type":"Feature","properties":{"id":"0000600000700M","name":"國道6號(東草屯休息站到國姓)"},"geometry":{"type":"LineString","coordinates":[[120.73473,24.00316],[120.73591,24.0026]]}},{"type":"Feature","properties":{"id":"0000600000720M","name":"國道6號(東草屯休息站到國姓)"},"geometry":{"type":"LineString","coordinates":[[120.73591,24.0026],[120.73846,24.00103],[120.74205,23.99793]]}},{"type":"Feature","properties":{"id":"0000600000800M","name":"國道6號(東草屯休息站到國姓)"},"geometry":{"type":"LineString","coordinates":[[120.74205,23.99793],[120.74459,23.9965],[120.74879,23.99488],[120.7507,23.99373]]}},{"type":"Feature","properties":{"id":"0000600000900M","name":"國道6號(東草屯休息站到國姓)"},"geometry":{"type":"LineString","coordinates":[[120.7507,23.99373],[120.75276,23.99187],[120.75524,23.98843],[120.75679,23.98667]]}},{"type":"Feature","properties":{"id":"0000600001000M","name":"國道6號(東草屯休息站到國姓)"},"geometry":{"type":"LineString","coordinates":[[120.75679,23.98667],[120.75816,23.98549],[120.76035,23.98417],[120.76275,23.98324],[120.76527,23.98259]]}},{"type":"Feature","properties":{"id":"0000600001100M","name":"國道6號(東草屯休息站到國姓)"},"geometry":{"type":"LineString","coordinates":[[120.76527,23.98259],[120.76719,23.98226],[120.76994,23.9821],[120.77158,23.98222],[120.77482,23.98306]]}},{"type":"Feature","properties":{"id":"0000600001200M","name":"國道6號(東草屯休息站到國姓)"},"geometry":{"type":"LineString","coordinates":[[120.77482,23.98306],[120.77708,23.9842],[120.78074,23.98739],[120.78268,23.98832]]}},{"type":"Feature","properties":{"id":"0000600001300M","name":"國道6號(東草屯休息站到國姓)"},"geometry":{"type":"LineString","coordinates":[[120.78268,23.98832],[120.78446,23.98863],[120.78604,23.98854],[120.79003,23.98717],[120.7922,23.98692]]}},{"type":"Feature","properties":{"id":"0000600001400M","name":"國道6號(東草屯休息站到國姓)"},"geometry":{"type":"LineString","coordinates":[[120.7922,23.98692],[120.79442,23.9873],[120.79812,23.98872],[120.79964,23.98983],[120.80048,23.99099]]}},{"type":"Feature","properties":{"id":"0000600001500M","name":"國道6號(東草屯休息站到國姓)"},"geometry":{"type":"LineString","coordinates":[[120.80048,23.99099],[120.8011,23.99263],[120.80127,23.99536],[120.80157,23.99637],[120.80242,23.99776],[120.80393,23.99908]]}},{"type":"Feature","properties":{"id":"0000600001600M","name":"國道6號(東草屯休息站到國姓)"},"geometry":{"type":"LineString","coordinates":[[120.80393,23.99908],[120.80946,24.00295],[120.81268,24.00445]]}},{"type":"Feature","properties":{"id":"0000600001710M","name":"國道6號(國姓到北山)"},"geometry":{"type":"LineString","coordinates":[[120.81268,24.00445],[120.81459,24.00489],[120.81665,24.00506]]}},{"type":"Feature","properties":{"id":"0000600001750M","name":"國道6號(國姓到北山)"},"geometry":{"type":"LineString","coordinates":[[120.81665,24.00506],[120.81906,24.00483]]}},{"type":"Feature","properties":{"id":"0000600001770M","name":"國道6號(國姓到北山)"},"geometry":{"type":"LineString","coordinates":[[120.81906,24.00483],[120.82294,24.00411]]}},{"type":"Feature","properties":{"id":"0000600001800M","name":"國道6號(國姓到北山)"},"geometry":{"type":"LineString","coordinates":[[120.82294,24.00411],[120.83378,24.00209]]}},{"type":"Feature","properties":{"id":"0000600001900M","name":"國道6號(國姓到北山)"},"geometry":{"type":"LineString","coordinates":[[120.83378,24.00209],[120.8427,24.00032]]}},{"type":"Feature","properties":{"id":"0000600002000M","name":"國道6號(國姓到北山)"},"geometry":{"type":"LineString","coordinates":[[120.8427,24.00032],[120.84803,23.99745],[120.85132,23.99508]]}},{"type":"Feature","properties":{"id":"0000600002100M","name":"國道6號(國姓到北山)"},"geometry":{"type":"LineString","coordinates":[[120.85132,23.99508],[120.85302,23.99342],[120.85435,23.99177],[120.85738,23.98752]]}},{"type":"Feature","properties":{"id":"0000600002200M","name":"國道6號(國姓到北山)"},"geometry":{"type":"LineString","coordinates":[[120.85738,23.98752],[120.85949,23.98553],[120.86321,23.98281],[120.86459,23.98143]]}},{"type":"Feature","properties":{"id":"0000600002300M","name":"國道6號(國姓到北山)"},"geometry":{"type":"LineString","coordinates":[[120.86459,23.98143],[120.86631,23.97958],[120.86842,23.97798],[120.87042,23.97703],[120.8724,23.97651]]}},{"type":"Feature","properties":{"id":"0000600002400M","name":"國道6號(國姓到北山)"},"geometry":{"type":"LineString","coordinates":[[120.8724,23.97651],[120.87499,23.97644]]}},{"type":"Feature","properties":{"id":"0000600002430M","name":"國道6號(國姓到北山)"},"geometry":{"type":"LineString","coordinates":[[120.87499,23.97644],[120.87559,23.97651],[120.88003,23.97813]]}},{"type":"Feature","properties":{"id":"0000600002490M","name":"國道6號(北山到愛蘭)"},"geometry":{"type":"LineString","coordinates":[[120.88003,23.97813],[120.88205,23.97923]]}},{"type":"Feature","properties":{"id":"0000600002510M","name":"國道6號(北山到愛蘭)"},"geometry":{"type":"LineString","coordinates":[[120.88205,23.97923],[120.88412,23.98031],[120.88671,23.98105],[120.88869,23.98121],[120.89083,23.98101]]}},{"type":"Feature","properties":{"id":"0000600002600M","name":"國道6號(北山到愛蘭)"},"geometry":{"type":"LineString","coordinates":[[120.89083,23.98101],[120.89723,23.97953],[120.90038,23.979]]}},{"type":"Feature","properties":{"id":"0000600002700M","name":"國道6號(北山到愛蘭)"},"geometry":{"type":"LineString","coordinates":[[120.90038,23.979],[120.90275,23.97858]]}},{"type":"Feature","properties":{"id":"0000600002730M","name":"國道6號(北山到愛蘭)"},"geometry":{"type":"LineString","coordinates":[[120.90275,23.97858],[120.90588,23.97824],[120.91016,23.97816]]}},{"type":"Feature","properties":{"id":"0000600002810M","name":"國道6號(北山到愛蘭)"},"geometry":{"type":"LineString","coordinates":[[120.91016,23.97816],[120.91557,23.97873]]}},{"type":"Feature","properties":{"id":"0000600002860M","name":"國道6號(北山到愛蘭)"},"geometry":{"type":"LineString","coordinates":[[120.91557,23.97873],[120.92032,23.97956]]}},{"type":"Feature","properties":{"id":"0000600002910M","name":"國道6號(愛蘭到埔里)"},"geometry":{"type":"LineString","coordinates":[[120.92032,23.97956],[120.92605,23.98101],[120.92984,23.98232]]}},{"type":"Feature","properties":{"id":"0000600003010M","name":"國道6號(愛蘭到埔里)"},"geometry":{"type":"LineString","coordinates":[[120.92984,23.98232],[120.9325,23.98367],[120.93714,23.98719]]}},{"type":"Feature","properties":{"id":"0000600003100M","name":"國道6號(愛蘭到埔里)"},"geometry":{"type":"LineString","coordinates":[[120.93714,23.98719],[120.93883,23.98821],[120.94183,23.98959],[120.94611,23.99084]]}},{"type":"Feature","properties":{"id":"0000600003200M","name":"國道6號(愛蘭到埔里)"},"geometry":{"type":"LineString","coordinates":[[120.94611,23.99084],[120.94879,23.99125],[120.95589,23.99157]]}},{"type":"Feature","properties":{"id":"0000600003300M","name":"國道6號(愛蘭到埔里)"},"geometry":{"type":"LineString","coordinates":[[120.95589,23.99157],[120.96099,23.99245],[120.96286,23.99235],[120.96431,23.99204]]}},{"type":"Feature","properties":{"id":"0000600003390M","name":"國道6號(埔里到埔里端)"},"geometry":{"type":"LineString","coordinates":[[120.96431,23.99204],[120.96559,23.9916]]}},{"type":"Feature","properties":{"id":"0000600003400M","name":"國道6號(埔里到埔里端)"},"geometry":{"type":"LineString","coordinates":[[120.96559,23.9916],[120.97074,23.98872],[120.97423,23.98743]]}},{"type":"Feature","properties":{"id":"0000600003500M","name":"國道6號(埔里到埔里端)"},"geometry":{"type":"LineString","coordinates":[[120.97423,23.98743],[120.97915,23.98612],[120.98338,23.98419]]}},{"type":"Feature","properties":{"id":"0000600003600M","name":"國道6號(埔里到埔里端)"},"geometry":{"type":"LineString","coordinates":[[120.98338,23.98419],[120.98568,23.98327],[120.98886,23.98236],[120.99166,23.98244],[120.99236,23.98206],[120.99251,23.98142]]}},{"type":"Feature","properties":{"id":"0000600003700M","name":"國道6號(埔里到埔里端)"},"geometry":{"type":"LineString","coordinates":[[120.99251,23.98142],[120.99234,23.9794]]}},{"type":"Feature","properties":{"id":"0000600100000B","name":"國道6號(舊正到霧峰系統)"},"geometry":{"type":"LineString","coordinates":[[120.6808,24.02136],[120.67151,24.02594]]}},{"type":"Feature","properties":{"id":"0000600100100B","name":"國道6號(舊正到霧峰系統)"},"geometry":{"type":"LineString","coordinates":[[120.6863,24.01821],[120.68399,24.01974],[120.6808,24.02136]]}},{"type":"Feature","properties":{"id":"0000600100200B","name":"國道6號(舊正到霧峰系統)"},"geometry":{"type":"LineString","coordinates":[[120.68882,24.01623],[120.6863,24.01821]]}},{"type":"Feature","properties":{"id":"0000600100210B","name":"國道6號(東草屯到舊正)"},"geometry":{"type":"LineString","coordinates":[[120.69759,24.01242],[120.69278,24.01394],[120.69078,24.01493],[120.68882,24.01623]]}},{"type":"Feature","properties":{"id":"0000600100310B","name":"國道6號(東草屯到舊正)"},"geometry":{"type":"LineString","coordinates":[[120.70039,24.01142],[120.69759,24.01242]]}},{"type":"Feature","properties":{"id":"0000600100390B","name":"國道6號(東草屯到舊正)"},"geometry":{"type":"LineString","coordinates":[[120.70635,24.00826],[120.70039,24.01142]]}},{"type":"Feature","properties":{"id":"0000600100400B","name":"國道6號(東草屯到舊正)"},"geometry":{"type":"LineString","coordinates":[[120.71098,24.00677],[120.70863,24.00735],[120.70635,24.00826]]}},{"type":"Feature","properties":{"id":"0000600100460M","name":"國道6號(東草屯到舊正)"},"geometry":{"type":"LineString","coordinates":[[120.7133,24.00651],[120.71098,24.00677]]}},{"type":"Feature","properties":{"id":"0000600100480M","name":"國道6號(東草屯到舊正)"},"geometry":{"type":"LineString","coordinates":[[120.71569,24.00651],[120.7133,24.00651]]}},{"type":"Feature","properties":{"id":"0000600100500M","name":"國道6號(東草屯到舊正)"},"geometry":{"type":"LineString","coordinates":[[120.71783,24.00669],[120.71569,24.00651]]}},{"type":"Feature","properties":{"id":"0000600100530M","name":"國道6號(東草屯休息站到東草屯)"},"geometry":{"type":"LineString","coordinates":[[120.72555,24.00651],[120.72155,24.00694],[120.71783,24.00669]]}},{"type":"Feature","properties":{"id":"0000600100600M","name":"國道6號(東草屯休息站到東草屯)"},"geometry":{"type":"LineString","coordinates":[[120.7295,24.00534],[120.72555,24.00651]]}},{"type":"Feature","properties":{"id":"0000600100650M","name":"國道6號(國姓到東草屯休息站)"},"geometry":{"type":"LineString","coordinates":[[120.7348,24.00327],[120.7295,24.00534]]}},{"type":"Feature","properties":{"id":"0000600100700M","name":"國道6號(國姓到東草屯休息站)"},"geometry":{"type":"LineString","coordinates":[[120.73858,24.00111],[120.7366,24.00239],[120.7348,24.00327]]}},{"type":"Feature","properties":{"id":"0000600100750M","name":"國道6號(國姓到東草屯休息站)"},"geometry":{"type":"LineString","coordinates":[[120.74214,23.99803],[120.73858,24.00111]]}},{"type":"Feature","properties":{"id":"0000600100800M","name":"國道6號(國姓到東草屯休息站)"},"geometry":{"type":"LineString","coordinates":[[120.75078,23.99384],[120.74887,23.99499],[120.74388,23.99696],[120.74214,23.99803]]}},{"type":"Feature","properties":{"id":"0000600100900M","name":"國道6號(國姓到東草屯休息站)"},"geometry":{"type":"LineString","coordinates":[[120.7569,23.98675],[120.75533,23.98853],[120.75286,23.99196],[120.75078,23.99384]]}},{"type":"Feature","properties":{"id":"0000600101000M","name":"國道6號(國姓到東草屯休息站)"},"geometry":{"type":"LineString","coordinates":[[120.7653,23.98271],[120.76279,23.98336],[120.76043,23.98427],[120.75844,23.98546],[120.7569,23.98675]]}},{"type":"Feature","properties":{"id":"0000600101100M","name":"國道6號(國姓到東草屯休息站)"},"geometry":{"type":"LineString","coordinates":[[120.77474,23.98317],[120.77205,23.98244],[120.77004,23.98223],[120.76722,23.98238],[120.7653,23.98271]]}},{"type":"Feature","properties":{"id":"0000600101200M","name":"國道6號(國姓到東草屯休息站)"},"geometry":{"type":"LineString","coordinates":[[120.78263,23.98845],[120.78065,23.98749],[120.7769,23.98423],[120.77474,23.98317]]}},{"type":"Feature","properties":{"id":"0000600101300M","name":"國道6號(國姓到東草屯休息站)"},"geometry":{"type":"LineString","coordinates":[[120.79217,23.98707],[120.79005,23.98731],[120.78605,23.98867],[120.78443,23.98877],[120.78263,23.98845]]}},{"type":"Feature","properties":{"id":"0000600101400M","name":"國道6號(國姓到東草屯休息站)"},"geometry":{"type":"LineString","coordinates":[[120.80035,23.99106],[120.79953,23.98994],[120.798,23.98882],[120.79441,23.98743],[120.79217,23.98707]]}},{"type":"Feature","properties":{"id":"0000600101500M","name":"國道6號(國姓到東草屯休息站)"},"geometry":{"type":"LineString","coordinates":[[120.80383,23.99919],[120.80229,23.99785],[120.80141,23.9964],[120.80105,23.99488],[120.80093,23.9926],[120.80035,23.99106]]}},{"type":"Feature","properties":{"id":"0000600101600M","name":"國道6號(國姓到東草屯休息站)"},"geometry":{"type":"LineString","coordinates":[[120.80998,24.00342],[120.80383,23.99919]]}},{"type":"Feature","properties":{"id":"0000600101680M","name":"國道6號(國姓到東草屯休息站)"},"geometry":{"type":"LineString","coordinates":[[120.81194,24.00433],[120.80998,24.00342]]}},{"type":"Feature","properties":{"id":"0000600101700M","name":"國道6號(國姓到東草屯休息站)"},"geometry":{"type":"LineString","coordinates":[[120.81784,24.00527],[120.81463,24.00506],[120.81194,24.00433]]}},{"type":"Feature","properties":{"id":"0000600101760M","name":"國道6號(北山到國姓)"},"geometry":{"type":"LineString","coordinates":[[120.81912,24.00515],[120.81784,24.00527]]}},{"type":"Feature","properties":{"id":"0000600101770M","name":"國道6號(北山到國姓)"},"geometry":{"type":"LineString","coordinates":[[120.82321,24.00442],[120.81912,24.00515]]}},{"type":"Feature","properties":{"id":"0000600101800M","name":"國道6號(北山到國姓)"},"geometry":{"type":"LineString","coordinates":[[120.83412,24.0024],[120.82321,24.00442]]}},{"type":"Feature","properties":{"id":"0000600101900M","name":"國道6號(北山到國姓)"},"geometry":{"type":"LineString","coordinates":[[120.84268,24.00072],[120.83412,24.0024]]}},{"type":"Feature","properties":{"id":"0000600101990M","name":"國道6號(北山到國姓)"},"geometry":{"type":"LineString","coordinates":[[120.84369,24.0002],[120.84268,24.00072]]}},{"type":"Feature","properties":{"id":"0000600102000M","name":"國道6號(北山到國姓)"},"geometry":{"type":"LineString","coordinates":[[120.85172,23.99491],[120.84898,23.99702],[120.84369,24.0002]]}},{"type":"Feature","properties":{"id":"0000600102100M","name":"國道6號(北山到國姓)"},"geometry":{"type":"LineString","coordinates":[[120.85748,23.9876],[120.85415,23.99225],[120.85172,23.99491]]}},{"type":"Feature","properties":{"id":"0000600102200M","name":"國道6號(北山到國姓)"},"geometry":{"type":"LineString","coordinates":[[120.8647,23.98151],[120.8633,23.98291],[120.85954,23.98566],[120.85748,23.9876]]}},{"type":"Feature","properties":{"id":"0000600102300M","name":"國道6號(北山到國姓)"},"geometry":{"type":"LineString","coordinates":[[120.8724,23.97676],[120.86988,23.97741],[120.8682,23.97826],[120.86641,23.97967],[120.8647,23.98151]]}},{"type":"Feature","properties":{"id":"0000600102400M","name":"國道6號(北山到國姓)"},"geometry":{"type":"LineString","coordinates":[[120.8753,23.97679],[120.8724,23.97676]]}},{"type":"Feature","properties":{"id":"0000600102440M","name":"國道6號(北山到國姓)"},"geometry":{"type":"LineString","coordinates":[[120.87973,23.97836],[120.8753,23.97679]]}},{"type":"Feature","properties":{"id":"0000600102480M","name":"國道6號(愛蘭到北山)"},"geometry":{"type":"LineString","coordinates":[[120.88185,23.97937],[120.87973,23.97836]]}},{"type":"Feature","properties":{"id":"0000600102510M","name":"國道6號(愛蘭到北山)"},"geometry":{"type":"LineString","coordinates":[[120.89084,23.98113],[120.88868,23.98133],[120.88668,23.98118],[120.88429,23.98051],[120.88185,23.97937]]}},{"type":"Feature","properties":{"id":"0000600102600M","name":"國道6號(愛蘭到北山)"},"geometry":{"type":"LineString","coordinates":[[120.90039,23.97921],[120.89735,23.97964],[120.89084,23.98113]]}},{"type":"Feature","properties":{"id":"0000600102700M","name":"國道6號(愛蘭到北山)"},"geometry":{"type":"LineString","coordinates":[[120.90278,23.97897],[120.90039,23.97921]]}},{"type":"Feature","properties":{"id":"0000600102730M","name":"國道6號(愛蘭到北山)"},"geometry":{"type":"LineString","coordinates":[[120.91009,23.97859],[120.90677,23.97858],[120.90278,23.97897]]}},{"type":"Feature","properties":{"id":"0000600102800M","name":"國道6號(愛蘭到北山)"},"geometry":{"type":"LineString","coordinates":[[120.9151,23.97904],[120.91009,23.97859]]}},{"type":"Feature","properties":{"id":"0000600102860M","name":"國道6號(愛蘭到北山)"},"geometry":{"type":"LineString","coordinates":[[120.91983,23.9796],[120.9151,23.97904]]}},{"type":"Feature","properties":{"id":"0000600102900M","name":"國道6號(愛蘭到北山)"},"geometry":{"type":"LineString","coordinates":[[120.92212,23.98008],[120.91983,23.9796]]}},{"type":"Feature","properties":{"id":"0000600102930M","name":"國道6號(埔里到愛蘭)"},"geometry":{"type":"LineString","coordinates":[[120.92594,23.98111],[120.92212,23.98008]]}},{"type":"Feature","properties":{"id":"0000600102970M","name":"國道6號(埔里到愛蘭)"},"geometry":{"type":"LineString","coordinates":[[120.9291,23.98219],[120.92594,23.98111]]}},{"type":"Feature","properties":{"id":"0000600103000M","name":"國道6號(埔里到愛蘭)"},"geometry":{"type":"LineString","coordinates":[[120.93707,23.98729],[120.93241,23.98376],[120.9291,23.98219]]}},{"type":"Feature","properties":{"id":"0000600103100M","name":"國道6號(埔里到愛蘭)"},"geometry":{"type":"LineString","coordinates":[[120.94607,23.99097],[120.94175,23.98969],[120.9388,23.98834],[120.93707,23.98729]]}},{"type":"Feature","properties":{"id":"0000600103200M","name":"國道6號(埔里到愛蘭)"},"geometry":{"type":"LineString","coordinates":[[120.95586,23.99169],[120.94933,23.99142],[120.94607,23.99097]]}},{"type":"Feature","properties":{"id":"0000600103300M","name":"國道6號(埔里端到埔里)"},"geometry":{"type":"LineString","coordinates":[[120.96565,23.9917],[120.96351,23.99238],[120.96095,23.99258],[120.95586,23.99169]]}},{"type":"Feature","properties":{"id":"0000600103400M","name":"國道6號(埔里端到埔里)"},"geometry":{"type":"LineString","coordinates":[[120.96671,23.99119],[120.96565,23.9917]]}},{"type":"Feature","properties":{"id":"0000600103420M","name":"國道6號(埔里端到埔里)"},"geometry":{"type":"LineString","coordinates":[[120.97426,23.98755],[120.97085,23.98881],[120.96671,23.99119]]}},{"type":"Feature","properties":{"id":"0000600103500M","name":"國道6號(埔里端到埔里)"},"geometry":{"type":"LineString","coordinates":[[120.98345,23.9843],[120.97919,23.98624],[120.97426,23.98755]]}},{"type":"Feature","properties":{"id":"0000600103600M","name":"國道6號(埔里端到埔里)"},"geometry":{"type":"LineString","coordinates":[[120.99263,23.98138],[120.99247,23.98215],[120.99167,23.98258],[120.98888,23.98249],[120.98569,23.98341],[120.98345,23.9843]]}},{"type":"Feature","properties":{"id":"0000600103700M","name":"國道6號(埔里端到埔里)"},"geometry":{"type":"LineString","coordinates":[[120.99247,23.97939],[120.99263,23.98138]]}},{"type":"Feature","properties":{"id":"0000601001010B","name":""},"geometry":{"type":"LineString","coordinates":[[120.67074,24.03021],[120.66909,24.02868],[120.66883,24.02778],[120.66928,24.02698],[120.67106,24.02601]]}},{"type":"Feature","properties":{"id":"0000601002000B","name":""},"geometry":{"type":"LineString","coordinates":[[120.68701,24.01751],[120.68801,24.01651],[120.68987,24.01518],[120.68999,24.01439]]}},{"type":"Feature","properties":{"id":"0000601002010B","name":""},"geometry":{"type":"LineString","coordinates":[[120.69583,24.01263],[120.7003,24.01133]]}},{"type":"Feature","properties":{"id":"0000601003000M","name":""},"geometry":{"type":"LineString","coordinates":[[120.71445,24.00635],[120.71707,24.00632],[120.71802,24.00611],[120.71887,24.00548],[120.71947,24.00454]]}},{"type":"Feature","properties":{"id":"0000601003030M","name":""},"geometry":{"type":"LineString","coordinates":[[120.71996,24.00384],[120.7195,24.0052],[120.71975,24.00612],[120.72056,24.00665],[120.72195,24.00682]]}},{"type":"Feature","properties":{"id":"0000601004000M","name":""},"geometry":{"type":"LineString","coordinates":[[120.81268,24.00445],[120.81353,24.00447],[120.814,24.00419],[120.81424,24.00358],[120.81401,24.00311],[120.81304,24.00298],[120.81259,24.00326],[120.81228,24.00391],[120.81337,24.00863],[120.81409,24.00999]]}},{"type":"Feature","properties":{"id":"0000601005000M","name":""},"geometry":{"type":"LineString","coordinates":[[120.88205,23.97923],[120.88339,23.9796],[120.88376,23.97933],[120.88376,23.97893],[120.88342,23.97867],[120.88299,23.97874],[120.88258,23.97921],[120.88242,23.97977],[120.88263,23.98056],[120.88358,23.98159],[120.8837,23.98238]]}},{"type":"Feature","properties":{"id":"0000601006000M","name":""},"geometry":{"type":"LineString","coordinates":[[120.92032,23.97956],[120.92531,23.98043],[120.92602,23.98009],[120.92646,23.97911]]}},{"type":"Feature","properties":{"id":"0000601006030M","name":""},"geometry":{"type":"LineString","coordinates":[[120.9266,23.97902],[120.92646,23.98028],[120.92669,23.98084],[120.92984,23.98232]]}},{"type":"Feature","properties":{"id":"0000601007000M","name":""},"geometry":{"type":"LineString","coordinates":[[120.96431,23.99204],[120.96572,23.99143],[120.96912,23.98932],[120.96929,23.98912],[120.9692,23.98882]]}},{"type":"Feature","properties":{"id":"0000601080000M","name":""},"geometry":{"type":"LineString","coordinates":[[120.72527,24.00644],[120.72855,24.00534],[120.73002,24.00454]]}},{"type":"Feature","properties":{"id":"0000601080010M","name":""},"geometry":{"type":"LineString","coordinates":[[120.73101,24.00419],[120.73213,24.004],[120.73591,24.0026]]}},{"type":"Feature","properties":{"id":"0000601101000B","name":""},"geometry":{"type":"LineString","coordinates":[[120.67151,24.02594],[120.67058,24.02657],[120.66991,24.02743],[120.66991,24.02829],[120.67051,24.02952]]}},{"type":"Feature","properties":{"id":"0000601102000B","name":""},"geometry":{"type":"LineString","coordinates":[[120.70039,24.01142],[120.69699,24.0129]]}},{"type":"Feature","properties":{"id":"0000601102030B","name":""},"geometry":{"type":"LineString","coordinates":[[120.69034,24.01525],[120.6863,24.01821]]}},{"type":"Feature","properties":{"id":"0000601103000M","name":""},"geometry":{"type":"LineString","coordinates":[[120.71783,24.00669],[120.71652,24.00691],[120.71621,24.00726],[120.7163,24.00778],[120.71712,24.00802],[120.71778,24.00768],[120.71947,24.00454]]}},{"type":"Feature","properties":{"id":"0000601103010M","name":""},"geometry":{"type":"LineString","coordinates":[[120.71996,24.00384],[120.71803,24.00754],[120.71734,24.00807],[120.71632,24.00796],[120.71495,24.00665],[120.7133,24.00651]]}},{"type":"Feature","properties":{"id":"0000601104000M","name":""},"geometry":{"type":"LineString","coordinates":[[120.81784,24.00527],[120.81426,24.00532],[120.8134,24.00574],[120.81315,24.0063],[120.81316,24.00735],[120.81346,24.00864],[120.81409,24.00999]]}},{"type":"Feature","properties":{"id":"0000601104030M","name":""},"geometry":{"type":"LineString","coordinates":[[120.81401,24.0101],[120.81305,24.00833],[120.812,24.00475],[120.80998,24.00342]]}},{"type":"Feature","properties":{"id":"0000601105000M","name":""},"geometry":{"type":"LineString","coordinates":[[120.88365,23.98237],[120.88348,23.98149],[120.8826,23.98058],[120.88236,23.97985],[120.88295,23.98039],[120.88353,23.98031],[120.8839,23.97935],[120.88383,23.97885],[120.88341,23.97858],[120.88291,23.9787],[120.88251,23.97918],[120.88236,23.97985],[120.88185,23.97937]]}},{"type":"Feature","properties":{"id":"0000601106000M","name":""},"geometry":{"type":"LineString","coordinates":[[120.92594,23.98111],[120.92443,23.98087],[120.92408,23.98117],[120.92406,23.98152],[120.92428,23.9818],[120.92484,23.98198],[120.92576,23.98159],[120.92604,23.98109],[120.92646,23.97911]]}},{"type":"Feature","properties":{"id":"0000601107010M","name":""},"geometry":{"type":"LineString","coordinates":[[120.97368,23.98762],[120.97345,23.98791]]}},{"type":"Feature","properties":{"id":"0000601107020M","name":""},"geometry":{"type":"LineString","coordinates":[[120.97345,23.98791],[120.97279,23.98814]]}},{"type":"Feature","properties":{"id":"0000601107040M","name":""},"geometry":{"type":"LineString","coordinates":[[120.97279,23.98814],[120.97086,23.98895],[120.96671,23.99119]]}},{"type":"Feature","properties":{"id":"0000800000260D","name":"國道8號(台南端到新吉)"},"geometry":{"type":"LineString","coordinates":[[120.19616,23.08138],[120.19923,23.08471]]}},{"type":"Feature","properties":{"id":"0000800000300D","name":"國道8號(台南端到新吉)"},"geometry":{"type":"LineString","coordinates":[[120.19923,23.08471],[120.20086,23.08603],[120.2035,23.08764],[120.20539,23.08848],[120.20771,23.08921]]}},{"type":"Feature","properties":{"id":"0000800000400D","name":"國道8號(新吉到台南系統)"},"geometry":{"type":"LineString","coordinates":[[120.20771,23.08921],[120.21031,23.08969],[120.21289,23.08985],[120.21697,23.08942]]}},{"type":"Feature","properties":{"id":"0000800000500D","name":"國道8號(新吉到台南系統)"},"geometry":{"type":"LineString","coordinates":[[120.21697,23.08942],[120.21896,23.08895],[120.22096,23.08822],[120.22285,23.0873],[120.22625,23.08522]]}},{"type":"Feature","properties":{"id":"0000800000600D","name":"國道8號(新吉到台南系統)"},"geometry":{"type":"LineString","coordinates":[[120.22625,23.08522],[120.23035,23.08284],[120.23482,23.0811]]}},{"type":"Feature","properties":{"id":"0000800000700D","name":"國道8號(新吉到台南系統)"},"geometry":{"type":"LineString","coordinates":[[120.23482,23.0811],[120.23933,23.08007],[120.24472,23.0796]]}},{"type":"Feature","properties":{"id":"0000800000810D","name":"國道8號(台南系統到新市)"},"geometry":{"type":"LineString","coordinates":[[120.24472,23.0796],[120.25095,23.07926],[120.25411,23.07885]]}},{"type":"Feature","properties":{"id":"0000800000900D","name":"國道8號(台南系統到新市)"},"geometry":{"type":"LineString","coordinates":[[120.25411,23.07885],[120.25869,23.07769]]}},{"type":"Feature","properties":{"id":"0000800000950D","name":"國道8號(台南系統到新市)"},"geometry":{"type":"LineString","coordinates":[[120.25869,23.07769],[120.26332,23.07569]]}},{"type":"Feature","properties":{"id":"0000800001000D","name":"國道8號(台南系統到新市)"},"geometry":{"type":"LineString","coordinates":[[120.26332,23.07569],[120.26747,23.07304],[120.27107,23.07012]]}},{"type":"Feature","properties":{"id":"0000800001100D","name":"國道8號(台南系統到新市)"},"geometry":{"type":"LineString","coordinates":[[120.27107,23.07012],[120.2728,23.06861]]}},{"type":"Feature","properties":{"id":"0000800001130D","name":"國道8號(新市到新化系統)"},"geometry":{"type":"LineString","coordinates":[[120.2728,23.06861],[120.27826,23.06415]]}},{"type":"Feature","properties":{"id":"0000800001200D","name":"國道8號(新市到新化系統)"},"geometry":{"type":"LineString","coordinates":[[120.27826,23.06415],[120.28104,23.0623],[120.28442,23.06053]]}},{"type":"Feature","properties":{"id":"0000800001280D","name":"國道8號(新市到新化系統)"},"geometry":{"type":"LineString","coordinates":[[120.28442,23.06053],[120.28658,23.05969]]}},{"type":"Feature","properties":{"id":"0000800001300D","name":"國道8號(新市到新化系統)"},"geometry":{"type":"LineString","coordinates":[[120.28658,23.05969],[120.29097,23.05855],[120.296,23.05809]]}},{"type":"Feature","properties":{"id":"0000800001400D","name":"國道8號(新市到新化系統)"},"geometry":{"type":"LineString","coordinates":[[120.296,23.05809],[120.2972,23.05812]]}},{"type":"Feature","properties":{"id":"0000800001420D","name":"國道8號(新市到新化系統)"},"geometry":{"type":"LineString","coordinates":[[120.2972,23.05812],[120.298,23.05815]]}},{"type":"Feature","properties":{"id":"0000800001430D","name":"國道8號(新市到新化系統)"},"geometry":{"type":"LineString","coordinates":[[120.298,23.05815],[120.30209,23.05871],[120.3054,23.0596]]}},{"type":"Feature","properties":{"id":"0000800001500D","name":"國道8號(新市到新化系統)"},"geometry":{"type":"LineString","coordinates":[[120.3054,23.0596],[120.31429,23.0634]]}},{"type":"Feature","properties":{"id":"0000800001600D","name":"國道8號(新市到新化系統)"},"geometry":{"type":"LineString","coordinates":[[120.31429,23.0634],[120.31688,23.06414]]}},{"type":"Feature","properties":{"id":"0000800001630D","name":"國道8號(新化系統到新化端)"},"geometry":{"type":"LineString","coordinates":[[120.31688,23.06414],[120.32042,23.06457],[120.32398,23.06434]]}},{"type":"Feature","properties":{"id":"0000800001700D","name":"國道8號(新化系統到新化端)"},"geometry":{"type":"LineString","coordinates":[[120.32398,23.06434],[120.32744,23.06351],[120.33046,23.06218]]}},{"type":"Feature","properties":{"id":"0000800001780D","name":"國道8號(新化系統到新化端)"},"geometry":{"type":"LineString","coordinates":[[120.33046,23.06218],[120.33116,23.06177]]}},{"type":"Feature","properties":{"id":"0000800100260D","name":"國道8號(新吉到台南端)"},"geometry":{"type":"LineString","coordinates":[[120.19904,23.08467],[120.19608,23.08143]]}},{"type":"Feature","properties":{"id":"0000800100300D","name":"國道8號(新吉到台南端)"},"geometry":{"type":"LineString","coordinates":[[120.20736,23.08921],[120.20545,23.0886],[120.20319,23.08759],[120.20088,23.08617],[120.19904,23.08467]]}},{"type":"Feature","properties":{"id":"0000800100400D","name":"國道8號(台南系統到新吉)"},"geometry":{"type":"LineString","coordinates":[[120.21691,23.08957],[120.21464,23.08988],[120.21242,23.08993],[120.21015,23.08977],[120.20736,23.08921]]}},{"type":"Feature","properties":{"id":"0000800100500D","name":"國道8號(台南系統到新吉)"},"geometry":{"type":"LineString","coordinates":[[120.22582,23.0856],[120.22338,23.08711],[120.22097,23.08831],[120.21691,23.08957]]}},{"type":"Feature","properties":{"id":"0000800100600D","name":"國道8號(台南系統到新吉)"},"geometry":{"type":"LineString","coordinates":[[120.23436,23.08134],[120.23048,23.08289],[120.22582,23.0856]]}},{"type":"Feature","properties":{"id":"0000800100700D","name":"國道8號(台南系統到新吉)"},"geometry":{"type":"LineString","coordinates":[[120.24469,23.07971],[120.23883,23.08025],[120.23436,23.08134]]}},{"type":"Feature","properties":{"id":"0000800100810D","name":"國道8號(新市到台南系統)"},"geometry":{"type":"LineString","coordinates":[[120.25365,23.07903],[120.25095,23.07938],[120.24469,23.07971]]}},{"type":"Feature","properties":{"id":"0000800100900D","name":"國道8號(新市到台南系統)"},"geometry":{"type":"LineString","coordinates":[[120.25873,23.0778],[120.25665,23.07843],[120.25365,23.07903]]}},{"type":"Feature","properties":{"id":"0000800100960D","name":"國道8號(新市到台南系統)"},"geometry":{"type":"LineString","coordinates":[[120.26285,23.07606],[120.25873,23.0778]]}},{"type":"Feature","properties":{"id":"0000800101000D","name":"國道8號(新市到台南系統)"},"geometry":{"type":"LineString","coordinates":[[120.27064,23.07064],[120.26615,23.07409],[120.26285,23.07606]]}},{"type":"Feature","properties":{"id":"0000800101100D","name":"國道8號(新市到台南系統)"},"geometry":{"type":"LineString","coordinates":[[120.27292,23.06869],[120.27064,23.07064]]}},{"type":"Feature","properties":{"id":"0000800101140D","name":"國道8號(新化系統到新市)"},"geometry":{"type":"LineString","coordinates":[[120.27784,23.06458],[120.27292,23.06869]]}},{"type":"Feature","properties":{"id":"0000800101200D","name":"國道8號(新化系統到新市)"},"geometry":{"type":"LineString","coordinates":[[120.28444,23.06063],[120.28109,23.06237],[120.27784,23.06458]]}},{"type":"Feature","properties":{"id":"0000800101290D","name":"國道8號(新化系統到新市)"},"geometry":{"type":"LineString","coordinates":[[120.28615,23.05995],[120.28444,23.06063]]}},{"type":"Feature","properties":{"id":"0000800101300D","name":"國道8號(新化系統到新市)"},"geometry":{"type":"LineString","coordinates":[[120.29566,23.05822],[120.29102,23.05864],[120.28615,23.05995]]}},{"type":"Feature","properties":{"id":"0000800101400D","name":"國道8號(新化系統到新市)"},"geometry":{"type":"LineString","coordinates":[[120.29715,23.05823],[120.29566,23.05822]]}},{"type":"Feature","properties":{"id":"0000800101420D","name":"國道8號(新化系統到新市)"},"geometry":{"type":"LineString","coordinates":[[120.29795,23.05825],[120.29715,23.05823]]}},{"type":"Feature","properties":{"id":"0000800101430D","name":"國道8號(新化系統到新市)"},"geometry":{"type":"LineString","coordinates":[[120.30523,23.05966],[120.3016,23.05871],[120.29795,23.05825]]}},{"type":"Feature","properties":{"id":"0000800101500D","name":"國道8號(新化系統到新市)"},"geometry":{"type":"LineString","coordinates":[[120.31478,23.06366],[120.30523,23.05966]]}},{"type":"Feature","properties":{"id":"0000800101610D","name":"國道8號(新化端到新化系統)"},"geometry":{"type":"LineString","coordinates":[[120.32373,23.06447],[120.32154,23.06466],[120.3189,23.06455],[120.31478,23.06366]]}},{"type":"Feature","properties":{"id":"0000800101700D","name":"國道8號(新化端到新化系統)"},"geometry":{"type":"LineString","coordinates":[[120.33024,23.06239],[120.32665,23.06386],[120.32373,23.06447]]}},{"type":"Feature","properties":{"id":"0000800101780D","name":"國道8號(新化端到新化系統)"},"geometry":{"type":"LineString","coordinates":[[120.33142,23.06173],[120.33024,23.06239]]}},{"type":"Feature","properties":{"id":"0000801001000D","name":"國道8號(台南端到新吉)"},"geometry":{"type":"LineString","coordinates":[[120.19541,23.08039],[120.19616,23.08138]]}},{"type":"Feature","properties":{"id":"0000801002000D","name":""},"geometry":{"type":"LineString","coordinates":[[120.21242,23.08969],[120.21466,23.08968],[120.21697,23.08942]]}},{"type":"Feature","properties":{"id":"0000801003010D","name":""},"geometry":{"type":"LineString","coordinates":[[120.24895,23.07858],[120.25034,23.07708],[120.25165,23.07606]]}},{"type":"Feature","properties":{"id":"0000801003020D","name":""},"geometry":{"type":"LineString","coordinates":[[120.24895,23.07858],[120.25041,23.07745],[120.2512,23.07711],[120.25236,23.07712],[120.25358,23.07766],[120.25442,23.07868],[120.25459,23.07971],[120.25424,23.08054],[120.25295,23.08199]]}},{"type":"Feature","properties":{"id":"0000801003050D","name":""},"geometry":{"type":"LineString","coordinates":[[120.25313,23.07587],[120.25349,23.07697],[120.25415,23.07765],[120.25485,23.07798],[120.25616,23.07806]]}},{"type":"Feature","properties":{"id":"0000801004020D","name":""},"geometry":{"type":"LineString","coordinates":[[120.27583,23.06593],[120.27772,23.06423],[120.27788,23.06378],[120.27768,23.06345],[120.27734,23.06335],[120.27691,23.06359],[120.27706,23.06445]]}},{"type":"Feature","properties":{"id":"0000801004030D","name":""},"geometry":{"type":"LineString","coordinates":[[120.27994,23.06412],[120.27902,23.06377],[120.27898,23.06353],[120.28159,23.06186],[120.28442,23.06053]]}},{"type":"Feature","properties":{"id":"0000801005010D","name":""},"geometry":{"type":"LineString","coordinates":[[120.31969,23.06429],[120.32116,23.06399],[120.32204,23.06333],[120.3225,23.06211],[120.32227,23.06075]]}},{"type":"Feature","properties":{"id":"0000801005050D","name":""},"geometry":{"type":"LineString","coordinates":[[120.32412,23.06421],[120.32469,23.06401],[120.32497,23.0637],[120.325,23.06339],[120.32474,23.06306],[120.3241,23.06308],[120.32389,23.06381],[120.3256,23.06728]]}},{"type":"Feature","properties":{"id":"0000801101000D","name":"國道8號(新吉到台南端)"},"geometry":{"type":"LineString","coordinates":[[120.19608,23.08143],[120.1953,23.08042]]}},{"type":"Feature","properties":{"id":"0000801103010D","name":""},"geometry":{"type":"LineString","coordinates":[[120.25566,23.07931],[120.25463,23.08076],[120.25295,23.08199]]}},{"type":"Feature","properties":{"id":"0000801103060D","name":""},"geometry":{"type":"LineString","coordinates":[[120.25313,23.07587],[120.25254,23.07989],[120.25273,23.0804],[120.25317,23.08082],[120.25389,23.08074],[120.25412,23.08039],[120.25402,23.07995],[120.25356,23.07957],[120.25295,23.0794],[120.2498,23.07988],[120.24855,23.07985]]}},{"type":"Feature","properties":{"id":"0000801104000D","name":""},"geometry":{"type":"LineString","coordinates":[[120.28444,23.06063],[120.27982,23.0633],[120.27968,23.06374],[120.28007,23.06406]]}},{"type":"Feature","properties":{"id":"0000801104030D","name":""},"geometry":{"type":"LineString","coordinates":[[120.27994,23.06412],[120.27928,23.06401],[120.27858,23.06419],[120.27402,23.06783]]}},{"type":"Feature","properties":{"id":"0000801104040D","name":""},"geometry":{"type":"LineString","coordinates":[[120.27785,23.06547],[120.27749,23.06531],[120.27714,23.06541],[120.27402,23.06783]]}},{"type":"Feature","properties":{"id":"0000801105020D","name":""},"geometry":{"type":"LineString","coordinates":[[120.32688,23.06401],[120.32315,23.06473],[120.32276,23.06509],[120.32286,23.06564],[120.32333,23.06581],[120.32373,23.06561],[120.3238,23.06473]]}},{"type":"Feature","properties":{"id":"0000801105060D","name":""},"geometry":{"type":"LineString","coordinates":[[120.32251,23.05948],[120.32367,23.06289],[120.32345,23.06389],[120.32289,23.06458],[120.32207,23.06503],[120.32075,23.06512],[120.31639,23.0642]]}},{"type":"Feature","properties":{"id":"0001000000000E","name":"國道10號(左營端到鼎金系統)"},"geometry":{"type":"LineString","coordinates":[[120.31485,22.6791],[120.31718,22.67914],[120.31895,22.67887],[120.32039,22.67831],[120.32275,22.67691]]}},{"type":"Feature","properties":{"id":"0001000000090E","name":"國道10號(左營端到鼎金系統)"},"geometry":{"type":"LineString","coordinates":[[120.32275,22.67691],[120.32376,22.67633]]}},{"type":"Feature","properties":{"id":"0001000000100E","name":"國道10號(左營端到鼎金系統)"},"geometry":{"type":"LineString","coordinates":[[120.32376,22.67633],[120.32506,22.67573]]}},{"type":"Feature","properties":{"id":"0001000000120E","name":"國道10號(左營端到鼎金系統)"},"geometry":{"type":"LineString","coordinates":[[120.32506,22.67573],[120.32641,22.67534],[120.32841,22.67512]]}},{"type":"Feature","properties":{"id":"0001000000160E","name":"國道10號(鼎金系統到仁武)"},"geometry":{"type":"LineString","coordinates":[[120.32841,22.67512],[120.33034,22.67536],[120.33222,22.67598]]}},{"type":"Feature","properties":{"id":"0001000000200E","name":"國道10號(鼎金系統到仁武)"},"geometry":{"type":"LineString","coordinates":[[120.33222,22.67598],[120.34153,22.68043]]}},{"type":"Feature","properties":{"id":"0001000000300E","name":"國道10號(鼎金系統到仁武)"},"geometry":{"type":"LineString","coordinates":[[120.34153,22.68043],[120.35029,22.6844]]}},{"type":"Feature","properties":{"id":"0001000000400E","name":"國道10號(鼎金系統到仁武)"},"geometry":{"type":"LineString","coordinates":[[120.35029,22.6844],[120.35353,22.6859],[120.35479,22.68679],[120.35641,22.68858],[120.35727,22.69024]]}},{"type":"Feature","properties":{"id":"0001000000500E","name":"國道10號(鼎金系統到仁武)"},"geometry":{"type":"LineString","coordinates":[[120.35727,22.69024],[120.35831,22.69487]]}},{"type":"Feature","properties":{"id":"0001000000560E","name":"國道10號(鼎金系統到仁武)"},"geometry":{"type":"LineString","coordinates":[[120.35831,22.69487],[120.35913,22.69906]]}},{"type":"Feature","properties":{"id":"0001000000600E","name":"國道10號(仁武到燕巢)"},"geometry":{"type":"LineString","coordinates":[[120.35913,22.69906],[120.36023,22.70498],[120.36045,22.70796]]}},{"type":"Feature","properties":{"id":"0001000000700E","name":"國道10號(仁武到燕巢)"},"geometry":{"type":"LineString","coordinates":[[120.36045,22.70796],[120.3604,22.71004]]}},{"type":"Feature","properties":{"id":"0001000000730E","name":"國道10號(仁武到燕巢)"},"geometry":{"type":"LineString","coordinates":[[120.3604,22.71004],[120.35979,22.71693]]}},{"type":"Feature","properties":{"id":"0001000000800E","name":"國道10號(仁武到燕巢)"},"geometry":{"type":"LineString","coordinates":[[120.35979,22.71693],[120.35972,22.72105],[120.36027,22.7259]]}},{"type":"Feature","properties":{"id":"0001000000900E","name":"國道10號(仁武到燕巢)"},"geometry":{"type":"LineString","coordinates":[[120.36027,22.7259],[120.36118,22.73483]]}},{"type":"Feature","properties":{"id":"0001000001000E","name":"國道10號(仁武到燕巢)"},"geometry":{"type":"LineString","coordinates":[[120.36118,22.73483],[120.36238,22.74376]]}},{"type":"Feature","properties":{"id":"0001000001100E","name":"國道10號(仁武到燕巢)"},"geometry":{"type":"LineString","coordinates":[[120.36238,22.74376],[120.36293,22.74658],[120.36364,22.74856],[120.36439,22.74998],[120.36593,22.752]]}},{"type":"Feature","properties":{"id":"0001000001200E","name":"國道10號(仁武到燕巢)"},"geometry":{"type":"LineString","coordinates":[[120.36593,22.752],[120.36742,22.75349]]}},{"type":"Feature","properties":{"id":"0001000001230E","name":"國道10號(燕巢到燕巢系統)"},"geometry":{"type":"LineString","coordinates":[[120.36742,22.75349],[120.37081,22.75597],[120.37371,22.7574]]}},{"type":"Feature","properties":{"id":"0001000001300E","name":"國道10號(燕巢到燕巢系統)"},"geometry":{"type":"LineString","coordinates":[[120.37371,22.7574],[120.3747,22.75778]]}},{"type":"Feature","properties":{"id":"0001000001320E","name":"國道10號(燕巢到燕巢系統)"},"geometry":{"type":"LineString","coordinates":[[120.3747,22.75778],[120.37807,22.75873],[120.38314,22.75965]]}},{"type":"Feature","properties":{"id":"0001000001400E","name":"國道10號(燕巢到燕巢系統)"},"geometry":{"type":"LineString","coordinates":[[120.38314,22.75965],[120.38789,22.76061],[120.39088,22.76176],[120.39226,22.7625]]}},{"type":"Feature","properties":{"id":"0001000001500E","name":"國道10號(燕巢到燕巢系統)"},"geometry":{"type":"LineString","coordinates":[[120.39226,22.7625],[120.39786,22.76671],[120.39996,22.76799]]}},{"type":"Feature","properties":{"id":"0001000001600E","name":"國道10號(燕巢到燕巢系統)"},"geometry":{"type":"LineString","coordinates":[[120.39996,22.76799],[120.40249,22.76914],[120.40891,22.77156]]}},{"type":"Feature","properties":{"id":"0001000001700E","name":"國道10號(燕巢到燕巢系統)"},"geometry":{"type":"LineString","coordinates":[[120.40891,22.77156],[120.41485,22.77377],[120.41777,22.77525]]}},{"type":"Feature","properties":{"id":"0001000001800E","name":"國道10號(燕巢到燕巢系統)"},"geometry":{"type":"LineString","coordinates":[[120.41777,22.77525],[120.42013,22.77689],[120.42246,22.77912]]}},{"type":"Feature","properties":{"id":"0001000001870E","name":"國道10號(燕巢到燕巢系統)"},"geometry":{"type":"LineString","coordinates":[[120.42246,22.77912],[120.4244,22.78169]]}},{"type":"Feature","properties":{"id":"0001000001900E","name":"國道10號(燕巢到燕巢系統)"},"geometry":{"type":"LineString","coordinates":[[120.4244,22.78169],[120.42542,22.78332]]}},{"type":"Feature","properties":{"id":"0001000001930E","name":"國道10號(燕巢系統到嶺口)"},"geometry":{"type":"LineString","coordinates":[[120.42542,22.78332],[120.42754,22.78698]]}},{"type":"Feature","properties":{"id":"0001000001970E","name":"國道10號(燕巢系統到嶺口)"},"geometry":{"type":"LineString","coordinates":[[120.42754,22.78698],[120.42924,22.78949]]}},{"type":"Feature","properties":{"id":"0001000002000E","name":"國道10號(燕巢系統到嶺口)"},"geometry":{"type":"LineString","coordinates":[[120.42924,22.78949],[120.4307,22.79114],[120.43276,22.79294],[120.43444,22.79409],[120.43666,22.79527]]}},{"type":"Feature","properties":{"id":"0001000002100E","name":"國道10號(燕巢系統到嶺口)"},"geometry":{"type":"LineString","coordinates":[[120.43666,22.79527],[120.43911,22.79619],[120.44155,22.7967],[120.44377,22.79684],[120.44622,22.79668]]}},{"type":"Feature","properties":{"id":"0001000002200E","name":"國道10號(燕巢系統到嶺口)"},"geometry":{"type":"LineString","coordinates":[[120.44622,22.79668],[120.44958,22.79652]]}},{"type":"Feature","properties":{"id":"0001000002240E","name":"國道10號(嶺口到里港)"},"geometry":{"type":"LineString","coordinates":[[120.44958,22.79652],[120.45408,22.79742],[120.45584,22.79751]]}},{"type":"Feature","properties":{"id":"0001000002300E","name":"國道10號(嶺口到里港)"},"geometry":{"type":"LineString","coordinates":[[120.45584,22.79751],[120.4628,22.79708]]}},{"type":"Feature","properties":{"id":"0001000002380T","name":"國道10號(嶺口到里港)"},"geometry":{"type":"LineString","coordinates":[[120.4628,22.79708],[120.46555,22.79727]]}},{"type":"Feature","properties":{"id":"0001000002410T","name":"國道10號(嶺口到里港)"},"geometry":{"type":"LineString","coordinates":[[120.46555,22.79727],[120.46955,22.79805],[120.47361,22.79958]]}},{"type":"Feature","properties":{"id":"0001000002490T","name":"國道10號(嶺口到里港)"},"geometry":{"type":"LineString","coordinates":[[120.47361,22.79958],[120.47467,22.80012]]}},{"type":"Feature","properties":{"id":"0001000002500T","name":"國道10號(里港到旗山端)"},"geometry":{"type":"LineString","coordinates":[[120.47467,22.80012],[120.47675,22.80136],[120.47868,22.8028],[120.4819,22.80601]]}},{"type":"Feature","properties":{"id":"0001000002600T","name":"國道10號(里港到旗山端)"},"geometry":{"type":"LineString","coordinates":[[120.4819,22.80601],[120.4834,22.80807],[120.48446,22.80991],[120.4861,22.81406]]}},{"type":"Feature","properties":{"id":"0001000002700T","name":"國道10號(里港到旗山端)"},"geometry":{"type":"LineString","coordinates":[[120.4861,22.81406],[120.48667,22.81661],[120.48762,22.82293]]}},{"type":"Feature","properties":{"id":"0001000002800T","name":"國道10號(里港到旗山端)"},"geometry":{"type":"LineString","coordinates":[[120.48762,22.82293],[120.48819,22.82521],[120.48911,22.82766],[120.49116,22.83126]]}},{"type":"Feature","properties":{"id":"0001000002900T","name":"國道10號(里港到旗山端)"},"geometry":{"type":"LineString","coordinates":[[120.49116,22.83126],[120.49433,22.83611]]}},{"type":"Feature","properties":{"id":"0001000002970E","name":"國道10號(里港到旗山端)"},"geometry":{"type":"LineString","coordinates":[[120.49433,22.83611],[120.49553,22.83922]]}},{"type":"Feature","properties":{"id":"0001000003000E","name":"國道10號(里港到旗山端)"},"geometry":{"type":"LineString","coordinates":[[120.49553,22.83922],[120.496,22.84167],[120.49607,22.84346],[120.49579,22.84538],[120.49493,22.8484]]}},{"type":"Feature","properties":{"id":"0001000003110E","name":"國道10號(里港到旗山端)"},"geometry":{"type":"LineString","coordinates":[[120.49493,22.8484],[120.49475,22.85055],[120.49499,22.85448],[120.49429,22.85694]]}},{"type":"Feature","properties":{"id":"0001000003200E","name":"國道10號(里港到旗山端)"},"geometry":{"type":"LineString","coordinates":[[120.49429,22.85694],[120.49208,22.86006],[120.49158,22.86127],[120.49143,22.86334],[120.49202,22.86514]]}},{"type":"Feature","properties":{"id":"0001000003300E","name":"國道10號(里港到旗山端)"},"geometry":{"type":"LineString","coordinates":[[120.49202,22.86514],[120.49454,22.86839]]}},{"type":"Feature","properties":{"id":"0001000100040E","name":"國道10號(鼎金系統到左營端)"},"geometry":{"type":"LineString","coordinates":[[120.32273,22.67707],[120.32038,22.67841],[120.31839,22.67909]]}},{"type":"Feature","properties":{"id":"0001000100100E","name":"國道10號(鼎金系統到左營端)"},"geometry":{"type":"LineString","coordinates":[[120.32679,22.6754],[120.32481,22.67595],[120.32273,22.67707]]}},{"type":"Feature","properties":{"id":"0001000100140E","name":"國道10號(鼎金系統到左營端)"},"geometry":{"type":"LineString","coordinates":[[120.3296,22.67535],[120.32679,22.6754]]}},{"type":"Feature","properties":{"id":"0001000100170E","name":"國道10號(仁武到鼎金系統)"},"geometry":{"type":"LineString","coordinates":[[120.33317,22.67657],[120.33144,22.67579],[120.3296,22.67535]]}},{"type":"Feature","properties":{"id":"0001000100210E","name":"國道10號(仁武到鼎金系統)"},"geometry":{"type":"LineString","coordinates":[[120.3413,22.68047],[120.33317,22.67657]]}},{"type":"Feature","properties":{"id":"0001000100300E","name":"國道10號(仁武到鼎金系統)"},"geometry":{"type":"LineString","coordinates":[[120.35004,22.68443],[120.3413,22.68047]]}},{"type":"Feature","properties":{"id":"0001000100400E","name":"國道10號(仁武到鼎金系統)"},"geometry":{"type":"LineString","coordinates":[[120.35711,22.69021],[120.35599,22.68822],[120.35438,22.68663],[120.35334,22.68595],[120.35004,22.68443]]}},{"type":"Feature","properties":{"id":"0001000100500E","name":"國道10號(仁武到鼎金系統)"},"geometry":{"type":"LineString","coordinates":[[120.35846,22.69636],[120.35711,22.69021]]}},{"type":"Feature","properties":{"id":"0001000100570E","name":"國道10號(仁武到鼎金系統)"},"geometry":{"type":"LineString","coordinates":[[120.35898,22.69904],[120.35846,22.69636]]}},{"type":"Feature","properties":{"id":"0001000100600E","name":"國道10號(燕巢到仁武)"},"geometry":{"type":"LineString","coordinates":[[120.3603,22.70794],[120.36005,22.70461],[120.35898,22.69904]]}},{"type":"Feature","properties":{"id":"0001000100700E","name":"國道10號(燕巢到仁武)"},"geometry":{"type":"LineString","coordinates":[[120.36025,22.71019],[120.3603,22.70794]]}},{"type":"Feature","properties":{"id":"0001000100730E","name":"國道10號(燕巢到仁武)"},"geometry":{"type":"LineString","coordinates":[[120.35965,22.71691],[120.36025,22.71019]]}},{"type":"Feature","properties":{"id":"0001000100800E","name":"國道10號(燕巢到仁武)"},"geometry":{"type":"LineString","coordinates":[[120.36012,22.72587],[120.35958,22.72109],[120.35965,22.71691]]}},{"type":"Feature","properties":{"id":"0001000100900E","name":"國道10號(燕巢到仁武)"},"geometry":{"type":"LineString","coordinates":[[120.36103,22.73482],[120.36012,22.72587]]}},{"type":"Feature","properties":{"id":"0001000101000E","name":"國道10號(燕巢到仁武)"},"geometry":{"type":"LineString","coordinates":[[120.36223,22.74374],[120.36103,22.73482]]}},{"type":"Feature","properties":{"id":"0001000101100E","name":"國道10號(燕巢到仁武)"},"geometry":{"type":"LineString","coordinates":[[120.36574,22.75197],[120.36425,22.75002],[120.3635,22.7486],[120.36279,22.74662],[120.36223,22.74374]]}},{"type":"Feature","properties":{"id":"0001000101200E","name":"國道10號(燕巢到仁武)"},"geometry":{"type":"LineString","coordinates":[[120.36733,22.75357],[120.36574,22.75197]]}},{"type":"Feature","properties":{"id":"0001000101230E","name":"國道10號(燕巢系統到燕巢)"},"geometry":{"type":"LineString","coordinates":[[120.37338,22.75743],[120.37005,22.75568],[120.36733,22.75357]]}},{"type":"Feature","properties":{"id":"0001000101300E","name":"國道10號(燕巢系統到燕巢)"},"geometry":{"type":"LineString","coordinates":[[120.37465,22.75792],[120.37338,22.75743]]}},{"type":"Feature","properties":{"id":"0001000101320E","name":"國道10號(燕巢系統到燕巢)"},"geometry":{"type":"LineString","coordinates":[[120.38281,22.75969],[120.37818,22.7589],[120.37465,22.75792]]}},{"type":"Feature","properties":{"id":"0001000101400E","name":"國道10號(燕巢系統到燕巢)"},"geometry":{"type":"LineString","coordinates":[[120.39198,22.7625],[120.39078,22.76185],[120.38779,22.7607],[120.38281,22.75969]]}},{"type":"Feature","properties":{"id":"0001000101500E","name":"國道10號(燕巢系統到燕巢)"},"geometry":{"type":"LineString","coordinates":[[120.39968,22.768],[120.39759,22.76669],[120.39198,22.7625]]}},{"type":"Feature","properties":{"id":"0001000101600E","name":"國道10號(燕巢系統到燕巢)"},"geometry":{"type":"LineString","coordinates":[[120.40861,22.77158],[120.40201,22.7691],[120.39968,22.768]]}},{"type":"Feature","properties":{"id":"0001000101700E","name":"國道10號(燕巢系統到燕巢)"},"geometry":{"type":"LineString","coordinates":[[120.41751,22.77525],[120.41508,22.77402],[120.40861,22.77158]]}},{"type":"Feature","properties":{"id":"0001000101800E","name":"國道10號(燕巢系統到燕巢)"},"geometry":{"type":"LineString","coordinates":[[120.4242,22.78165],[120.42307,22.78],[120.42125,22.77806],[120.41951,22.77659],[120.41751,22.77525]]}},{"type":"Feature","properties":{"id":"0001000101900E","name":"國道10號(燕巢系統到燕巢)"},"geometry":{"type":"LineString","coordinates":[[120.42504,22.78299],[120.4242,22.78165]]}},{"type":"Feature","properties":{"id":"0001000101920E","name":"國道10號(燕巢系統到燕巢)"},"geometry":{"type":"LineString","coordinates":[[120.42649,22.78544],[120.42504,22.78299]]}},{"type":"Feature","properties":{"id":"0001000101950E","name":"國道10號(嶺口到燕巢系統)"},"geometry":{"type":"LineString","coordinates":[[120.4292,22.7896],[120.42649,22.78544]]}},{"type":"Feature","properties":{"id":"0001000102010E","name":"國道10號(嶺口到燕巢系統)"},"geometry":{"type":"LineString","coordinates":[[120.43639,22.79526],[120.43416,22.79403],[120.43243,22.79281],[120.43063,22.79121],[120.4292,22.7896]]}},{"type":"Feature","properties":{"id":"0001000102100E","name":"國道10號(嶺口到燕巢系統)"},"geometry":{"type":"LineString","coordinates":[[120.44586,22.79681],[120.44309,22.79693],[120.44068,22.79666],[120.43857,22.79613],[120.43639,22.79526]]}},{"type":"Feature","properties":{"id":"0001000102200E","name":"國道10號(嶺口到燕巢系統)"},"geometry":{"type":"LineString","coordinates":[[120.44957,22.79665],[120.44586,22.79681]]}},{"type":"Feature","properties":{"id":"0001000102240E","name":"國道10號(里港到嶺口)"},"geometry":{"type":"LineString","coordinates":[[120.4555,22.79759],[120.45405,22.79749],[120.44957,22.79665]]}},{"type":"Feature","properties":{"id":"0001000102300E","name":"國道10號(里港到嶺口)"},"geometry":{"type":"LineString","coordinates":[[120.46284,22.79719],[120.4555,22.79759]]}},{"type":"Feature","properties":{"id":"0001000102380T","name":"國道10號(里港到嶺口)"},"geometry":{"type":"LineString","coordinates":[[120.46523,22.79732],[120.46284,22.79719]]}},{"type":"Feature","properties":{"id":"0001000102400T","name":"國道10號(里港到嶺口)"},"geometry":{"type":"LineString","coordinates":[[120.4712,22.79868],[120.46772,22.7977],[120.46523,22.79732]]}},{"type":"Feature","properties":{"id":"0001000102470T","name":"國道10號(里港到嶺口)"},"geometry":{"type":"LineString","coordinates":[[120.47443,22.8001],[120.4712,22.79868]]}},{"type":"Feature","properties":{"id":"0001000102500T","name":"國道10號(旗山端到里港)"},"geometry":{"type":"LineString","coordinates":[[120.48173,22.80598],[120.47871,22.80294],[120.47658,22.80136],[120.47443,22.8001]]}},{"type":"Feature","properties":{"id":"0001000102600T","name":"國道10號(旗山端到里港)"},"geometry":{"type":"LineString","coordinates":[[120.48598,22.81404],[120.48509,22.81148],[120.48403,22.80929],[120.48173,22.80598]]}},{"type":"Feature","properties":{"id":"0001000102700T","name":"國道10號(旗山端到里港)"},"geometry":{"type":"LineString","coordinates":[[120.48751,22.82292],[120.48669,22.81734],[120.48598,22.81404]]}},{"type":"Feature","properties":{"id":"0001000102800T","name":"國道10號(旗山端到里港)"},"geometry":{"type":"LineString","coordinates":[[120.49101,22.83123],[120.48882,22.82724],[120.48804,22.82513],[120.48751,22.82292]]}},{"type":"Feature","properties":{"id":"0001000102900T","name":"國道10號(旗山端到里港)"},"geometry":{"type":"LineString","coordinates":[[120.49428,22.83623],[120.49101,22.83123]]}},{"type":"Feature","properties":{"id":"0001000102970E","name":"國道10號(旗山端到里港)"},"geometry":{"type":"LineString","coordinates":[[120.49542,22.83922],[120.49428,22.83623]]}},{"type":"Feature","properties":{"id":"0001000103000E","name":"國道10號(旗山端到里港)"},"geometry":{"type":"LineString","coordinates":[[120.49483,22.84839],[120.49566,22.8455],[120.49597,22.84343],[120.49586,22.84135],[120.49542,22.83922]]}},{"type":"Feature","properties":{"id":"0001000103110E","name":"國道10號(旗山端到里港)"},"geometry":{"type":"LineString","coordinates":[[120.49411,22.85701],[120.49462,22.85581],[120.4949,22.85433],[120.49464,22.84998],[120.49483,22.84839]]}},{"type":"Feature","properties":{"id":"0001000103200E","name":"國道10號(旗山端到里港)"},"geometry":{"type":"LineString","coordinates":[[120.49186,22.86508],[120.49127,22.86301],[120.49145,22.86129],[120.49218,22.85971],[120.49411,22.85701]]}},{"type":"Feature","properties":{"id":"0001000103300E","name":"國道10號(旗山端到里港)"},"geometry":{"type":"LineString","coordinates":[[120.49445,22.86844],[120.49186,22.86508]]}},{"type":"Feature","properties":{"id":"0001001001000E","name":""},"geometry":{"type":"LineString","coordinates":[[120.31159,22.68015],[120.31343,22.67934],[120.31485,22.6791]]}},{"type":"Feature","properties":{"id":"0001001001030E","name":""},"geometry":{"type":"LineString","coordinates":[[120.3196,22.67857],[120.32275,22.67691]]}},{"type":"Feature","properties":{"id":"0001001002023E","name":""},"geometry":{"type":"LineString","coordinates":[[120.32838,22.67766],[120.32872,22.67493]]}},{"type":"Feature","properties":{"id":"0001001003000E","name":""},"geometry":{"type":"LineString","coordinates":[[120.35831,22.69487],[120.35944,22.69981]]}},{"type":"Feature","properties":{"id":"0001001003010E","name":""},"geometry":{"type":"LineString","coordinates":[[120.36037,22.7047],[120.36055,22.70783],[120.3604,22.71004]]}},{"type":"Feature","properties":{"id":"0001001004006E","name":""},"geometry":{"type":"LineString","coordinates":[[120.36891,22.75449],[120.37114,22.7556]]}},{"type":"Feature","properties":{"id":"0001001004033E","name":""},"geometry":{"type":"LineString","coordinates":[[120.37124,22.75565],[120.37315,22.75691]]}},{"type":"Feature","properties":{"id":"0001001004040E","name":""},"geometry":{"type":"LineString","coordinates":[[120.36891,22.75449],[120.37013,22.75495],[120.37095,22.75502],[120.37175,22.75478],[120.37258,22.75416]]}},{"type":"Feature","properties":{"id":"0001001004050E","name":""},"geometry":{"type":"LineString","coordinates":[[120.37302,22.75386],[120.37218,22.75489],[120.37207,22.75545],[120.37233,22.75617],[120.37315,22.75691]]}},{"type":"Feature","properties":{"id":"0001001005020E","name":""},"geometry":{"type":"LineString","coordinates":[[120.42523,22.7814],[120.42638,22.78208],[120.42697,22.78314],[120.42691,22.78419],[120.42607,22.78577]]}},{"type":"Feature","properties":{"id":"0001001006000E","name":""},"geometry":{"type":"LineString","coordinates":[[120.44958,22.79652],[120.45449,22.79714],[120.45819,22.79834]]}},{"type":"Feature","properties":{"id":"0001001006020E","name":""},"geometry":{"type":"LineString","coordinates":[[120.45819,22.79834],[120.45853,22.79838]]}},{"type":"Feature","properties":{"id":"0001001007000T","name":""},"geometry":{"type":"LineString","coordinates":[[120.47361,22.79958],[120.47566,22.79998],[120.47932,22.79964],[120.49154,22.80022]]}},{"type":"Feature","properties":{"id":"0001001008010E","name":""},"geometry":{"type":"LineString","coordinates":[[120.49454,22.86839],[120.49487,22.86908]]}},{"type":"Feature","properties":{"id":"0001001101000E","name":""},"geometry":{"type":"LineString","coordinates":[[120.31839,22.67909],[120.31367,22.67949]]}},{"type":"Feature","properties":{"id":"0001001102010E","name":""},"geometry":{"type":"LineString","coordinates":[[120.33203,22.67623],[120.33088,22.67618],[120.33012,22.67655],[120.32954,22.67736],[120.32921,22.67867]]}},{"type":"Feature","properties":{"id":"0001001102020E","name":""},"geometry":{"type":"LineString","coordinates":[[120.33203,22.67623],[120.3304,22.67563],[120.32914,22.67467],[120.32858,22.67359],[120.32865,22.67231]]}},{"type":"Feature","properties":{"id":"0001001102030E","name":""},"geometry":{"type":"LineString","coordinates":[[120.32502,22.67548],[120.32651,22.67527],[120.32806,22.67616],[120.32896,22.67715],[120.32921,22.67867]]}},{"type":"Feature","properties":{"id":"0001001102050E","name":""},"geometry":{"type":"LineString","coordinates":[[120.32991,22.66823],[120.32922,22.67586],[120.32945,22.67636],[120.33001,22.67646],[120.33029,22.67618],[120.33028,22.67585],[120.3296,22.67535]]}},{"type":"Feature","properties":{"id":"0001001102060E","name":""},"geometry":{"type":"LineString","coordinates":[[120.32851,22.68002],[120.32838,22.67766]]}},{"type":"Feature","properties":{"id":"0001001102080E","name":""},"geometry":{"type":"LineString","coordinates":[[120.32774,22.67617],[120.32714,22.67577],[120.32644,22.6757],[120.32273,22.67707]]}},{"type":"Feature","properties":{"id":"0001001103000E","name":""},"geometry":{"type":"LineString","coordinates":[[120.35895,22.69965],[120.35846,22.69636]]}},{"type":"Feature","properties":{"id":"0001001104003E","name":""},"geometry":{"type":"LineString","coordinates":[[120.37164,22.75697],[120.37051,22.75681],[120.3695,22.75747]]}},{"type":"Feature","properties":{"id":"0001001104006E","name":""},"geometry":{"type":"LineString","coordinates":[[120.37465,22.75792],[120.37164,22.75697]]}},{"type":"Feature","properties":{"id":"0001001104040E","name":""},"geometry":{"type":"LineString","coordinates":[[120.37164,22.75697],[120.37051,22.75639]]}},{"type":"Feature","properties":{"id":"0001001104083E","name":""},"geometry":{"type":"LineString","coordinates":[[120.36889,22.75811],[120.36991,22.75653],[120.36982,22.756],[120.36938,22.75548]]}},{"type":"Feature","properties":{"id":"0001001104086E","name":""},"geometry":{"type":"LineString","coordinates":[[120.36938,22.75548],[120.36733,22.75357]]}},{"type":"Feature","properties":{"id":"0001001104090E","name":""},"geometry":{"type":"LineString","coordinates":[[120.37043,22.75633],[120.36938,22.75548]]}},{"type":"Feature","properties":{"id":"0001001105020E","name":""},"geometry":{"type":"LineString","coordinates":[[120.42791,22.78843],[120.42625,22.78756],[120.42551,22.78654],[120.42547,22.7853],[120.42633,22.78342]]}},{"type":"Feature","properties":{"id":"0001001107000T","name":""},"geometry":{"type":"LineString","coordinates":[[120.49152,22.80033],[120.47946,22.79976],[120.47434,22.80039],[120.4733,22.80005],[120.4712,22.79868]]}},{"type":"Feature","properties":{"id":"0001001108010E","name":""},"geometry":{"type":"LineString","coordinates":[[120.49487,22.86908],[120.49445,22.86844]]}},{"type":"Feature","properties":{"id":"1006601010020H","name":""},"geometry":{"type":"LineString","coordinates":[[121.26193,24.8981],[121.26222,24.89779],[121.26227,24.8974]]}},{"type":"Feature","properties":{"id":"1007401018010B","name":""},"geometry":{"type":"LineString","coordinates":[[120.68422,24.05492],[120.68114,24.05199],[120.67915,24.04915],[120.67874,24.04747],[120.67872,24.04493],[120.67832,24.0426]]}},{"type":"Feature","properties":{"id":"1007401118020B","name":""},"geometry":{"type":"LineString","coordinates":[[120.67957,24.04725],[120.68011,24.04961],[120.68116,24.05164],[120.68252,24.05324],[120.68441,24.05481]]}},{"type":"Feature","properties":{"id":"1007600001100N","name":"臺76線(埔鹽到埔鹽系統)"},"geometry":{"type":"LineString","coordinates":[[120.48137,24.01076],[120.48577,24.01056],[120.49075,24.0088]]}},{"type":"Feature","properties":{"id":"1007600001200N","name":"臺76線(埔鹽到埔鹽系統)"},"geometry":{"type":"LineString","coordinates":[[120.49075,24.0088],[120.49212,24.00798]]}},{"type":"Feature","properties":{"id":"1007600001220N","name":"臺76線(埔鹽到埔鹽系統)"},"geometry":{"type":"LineString","coordinates":[[120.49212,24.00798],[120.49317,24.00693],[120.49394,24.00562],[120.49512,24.00118]]}},{"type":"Feature","properties":{"id":"1007600001300N","name":"臺76線(埔鹽到埔鹽系統)"},"geometry":{"type":"LineString","coordinates":[[120.49512,24.00118],[120.49576,23.99996],[120.50034,23.99355]]}},{"type":"Feature","properties":{"id":"1007600001400N","name":"臺76線(埔鹽到埔鹽系統)"},"geometry":{"type":"LineString","coordinates":[[120.50034,23.99355],[120.50463,23.98717]]}},{"type":"Feature","properties":{"id":"1007600001490N","name":"臺76線(埔鹽到埔鹽系統)"},"geometry":{"type":"LineString","coordinates":[[120.50463,23.98717],[120.50555,23.98587]]}},{"type":"Feature","properties":{"id":"1007600001500N","name":"臺76線(埔鹽系統到埔心)"},"geometry":{"type":"LineString","coordinates":[[120.50555,23.98587],[120.50847,23.98161]]}},{"type":"Feature","properties":{"id":"1007600001560N","name":"臺76線(埔鹽系統到埔心)"},"geometry":{"type":"LineString","coordinates":[[120.50847,23.98161],[120.50998,23.9795]]}},{"type":"Feature","properties":{"id":"1007600001590N","name":"臺76線(埔鹽系統到埔心)"},"geometry":{"type":"LineString","coordinates":[[120.50998,23.9795],[120.51088,23.97828]]}},{"type":"Feature","properties":{"id":"1007600001600N","name":"臺76線(埔鹽系統到埔心)"},"geometry":{"type":"LineString","coordinates":[[120.51088,23.97828],[120.5141,23.97385],[120.51599,23.97276],[120.51776,23.97248]]}},{"type":"Feature","properties":{"id":"1007600001700N","name":"臺76線(埔鹽系統到埔心)"},"geometry":{"type":"LineString","coordinates":[[120.51776,23.97248],[120.52263,23.97283],[120.52406,23.97254],[120.52726,23.97137]]}},{"type":"Feature","properties":{"id":"1007600001800N","name":"臺76線(埔鹽系統到埔心)"},"geometry":{"type":"LineString","coordinates":[[120.52726,23.97137],[120.53229,23.96948]]}},{"type":"Feature","properties":{"id":"1007600001860N","name":"臺76線(埔鹽系統到埔心)"},"geometry":{"type":"LineString","coordinates":[[120.53229,23.96948],[120.53659,23.9679]]}},{"type":"Feature","properties":{"id":"1007600001900N","name":"臺76線(埔心到員林)"},"geometry":{"type":"LineString","coordinates":[[120.53659,23.9679],[120.54159,23.96596],[120.5425,23.9653],[120.54443,23.96331]]}},{"type":"Feature","properties":{"id":"1007600002000N","name":"臺76線(埔心到員林)"},"geometry":{"type":"LineString","coordinates":[[120.54443,23.96331],[120.54897,23.95844],[120.54947,23.95744],[120.54976,23.95589]]}},{"type":"Feature","properties":{"id":"1007600002100N","name":"臺76線(埔心到員林)"},"geometry":{"type":"LineString","coordinates":[[120.54976,23.95589],[120.55046,23.95362],[120.55166,23.95176],[120.55283,23.95063],[120.55487,23.94949]]}},{"type":"Feature","properties":{"id":"1007600002200N","name":"臺76線(員林到林厝)"},"geometry":{"type":"LineString","coordinates":[[120.55487,23.94949],[120.56429,23.94504]]}},{"type":"Feature","properties":{"id":"1007600002300N","name":"臺76線(員林到林厝)"},"geometry":{"type":"LineString","coordinates":[[120.56429,23.94504],[120.56533,23.94482],[120.57172,23.94483]]}},{"type":"Feature","properties":{"id":"1007600002380N","name":"臺76線(員林到林厝)"},"geometry":{"type":"LineString","coordinates":[[120.57172,23.94483],[120.57417,23.94483]]}},{"type":"Feature","properties":{"id":"1007600002400N","name":"臺76線(員林到林厝)"},"geometry":{"type":"LineString","coordinates":[[120.57417,23.94483],[120.57848,23.94466],[120.58404,23.94388]]}},{"type":"Feature","properties":{"id":"1007600002500N","name":"臺76線(員林到林厝)"},"geometry":{"type":"LineString","coordinates":[[120.58404,23.94388],[120.58622,23.94354],[120.58769,23.94304],[120.58878,23.94242],[120.59077,23.94079],[120.59245,23.94003]]}},{"type":"Feature","properties":{"id":"1007600002600N","name":"臺76線(林厝到中興系統)"},"geometry":{"type":"LineString","coordinates":[[120.59245,23.94003],[120.59396,23.93973],[120.59572,23.93978],[120.59922,23.9409],[120.60207,23.94133]]}},{"type":"Feature","properties":{"id":"1007600002700N","name":"臺76線(林厝到中興系統)"},"geometry":{"type":"LineString","coordinates":[[120.60207,23.94133],[120.60573,23.94177]]}},{"type":"Feature","properties":{"id":"1007600002740N","name":"臺76線(林厝到中興系統)"},"geometry":{"type":"LineString","coordinates":[[120.60573,23.94177],[120.60665,23.94187]]}},{"type":"Feature","properties":{"id":"1007600002750N","name":"臺76線(林厝到中興系統)"},"geometry":{"type":"LineString","coordinates":[[120.60665,23.94187],[120.61178,23.94254]]}},{"type":"Feature","properties":{"id":"1007600002800N","name":"臺76線(林厝到中興系統)"},"geometry":{"type":"LineString","coordinates":[[120.61178,23.94254],[120.61753,23.94239],[120.62153,23.94284]]}},{"type":"Feature","properties":{"id":"1007600002900N","name":"臺76線(林厝到中興系統)"},"geometry":{"type":"LineString","coordinates":[[120.62153,23.94284],[120.62581,23.94391],[120.63082,23.94582]]}},{"type":"Feature","properties":{"id":"1007600003000N","name":"臺76線(林厝到中興系統)"},"geometry":{"type":"LineString","coordinates":[[120.63082,23.94582],[120.63224,23.94639]]}},{"type":"Feature","properties":{"id":"1007600003020M","name":"臺76線(林厝到中興系統)"},"geometry":{"type":"LineString","coordinates":[[120.63224,23.94639],[120.63987,23.94937]]}},{"type":"Feature","properties":{"id":"1007600003100M","name":"臺76線(林厝到中興系統)"},"geometry":{"type":"LineString","coordinates":[[120.63987,23.94937],[120.64478,23.95165],[120.64827,23.95402]]}},{"type":"Feature","properties":{"id":"1007600003200M","name":"臺76線(林厝到中興系統)"},"geometry":{"type":"LineString","coordinates":[[120.64827,23.95402],[120.64963,23.95491],[120.65162,23.9558]]}},{"type":"Feature","properties":{"id":"1007600003240M","name":"臺76線(林厝到中興系統)"},"geometry":{"type":"LineString","coordinates":[[120.65162,23.9558],[120.65292,23.95645]]}},{"type":"Feature","properties":{"id":"1007600101100N","name":"臺76線(埔鹽系統到埔鹽)"},"geometry":{"type":"LineString","coordinates":[[120.49113,24.00924],[120.48626,24.011],[120.48144,24.01128]]}},{"type":"Feature","properties":{"id":"1007600101210N","name":"臺76線(埔鹽系統到埔鹽)"},"geometry":{"type":"LineString","coordinates":[[120.49567,24.00138],[120.49476,24.00509],[120.49425,24.00635],[120.49291,24.00806],[120.49113,24.00924]]}},{"type":"Feature","properties":{"id":"1007600101300N","name":"臺76線(埔鹽系統到埔鹽)"},"geometry":{"type":"LineString","coordinates":[[120.50086,23.99387],[120.4966,23.99977],[120.49567,24.00138]]}},{"type":"Feature","properties":{"id":"1007600101400N","name":"臺76線(埔鹽系統到埔鹽)"},"geometry":{"type":"LineString","coordinates":[[120.50437,23.98876],[120.50086,23.99387]]}},{"type":"Feature","properties":{"id":"1007600101470N","name":"臺76線(埔鹽系統到埔鹽)"},"geometry":{"type":"LineString","coordinates":[[120.50618,23.98616],[120.50437,23.98876]]}},{"type":"Feature","properties":{"id":"1007600101510N","name":"臺76線(埔心到埔鹽系統)"},"geometry":{"type":"LineString","coordinates":[[120.51058,23.97973],[120.50618,23.98616]]}},{"type":"Feature","properties":{"id":"1007600101590N","name":"臺76線(埔心到埔鹽系統)"},"geometry":{"type":"LineString","coordinates":[[120.51139,23.97858],[120.51058,23.97973]]}},{"type":"Feature","properties":{"id":"1007600101600N","name":"臺76線(埔心到埔鹽系統)"},"geometry":{"type":"LineString","coordinates":[[120.51776,23.97298],[120.51613,23.97325],[120.51463,23.97409],[120.51382,23.97496],[120.51139,23.97858]]}},{"type":"Feature","properties":{"id":"1007600101700N","name":"臺76線(埔心到埔鹽系統)"},"geometry":{"type":"LineString","coordinates":[[120.52746,23.97184],[120.52305,23.97329],[120.52168,23.97337],[120.51776,23.97298]]}},{"type":"Feature","properties":{"id":"1007600101800N","name":"臺76線(埔心到埔鹽系統)"},"geometry":{"type":"LineString","coordinates":[[120.53249,23.96995],[120.52746,23.97184]]}},{"type":"Feature","properties":{"id":"1007600101860N","name":"臺76線(埔心到埔鹽系統)"},"geometry":{"type":"LineString","coordinates":[[120.53678,23.96832],[120.53249,23.96995]]}},{"type":"Feature","properties":{"id":"1007600101900N","name":"臺76線(員林到埔心)"},"geometry":{"type":"LineString","coordinates":[[120.54503,23.96336],[120.54318,23.9653],[120.54203,23.96623],[120.53678,23.96832]]}},{"type":"Feature","properties":{"id":"1007600102010N","name":"臺76線(員林到埔心)"},"geometry":{"type":"LineString","coordinates":[[120.55024,23.95596],[120.54993,23.95759],[120.54928,23.95883],[120.54503,23.96336]]}},{"type":"Feature","properties":{"id":"1007600102100N","name":"臺76線(員林到埔心)"},"geometry":{"type":"LineString","coordinates":[[120.55455,23.95007],[120.55307,23.95093],[120.55175,23.95228],[120.55083,23.95387],[120.55024,23.95596]]}},{"type":"Feature","properties":{"id":"1007600102190N","name":"臺76線(員林到埔心)"},"geometry":{"type":"LineString","coordinates":[[120.55546,23.94963],[120.55455,23.95007]]}},{"type":"Feature","properties":{"id":"1007600102200N","name":"臺76線(林厝到員林)"},"geometry":{"type":"LineString","coordinates":[[120.56441,23.94538],[120.55546,23.94963]]}},{"type":"Feature","properties":{"id":"1007600102300N","name":"臺76線(林厝到員林)"},"geometry":{"type":"LineString","coordinates":[[120.57165,23.94517],[120.56574,23.94514],[120.56441,23.94538]]}},{"type":"Feature","properties":{"id":"1007600102380N","name":"臺76線(林厝到員林)"},"geometry":{"type":"LineString","coordinates":[[120.57416,23.94518],[120.57165,23.94517]]}},{"type":"Feature","properties":{"id":"1007600102400N","name":"臺76線(林厝到員林)"},"geometry":{"type":"LineString","coordinates":[[120.5841,23.94421],[120.57777,23.94507],[120.57416,23.94518]]}},{"type":"Feature","properties":{"id":"1007600102500N","name":"臺76線(林厝到員林)"},"geometry":{"type":"LineString","coordinates":[[120.59245,23.94016],[120.59084,23.9409],[120.5876,23.94338],[120.58605,23.94391],[120.5841,23.94421]]}},{"type":"Feature","properties":{"id":"1007600102600N","name":"臺76線(中興系統到林厝)"},"geometry":{"type":"LineString","coordinates":[[120.60206,23.94142],[120.59893,23.94093],[120.59566,23.93987],[120.59367,23.93985],[120.59245,23.94016]]}},{"type":"Feature","properties":{"id":"1007600102700N","name":"臺76線(中興系統到林厝)"},"geometry":{"type":"LineString","coordinates":[[120.60566,23.94202],[120.60206,23.94142]]}},{"type":"Feature","properties":{"id":"1007600102740N","name":"臺76線(中興系統到林厝)"},"geometry":{"type":"LineString","coordinates":[[120.6066,23.94218],[120.60566,23.94202]]}},{"type":"Feature","properties":{"id":"1007600102750N","name":"臺76線(中興系統到林厝)"},"geometry":{"type":"LineString","coordinates":[[120.61174,23.94281],[120.6066,23.94218]]}},{"type":"Feature","properties":{"id":"1007600102800N","name":"臺76線(中興系統到林厝)"},"geometry":{"type":"LineString","coordinates":[[120.62149,23.94311],[120.61688,23.94263],[120.61174,23.94281]]}},{"type":"Feature","properties":{"id":"1007600102900N","name":"臺76線(中興系統到林厝)"},"geometry":{"type":"LineString","coordinates":[[120.63071,23.94607],[120.62602,23.94427],[120.62149,23.94311]]}},{"type":"Feature","properties":{"id":"1007600103000N","name":"臺76線(中興系統到林厝)"},"geometry":{"type":"LineString","coordinates":[[120.63211,23.94662],[120.63071,23.94607]]}},{"type":"Feature","properties":{"id":"1007600103020M","name":"臺76線(中興系統到林厝)"},"geometry":{"type":"LineString","coordinates":[[120.63976,23.94962],[120.63211,23.94662]]}},{"type":"Feature","properties":{"id":"1007600103100M","name":"臺76線(中興系統到林厝)"},"geometry":{"type":"LineString","coordinates":[[120.64816,23.95427],[120.64425,23.95167],[120.63976,23.94962]]}},{"type":"Feature","properties":{"id":"1007600103200M","name":"臺76線(中興系統到林厝)"},"geometry":{"type":"LineString","coordinates":[[120.65147,23.95608],[120.64955,23.95518],[120.64816,23.95427]]}},{"type":"Feature","properties":{"id":"1007600103240M","name":"臺76線(中興系統到林厝)"},"geometry":{"type":"LineString","coordinates":[[120.65259,23.95659],[120.65147,23.95608]]}},{"type":"Feature","properties":{"id":"1008401008030D","name":""},"geometry":{"type":"LineString","coordinates":[[120.37753,23.13889],[120.37813,23.13922]]}},{"type":"Feature","properties":{"id":"3000200013305G","name":""},"geometry":{"type":"LineString","coordinates":[[121.83993,24.87696],[121.83869,24.87518],[121.83537,24.87164],[121.83281,24.86985]]}},{"type":"Feature","properties":{"id":"3000200113305G","name":""},"geometry":{"type":"LineString","coordinates":[[121.83457,24.87092],[121.83558,24.87171],[121.83818,24.87445],[121.84001,24.8769]]}},{"type":"Feature","properties":{"id":"3000200116239G","name":""},"geometry":{"type":"LineString","coordinates":[[121.83787,24.62357],[121.83594,24.625]]}},{"type":"Feature","properties":{"id":"3000200116303G","name":""},"geometry":{"type":"LineString","coordinates":[[121.84167,24.6207],[121.8408,24.62136]]}},{"type":"Feature","properties":{"id":"3000260000065C","name":""},"geometry":{"type":"LineString","coordinates":[[121.74198,25.15144],[121.74142,25.1516]]}},{"type":"Feature","properties":{"id":"3000260000118C","name":""},"geometry":{"type":"LineString","coordinates":[[121.73741,25.15272],[121.73526,25.15309],[121.73399,25.15369],[121.73334,25.1538],[121.73269,25.15358],[121.73055,25.15216],[121.72964,25.15204],[121.72804,25.15235],[121.72742,25.15228],[121.72691,25.15208],[121.72569,25.15082],[121.72405,25.14995],[121.72307,25.14842]]}},{"type":"Feature","properties":{"id":"3000260000290C","name":""},"geometry":{"type":"LineString","coordinates":[[121.72307,25.14842],[121.72185,25.14622]]}},{"type":"Feature","properties":{"id":"3000260000322C","name":""},"geometry":{"type":"LineString","coordinates":[[121.72185,25.14622],[121.72121,25.14529],[121.71935,25.14394]]}},{"type":"Feature","properties":{"id":"3000260000360C","name":""},"geometry":{"type":"LineString","coordinates":[[121.71916,25.14353],[121.71835,25.14227],[121.71532,25.14015]]}},{"type":"Feature","properties":{"id":"3000260100059C","name":""},"geometry":{"type":"LineString","coordinates":[[121.74133,25.15133],[121.74243,25.15112]]}},{"type":"Feature","properties":{"id":"3000260100118C","name":""},"geometry":{"type":"LineString","coordinates":[[121.7233,25.14818],[121.72438,25.14997],[121.72588,25.15087],[121.72724,25.15214],[121.72821,25.15227],[121.72946,25.15197],[121.73055,25.15208],[121.73283,25.15358],[121.73341,25.15372],[121.73511,25.15304],[121.73733,25.15245]]}},{"type":"Feature","properties":{"id":"3000260100291C","name":""},"geometry":{"type":"LineString","coordinates":[[121.71974,25.14354],[121.72032,25.14446],[121.722,25.14587],[121.7233,25.14818]]}},{"type":"Feature","properties":{"id":"3000260100402C","name":""},"geometry":{"type":"LineString","coordinates":[[121.71625,25.14049],[121.71653,25.14063]]}},{"type":"Feature","properties":{"id":"3000270000183G","name":""},"geometry":{"type":"LineString","coordinates":[[121.80766,24.84543],[121.80617,24.84475],[121.80078,24.84109]]}},{"type":"Feature","properties":{"id":"3000270000349G","name":""},"geometry":{"type":"LineString","coordinates":[[121.79335,24.83867],[121.7915,24.83853]]}},{"type":"Feature","properties":{"id":"3000270100185G","name":""},"geometry":{"type":"LineString","coordinates":[[121.80082,24.84099],[121.80636,24.84474],[121.80763,24.8453]]}},{"type":"Feature","properties":{"id":"3000270100268G","name":""},"geometry":{"type":"LineString","coordinates":[[121.79337,24.83857],[121.79451,24.83883],[121.79587,24.83962],[121.80082,24.84099]]}},{"type":"Feature","properties":{"id":"3000900103690F","name":""},"geometry":{"type":"LineString","coordinates":[[121.70916,24.93497],[121.70683,24.93451],[121.70239,24.93652],[121.70086,24.93668],[121.69991,24.93645]]}},{"type":"Feature","properties":{"id":"3000900106973G","name":""},"geometry":{"type":"LineString","coordinates":[[121.79078,24.83899],[121.7902,24.84117]]}},{"type":"Feature","properties":{"id":"3000900107020G","name":""},"geometry":{"type":"LineString","coordinates":[[121.7886,24.83745],[121.78965,24.83779]]}},{"type":"Feature","properties":{"id":"3000900107061G","name":""},"geometry":{"type":"LineString","coordinates":[[121.7835,24.83577],[121.78592,24.83656]]}},{"type":"Feature","properties":{"id":"3000900107090G","name":""},"geometry":{"type":"LineString","coordinates":[[121.77884,24.83185],[121.7814,24.83477],[121.7832,24.83568]]}},{"type":"Feature","properties":{"id":"3000900107152G","name":""},"geometry":{"type":"LineString","coordinates":[[121.77674,24.82932],[121.77884,24.83185]]}},{"type":"Feature","properties":{"id":"3000900107188G","name":""},"geometry":{"type":"LineString","coordinates":[[121.77358,24.82855],[121.77434,24.82882],[121.77608,24.82902],[121.77674,24.82932]]}},{"type":"Feature","properties":{"id":"3000900107278G","name":""},"geometry":{"type":"LineString","coordinates":[[121.77001,24.82232],[121.77074,24.82428]]}},{"type":"Feature","properties":{"id":"3000900107312G","name":""},"geometry":{"type":"LineString","coordinates":[[121.76862,24.8185],[121.76967,24.82141]]}},{"type":"Feature","properties":{"id":"3000900107383G","name":""},"geometry":{"type":"LineString","coordinates":[[121.7671,24.80912],[121.76771,24.81529]]}},{"type":"Feature","properties":{"id":"3001710000000D","name":""},"geometry":{"type":"LineString","coordinates":[[120.1953,23.08042],[120.19401,23.07838],[120.19256,23.07542]]}},{"type":"Feature","properties":{"id":"3001710100000D","name":""},"geometry":{"type":"LineString","coordinates":[[120.19269,23.07542],[120.19412,23.07832],[120.19541,23.08039]]}},{"type":"Feature","properties":{"id":"4010620000352F","name":""},"geometry":{"type":"LineString","coordinates":[[121.63132,25.00592],[121.63225,25.00754],[121.6334,25.00831]]}},{"type":"Feature","properties":{"id":"4010620000387F","name":""},"geometry":{"type":"LineString","coordinates":[[121.6334,25.00831],[121.63452,25.00844],[121.63894,25.0079],[121.64059,25.00811],[121.6426,25.00864]]}},{"type":"Feature","properties":{"id":"4010620000481F","name":""},"geometry":{"type":"LineString","coordinates":[[121.6426,25.00864],[121.64471,25.00851]]}},{"type":"Feature","properties":{"id":"4010620100352F","name":""},"geometry":{"type":"LineString","coordinates":[[121.63341,25.00842],[121.63225,25.0077],[121.63123,25.00596]]}},{"type":"Feature","properties":{"id":"4010620100503F","name":""},"geometry":{"type":"LineString","coordinates":[[121.64601,25.00836],[121.64473,25.00859]]}},{"type":"Feature","properties":{"id":"4010710100307F","name":""},"geometry":{"type":"LineString","coordinates":[[121.43907,25.06418],[121.43893,25.06444]]}},{"type":"Feature","properties":{"id":"6051330500000B","name":""},"geometry":{"type":"LineString","coordinates":[[120.71476,24.32737],[120.71436,24.32748],[120.71356,24.32729],[120.71206,24.32615],[120.70849,24.32239],[120.70843,24.32123],[120.70816,24.32054]]}},{"type":"Feature","properties":{"id":"6101440100000C","name":""},"geometry":{"type":"LineString","coordinates":[[121.7233,25.14818],[121.72427,25.1496],[121.72506,25.15025]]}},{"type":"Feature","properties":{"id":"6101440100010C","name":""},"geometry":{"type":"LineString","coordinates":[[121.71974,25.14354],[121.72034,25.14404],[121.72161,25.14465],[121.72227,25.14457]]}},{"type":"Feature","properties":{"id":"6101440500000C","name":""},"geometry":{"type":"LineString","coordinates":[[121.72488,25.15064],[121.72389,25.15007],[121.72307,25.14842]]}},{"type":"Feature","properties":{"id":"6101440500010C","name":""},"geometry":{"type":"LineString","coordinates":[[121.72128,25.14557],[121.71935,25.14394]]}},{"type":"Feature","properties":{"id":"6164450200070D","name":""},"geometry":{"type":"LineString","coordinates":[[120.245,22.99011],[120.24779,22.99063]]}},{"type":"Feature","properties":{"id":"6206300700170E","name":""},"geometry":{"type":"LineString","coordinates":[[120.32548,22.56532],[120.32348,22.56781]]}},{"type":"Feature","properties":{"id":"6208310000005E","name":""},"geometry":{"type":"LineString","coordinates":[[120.31876,22.57904],[120.31568,22.57682]]}},{"type":"Feature","properties":{"id":"6250670300040E","name":""},"geometry":{"type":"LineString","coordinates":[[120.31917,22.57236],[120.32548,22.56532]]}},{"type":"Feature","properties":{"id":"6250670700000E","name":""},"geometry":{"type":"LineString","coordinates":[[120.31193,22.58082],[120.30716,22.58647],[120.30636,22.58703],[120.30503,22.58709],[120.30032,22.58552]]}},{"type":"Feature","properties":{"id":"6250670700030E","name":""},"geometry":{"type":"LineString","coordinates":[[120.31924,22.5724],[120.31693,22.57512]]}},{"type":"Feature","properties":{"id":"6250670700040E","name":""},"geometry":{"type":"LineString","coordinates":[[120.32548,22.56532],[120.31924,22.5724]]}},{"type":"Feature","properties":{"id":"6250680300000E","name":""},"geometry":{"type":"LineString","coordinates":[[120.31007,22.58279],[120.31188,22.58077]]}},{"type":"Feature","properties":{"id":"6250690700000E","name":""},"geometry":{"type":"LineString","coordinates":[[120.32205,22.56949],[120.31924,22.5724]]}},{"type":"Feature","properties":{"id":"6265290000020F","name":""},"geometry":{"type":"LineString","coordinates":[[121.62262,25.0474],[121.6217,25.04833],[121.62098,25.04961],[121.62063,25.05092],[121.62069,25.05259]]}},{"type":"Feature","properties":{"id":"6265290400020F","name":""},"geometry":{"type":"LineString","coordinates":[[121.62059,25.05256],[121.62053,25.05118],[121.62079,25.04989],[121.62143,25.04857],[121.62238,25.04742]]}},{"type":"Feature","properties":{"id":"6265300300000F","name":""},"geometry":{"type":"LineString","coordinates":[[121.62067,25.04998],[121.62149,25.04833],[121.62238,25.04742]]}},{"type":"Feature","properties":{"id":"6265300700000F","name":""},"geometry":{"type":"LineString","coordinates":[[121.62262,25.0474],[121.62168,25.04851],[121.62099,25.04984]]}},{"type":"Feature","properties":{"id":"6309050700013G","name":""},"geometry":{"type":"LineString","coordinates":[[121.82863,24.6152],[121.82717,24.6163]]}},{"type":"Feature","properties":{"id":"6309060100000G","name":""},"geometry":{"type":"LineString","coordinates":[[121.84418,24.61524],[121.84603,24.61732]]}},{"type":"Feature","properties":{"id":"6309060100020G","name":""},"geometry":{"type":"LineString","coordinates":[[121.83771,24.61175],[121.84052,24.61189],[121.84156,24.61241],[121.84234,24.61317]]}},{"type":"Feature","properties":{"id":"6309230100020G","name":""},"geometry":{"type":"LineString","coordinates":[[121.8311,24.62195],[121.83339,24.62453]]}},{"type":"Feature","properties":{"id":"6309230100040G","name":""},"geometry":{"type":"LineString","coordinates":[[121.82926,24.6198],[121.83088,24.6217]]}},{"type":"Feature","properties":{"id":"6309230100070G","name":""},"geometry":{"type":"LineString","coordinates":[[121.82724,24.61741],[121.82808,24.61841]]}}]}